[Format]      =  4.0
[Frequency]   =  0
[Precision]   =  1e-008
[MinAngle]    =  30
[DoSmartMesh] =  1
[Depth]       =  1
[LengthUnits] =  millimeters
[ProblemType] =  axisymmetric
[Coordinates] =  cartesian
[ACSolver]    =  0
[PrevType]    =  0
[PrevSoln]    =  ""
[Comment]     =  "Add comments here."
[PointProps]   = 0
[BdryProps]   = 0
[BlockProps]  = 3
  <BeginBlock>
    <BlockName> = "Air"
    <Mu_x> = 1
    <Mu_y> = 1
    <H_c> = 0
    <H_cAngle> = 0
    <J_re> = 0
    <J_im> = 0
    <Sigma> = 0
    <d_lam> = 0
    <Phi_h> = 0
    <Phi_hx> = 0
    <Phi_hy> = 0
    <LamType> = 0
    <LamFill> = 1
    <NStrands> = 0
    <WireD> = 0
    <BHPoints> = 0
  <EndBlock>
  <BeginBlock>
    <BlockName> = "Copper"
    <Mu_x> = 1
    <Mu_y> = 1
    <H_c> = 0
    <H_cAngle> = 0
    <J_re> = 0
    <J_im> = 0
    <Sigma> = 58
    <d_lam> = 0
    <Phi_h> = 0
    <Phi_hx> = 0
    <Phi_hy> = 0
    <LamType> = 0
    <LamFill> = 1
    <NStrands> = 0
    <WireD> = 0
    <BHPoints> = 0
  <EndBlock>
  <BeginBlock>
    <BlockName> = "MRE_Skin"
    <Mu_x> = 1.5
    <Mu_y> = 1.5
    <H_c> = 0
    <H_cAngle> = 0
    <J_re> = 0
    <J_im> = 0
    <Sigma> = 0
    <d_lam> = 0
    <Phi_h> = 0
    <Phi_hx> = 0
    <Phi_hy> = 0
    <LamType> = 0
    <LamFill> = 1
    <NStrands> = 0
    <WireD> = 0
    <BHPoints> = 0
  <EndBlock>
[CircuitProps]  = 1
  <BeginCircuit>
    <CircuitName> = "Coil_Current"
    <TotalAmps_re> = 3
    <TotalAmps_im> = 0
    <CircuitType> = 1
  <EndCircuit>
[NumPoints] = 10
0	-50	0	0
0	50	0	0
5	0	0	0
15	0	0	0
15	10	0	0
5	10	0	0
0	12	0	0
20	12	0	0
20	15	0	0
0	15	0	0
[NumSegments] = 10
0	6	-1	0	0	0
2	3	-1	0	0	0
3	4	-1	0	0	0
4	5	-1	0	0	0
5	2	-1	0	0	0
6	9	-1	0	0	0
6	7	-1	0	0	0
7	8	-1	0	0	0
9	1	-1	0	0	0
8	9	-1	0	0	0
[NumArcSegments] = 1
0	1	180	1	0	0	0	1
[NumHoles] = 0
[NumBlockLabels] = 3
10	5	2	-1	1	0	0	300	0
10	13.5	3	-1	0	0	0	1	0
10	30	1	-1	0	0	0	1	0
[Solution]
3686
0	-50	0	-1	
0	-49.9634	0	-1	
0.031248810095755336	-49.99972729576568	1.5407958897473969e-012	-1	
0	-49.902924609375006	0	-1	
0.046484232647393285	-49.955017964480888	3.4497913364243008e-012	-1	
0.062497620191510735	-49.999454591531354	6.1877682084066569e-012	-1	
0	-49.842449218750005	0	-1	
0.083083854908716739	-49.883825650992826	1.110104375122743e-011	-1	
0.093432448444877664	-49.963203131812492	1.3944982769240896e-011	-1	
0.12499524038302139	-49.998909183062707	2.4871926051654978e-011	-1	
0	-49.721498437500003	0	-1	
0.081962060569456652	-49.781973828125004	1.087620799127758e-011	-1	
0.1664711086247638	-49.930442912512561	4.4504375846848486e-011	-1	
0.19953166953495402	-49.773416722665139	6.4476176951255413e-011	-1	
0.24999048076604288	-49.997818366125415	1.0003784955658533e-010	-1	
0	-49.479596874999999	0	-1	
0.13006952215924084	-49.630994847942794	2.7576393954520992e-011	-1	
0.28193955608188959	-49.872760427436106	1.2823830052343101e-010	-1	
0.34369357042956195	-49.737682582689978	1.9177473284283761e-010	-1	
0.37498572114906431	-49.996727549188108	2.2577796275006938e-010	-1	
0	-48.995793750000004	0	-1	
0.30781248178081305	-49.346719871260184	1.5667471999144907e-010	-1	
0.43624121431418539	-49.853848481475794	3.0749480534225042e-010	-1	
0.57624790579117735	-49.647358617499798	5.4114626084973734e-010	-1	
0.49998096153208565	-49.995636732250816	4.0207710779358425e-010	-1	
0	-48.51199062500001	0	-1	
0.42785931988254988	-48.930960714023634	3.0770251675586633e-010	-1	
0.73786728240059418	-49.232891142002799	9.02817104966633e-010	-1	
0.64547845777353396	-49.84500855797581	6.7312617309962425e-010	-1	
0.92780931463198901	-49.635167335099382	1.4024938298884314e-009	-1	
0.8726203218641756	-49.992384757819565	1.2218640039999865e-009	-1	
0	-48.028187500000001	0	-1	
0.54697812786687139	-48.270089062500006	5.1588199498797101e-010	-1	
1.029864381260327	-48.622966243100166	1.8034001727674557e-009	-1	
1.4779175908872828	-49.129443300218128	3.6319507849111787e-009	-1	
1.308797578494612	-49.980963054387182	2.7549644764358536e-009	-1	
1.5165274146544634	-49.579665890079248	3.7580850419877469e-009	-1	
0	-47.060581249999998	0	-1	
0.54094201570020661	-47.544384375	5.2159023805150275e-010	-1	
1.3542856180576845	-47.672184234073484	3.2421157311151712e-009	-1	
1.831066161924404	-48.365608711240498	5.7623008948012382e-009	-1	
2.1596746150937323	-49.464681045005221	7.6543701094630413e-009	-1	
1.7449748351250485	-49.969541350954792	4.8973559502130289e-009	-1	
0	-46.092974999999988	0	-1	
0.70261235723162652	-46.819304014095486	9.1564705120720975e-010	-1	
2.7046327463000273	-47.254344005640988	1.3168237948130884e-008	-1	
1.2865024814828523	-46.360009825255489	3.1259011449908524e-009	-1	
3.0028521368623666	-49.096198453796738	1.5034901250093939e-008	-1	
3.4419811866889791	-48.080027981672387	2.0529415873792976e-008	-1	
2.6167978121471913	-49.931476737728708	1.1025971924215423e-008	-1	
0.87180763224995517	-45.125368749999993	1.5034237631879956e-009	-1	
0	-44.15776249999999	0	-1	
2.7997678674442121	-46.158487892358316	1.4813284033303146e-008	-1	
4.2740748189758992	-46.949006985855902	3.3141106077945321e-008	-1	
1.961431672296724	-45.446347641986414	7.5213061316414534e-009	-1	
3.4878236872062649	-49.87820251299123	1.9625950388750053e-008	-1	
3.8645067251480327	-49.10321365405494	2.4831039420086518e-008	-1	
4.2322571946304466	-48.352516726528997	3.063913694853557e-008	-1	
1.9259352908724485	-43.556889165179676	7.8939056807034157e-009	-1	
0	-42.222549999999991	0	-1	
0.91066561958141146	-42.965210372342938	1.8158942963618948e-009	-1	
3.917815239952013	-45.843385697838968	2.9293961951361534e-008	-1	
3.0382309443582303	-45.084669158473112	1.8316925968216482e-008	-1	
5.3728352040797729	-47.180111241042745	5.1737503872868683e-008	-1	
5.1940475843874996	-45.302616488279085	5.2456790427265233e-008	-1	
5.0725243904701127	-48.262006326468395	4.4120466772555157e-008	-1	
4.3577871373829087	-49.809734904587287	3.0638260194621658e-008	-1	
4.7211106353122512	-49.030608606981048	3.7056044195108956e-008	-1	
2.7375146483072235	-42.753210528510849	1.6567866834669906e-008	-1	
3.2019042609010437	-43.796715531932996	2.1462155274361165e-008	-1	
1.4759315595037938	-41.935001307880867	5.0139297712864527e-009	-1	
0	-41.254943749999995	0	-1	
4.169893143783753	-44.661938636849548	3.4911375199600837e-008	-1	
6.2038831536307324	-45.597577423735181	7.349305757960481e-008	-1	
5.9137962377321518	-48.164003877822203	5.9934430346973571e-008	-1	
6.6444986700556097	-46.552892972148157	8.0700533853816717e-008	-1	
6.0392684285157827	-44.450668317470637	7.3423982521495856e-008	-1	
5.5760914631579377	-48.940726663741415	5.1716336081245593e-008	-1	
5.2264231633826741	-49.726094768413681	4.4080776786682191e-008	-1	
2.9484988924540501	-41.630692798952026	2.0260805115919406e-008	-1	
3.8492073375002365	-42.381073368024936	3.3170971266132108e-008	-1	
4.4253355801850853	-43.402064528319961	4.1749790734315956e-008	-1	
1.0972482873931797	-40.771140625000001	2.9465820424148235e-009	-1	
2.2000334355646567	-40.300094783367314	1.2046628280629691e-008	-1	
0	-40.287337499999992	0	-1	
7.0638891348775772	-44.991640510704137	9.7522555215697317e-008	-1	
6.42937567634507	-48.835956735853117	6.8805182249867928e-008	-1	
7.1833500136418671	-48.064917255797262	8.8404825242467221e-008	-1	
7.6820053682815859	-46.485404190926353	1.0753347215864322e-007	-1	
7.9472190535140541	-47.490708416332772	1.1034318403679124e-007	-1	
5.7093441488890084	-43.339971025014243	6.9057878745851146e-008	-1	
7.1946706631173694	-43.503115361362198	1.0800424546046476e-007	-1	
6.0934671702573748	-49.627307582066116	5.9945961097706128e-008	-1	
3.5721074997389834	-40.96950077501571	3.0645640934966541e-008	-1	
4.2341965906210088	-41.592156878600882	4.1641775209890345e-008	-1	
5.0200642919123055	-42.393423711122374	5.6088732350779525e-008	-1	
1.2557152558380065	-39.390028443925139	4.1520326881389772e-009	-1	
2.5605919577547787	-39.258672593112379	1.7259854031841716e-008	-1	
3.6468548400967573	-39.444671455273962	3.441434141506542e-008	-1	
0	-38.352125000000001	0	-1	
7.8974708413030674	-44.327969975314261	1.2484195787544717e-007	-1	
8.6793694479802745	-45.051814993055046	1.4523108985230643e-007	-1	
6.9586550480032736	-49.51340343707853	7.8181756658137248e-008	-1	
7.8217232520115454	-49.384417029756897	9.9082053971960216e-008	-1	
8.1049420294423289	-48.433223755337259	1.1028846804566701e-007	-1	
8.6735346719954958	-46.798205284804212	1.3456753307456764e-007	-1	
8.8564155321758609	-47.784942106761633	1.3461233230743156e-007	-1	
6.5286641489107984	-42.72363178980234	9.25917814972387e-008	-1	
5.907763899010968	-41.949073442550755	7.8911058128206758e-008	-1	
7.5272439247541767	-42.544691548972303	1.2337164392180457e-007	-1	
8.3770587263874887	-43.376490862925458	1.462466449789911e-007	-1	
4.4519926052888934	-40.741762353513579	4.8041009800604741e-008	-1	
5.0992179517977236	-41.44267779306832	6.0542566047841958e-008	-1	
1.9997007275261085	-38.31000845120974	1.1104195069199702e-008	-1	
3.3045774294428854	-38.17865260039698	3.044838977619147e-008	-1	
4.9054638885117772	-39.561850701024689	6.1871385927899069e-008	-1	
5.2247701300779248	-38.338792551759589	7.4511588125832263e-008	-1	
4.3580513386500872	-37.648442214844053	5.4051417792355994e-008	-1	
0	-36.416912500000002	0	-1	
1.1639980698251025	-37.190069218270949	3.9754284933742627e-009	-1	
9.9402184472585979	-45.24384280686926	1.871369253270466e-007	-1	
9.5479864972966517	-43.583863597588717	1.8658010556988099e-007	-1	
8.6824088833465201	-49.240387650610415	1.2205229963805339e-007	-1	
9.599779644168569	-47.184424414769367	1.613518109913267e-007	-1	
10.301484800044372	-46.466995087905559	1.905693620516826e-007	-1	
9.5404497688272425	-49.081359172383209	1.477364723300414e-007	-1	
9.7902998504870844	-48.120861146416942	1.6129131970302401e-007	-1	
6.882562055190375	-41.761386713312874	1.0770579154025206e-007	-1	
6.0941935820384829	-40.292069951670534	9.1143018572909577e-008	-1	
8.6416627079006396	-42.256146072646551	1.6362959341146867e-007	-1	
8.4609895736907497	-41.119244610464158	1.6599437205661817e-007	-1	
2.5570590317314306	-37.299814259054912	1.9160885013463819e-008	-1	
3.474153077646621	-36.980228988928424	3.5892554396945989e-008	-1	
5.9757839181622803	-39.174642016806956	9.2990250496582986e-008	-1	
5.5227237688761841	-37.075470877775643	8.9031427743636243e-008	-1	
6.3556371221979244	-37.938709907311278	1.1193454727808791e-007	-1	
4.3400997766251646	-36.540533016166478	5.715887634749155e-008	-1	
0	-35.449306250000006	0	-1	
1.1794566048165287	-35.904010272940901	4.4187238486473051e-009	-1	
2.4415003662136452	-36.151865314217325	1.8518002580612294e-008	-1	
11.091971212049781	-45.791638799055484	2.258102867202109e-007	-1	
11.110084500952103	-44.26886484196006	2.4181998648511973e-007	-1	
10.636523833734223	-43.225158320386278	2.3297861104830216e-007	-1	
9.8081750264085112	-42.433059044970918	2.0707061509726209e-007	-1	
10.518690872610128	-47.446748366474964	1.9038661837287739e-007	-1	
11.240644382059358	-46.82065346025999	2.2174480391000032e-007	-1	
10.395584540887969	-48.907380036690299	1.754205631274987e-007	-1	
7.321632981560815	-40.579641551950452	1.2872924273647388e-007	-1	
7.0666028483328711	-38.904864145782909	1.3073358894702812e-007	-1	
8.2818952045245879	-40.024736169578773	1.6816327212087147e-007	-1	
9.5457185787078966	-40.379843627559623	2.1685508651338261e-007	-1	
10.374430772155479	-41.397972758994811	2.4185893497250391e-007	-1	
3.4597979207697516	-36.009152182797237	3.7591430955290832e-008	-1	
5.2946414841395022	-36.00498499450736	8.7135255761730222e-008	-1	
6.8306274878015767	-36.646959976891722	1.3841160665096955e-007	-1	
7.956921919062907	-37.437968563611825	1.7799261299893626e-007	-1	
7.9482750894476668	-38.436353812597261	1.6838373031520842e-007	-1	
4.7054896909035868	-35.137854193821546	7.2683452349644244e-008	-1	
0	-34.481700000000004	0	-1	
0.96956465510534584	-34.877874289139818	3.1777766181180541e-009	-1	
1.989884798722541	-35.114425535879228	1.3170011385365552e-008	-1	
3.666017097495831	-35.00179395523115	4.4606219804371759e-008	-1	
12.073371130903348	-45.448376386710713	2.6901149265427505e-007	-1	
11.681508300239503	-43.159931002389783	2.7920020817980426e-007	-1	
12.403943801322452	-43.917779328260714	3.0217544498027267e-007	-1	
11.148713272611666	-42.189380277553866	2.6705868090127168e-007	-1	
11.247552717193253	-48.718503239261786	2.0586489092936518e-007	-1	
11.463729699244102	-47.749870680640129	2.2175042155438145e-007	-1	
12.168150808496231	-47.050748071915066	2.5555741380285264e-007	-1	
8.756604240820538	-39.022401469443466	1.9693219129870999e-007	-1	
11.319057362191973	-39.782756244147876	3.0832943357224462e-007	-1	
10.115607162247763	-39.140466636314819	2.5757886400763417e-007	-1	
12.11270788112442	-40.910241905271768	3.3152777082086314e-007	-1	
5.7457240178086293	-35.007745754050973	1.0842646348614567e-007	-1	
7.2753744915689706	-35.642325567074266	1.6546725798570687e-007	-1	
8.6378330270505419	-36.652321358894717	2.1751073132461923e-007	-1	
9.516759275822217	-38.15306164647361	2.415753094611844e-007	-1	
5.0997825747761354	-34.066818079080072	9.0732724212282485e-008	-1	
0	-32.546487500000005	0	-1	
0.96109687709504732	-33.514093750000001	3.3898593425615878e-009	-1	
1.6662443336331623	-34.191632014006011	9.7454216413490872e-009	-1	
2.7783352649713491	-34.319751564354888	2.6895022926163858e-008	-1	
3.2547402666568392	-33.363239086072767	3.9081929049375045e-008	-1	
4.3158810298519743	-33.237310028957253	6.8605354552281679e-008	-1	
12.923716949034265	-46.202067687599943	2.964604870616493e-007	-1	
13.329717568770587	-44.887457552513105	3.3172199556418524e-007	-1	
12.252009332247811	-42.281992672706082	3.1780297247215552e-007	-1	
13.572075298369001	-43.259902643241269	3.6810636378063676e-007	-1	
12.096094779983391	-48.514786313799846	2.3822784679594257e-007	-1	
12.940952255126041	-48.296291314453441	2.7339705649543498e-007	-1	
13.123192759214769	-47.320704352742673	2.9151686972300951e-007	-1	
11.18224437358692	-38.590511290769506	3.198510663082751e-007	-1	
12.176488409124895	-39.080391672979488	3.6554161459299745e-007	-1	
10.53592548275976	-37.662022891464119	2.9995035740864433e-007	-1	
13.176673934148834	-39.558024279288588	4.129372206009213e-007	-1	
13.465857367164544	-41.174989956579161	3.9840170324251321e-007	-1	
6.8271905181991093	-34.639219729804971	1.5518549161405895e-007	-1	
8.3740423909576176	-35.646689235516369	2.166984185954004e-007	-1	
7.9052520916800573	-34.260848925173875	2.1008656943712646e-007	-1	
9.6167084876876974	-37.002584545403309	2.6151990146432487e-007	-1	
9.7070977088220243	-35.672349705641416	2.8641645552161951e-007	-1	
5.6888145977137725	-32.725015873179423	1.2226854976711446e-007	-1	
6.9315996291321236	-33.501467577722813	1.7066645245887885e-007	-1	
0	-30.611275000000003	0	-1	
1.2130145580652902	-31.862609765042063	6.0471830175633886e-009	-1	
2.3988065139216044	-32.723508472713569	2.218453176272876e-008	-1	
3.6276587596146324	-31.971821464461907	5.2886471794125134e-008	-1	
4.7242346363410892	-31.507538492069706	9.1752108988869787e-008	-1	
14.092207278657042	-46.043574326888269	3.5077120626952905e-007	-1	
13.986616979840777	-47.218027597396514	3.3005295776855423e-007	-1	
14.704954220841984	-44.845499701057577	3.9894017845189929e-007	-1	
13.724914302387036	-42.206954077665721	3.936367694392616e-007	-1	
15.195261832703881	-43.529972498176733	4.4758947609490872e-007	-1	
14.787401712768022	-42.150554204627433	4.5211180316741338e-007	-1	
13.781867790849962	-48.063084796915959	3.1057800320499661e-007	-1	
11.74729061627716	-37.531791041445409	3.7041562389573237e-007	-1	
13.155811343354564	-38.315677072725428	4.3807079212082731e-007	-1	
10.978030175011261	-36.075370308836533	3.5251789239657708e-007	-1	
14.38419587797731	-39.813057711926476	4.7848958081268306e-007	-1	
14.396230040561768	-38.243404775344494	5.169287776822506e-007	-1	
15.232779371653509	-40.709192384199937	5.0901562703048912e-007	-1	
8.9855115916373478	-34.858927984692151	2.5923305657496374e-007	-1	
9.0750993040603163	-33.865732931612008	2.7983592190266991e-007	-1	
8.1535305964569638	-32.799867559257748	2.4338455391445216e-007	-1	
10.634284619428469	-34.953913788189219	3.5342995494432093e-007	-1	
9.866869133368942	-34.392375463197638	3.1744161062319674e-007	-1	
5.9103919231301978	-31.612744113919671	1.411017139909181e-007	-1	
6.8722305323471433	-32.213669622951443	1.8184475629896402e-007	-1	
0	-28.6760625	0	-1	
0.82152944953583951	-29.643668750000003	3.2195518456473097e-009	-1	
2.0241604642552278	-30.730737248668934	1.7908580026560684e-008	-1	
2.5901060712318325	-31.655940853944582	2.7663429029720208e-008	-1	
3.3719479143524453	-30.949806864843232	4.90266439836401e-008	-1	
5.4605414602216324	-30.571648758725715	1.2958709395127949e-007	-1	
3.7099811806295282	-29.951991556728316	6.3257205890018239e-008	-1	
14.811982083723764	-46.977605389435325	3.7076184948874363e-007	-1	
14.881721994200339	-46.179514235655411	3.859387854082565e-007	-1	
14.618585236136839	-47.815237798151792	3.5009355345958298e-007	-1	
15.802705026372008	-44.795684211891782	4.5578435848790517e-007	-1	
16.018931986184985	-42.893842770172533	5.0589531576952715e-007	-1	
16.57826160761341	-43.771478188315513	5.1853785895633587e-007	-1	
16.197957763138543	-41.868638730104188	5.3936482161506201e-007	-1	
12.817502185202679	-36.967669605175509	4.4707735082108052e-007	-1	
12.124498367808391	-36.401188837728476	4.1605777677024942e-007	-1	
13.705928635317584	-37.07654197791841	5.0168340033276804e-007	-1	
11.689852170150182	-35.243774524811464	4.1418140469132296e-007	-1	
15.52267657131174	-39.336598891570382	5.6081241448568533e-007	-1	
15.905051750230959	-37.810493455533503	6.2955953447864449e-007	-1	
14.906820017670663	-37.177162526943803	5.7965407536027487e-007	-1	
16.644919900318307	-40.178396487717428	6.1007694632693694e-007	-1	
9.2075905354440231	-32.81984220357235	3.0600267277889949e-007	-1	
10.025780536392984	-33.454826006012972	3.4550913727662409e-007	-1	
8.8097143952637733	-31.553723551330393	3.0450761364675125e-007	-1	
7.555304200256634	-31.12034504800809	2.3412166636380567e-007	-1	
10.988836950316164	-33.835826859839095	4.0053231682642928e-007	-1	
6.5401705441171343	-30.722884517148117	1.8199889111284998e-007	-1	
0	-26.740850000000002	0	-1	
1.1879101017082248	-28.428375489421526	7.4202254321550278e-009	-1	
1.2761836042835035	-27.218132929563037	9.1190435545141631e-009	-1	
1.9417279840303416	-29.61315930088502	1.7922361870166816e-008	-1	
4.8921061004327999	-29.394969450353052	1.1349886637018976e-007	-1	
6.1930585683816197	-29.2716178020118	1.8091741968419734e-007	-1	
2.8973667102680567	-29.027898497410462	4.136519486908886e-008	-1	
3.5637534113785718	-27.993384590155785	6.7251278605250675e-008	-1	
15.450849718747374	-47.552825814757696	3.9180588695155847e-007	-1	
15.581782192019663	-46.569038130024168	4.1364119312432954e-007	-1	
16.222590216045436	-45.811181548912195	4.5897840927719296e-007	-1	
16.878308988688971	-45.02066094457917	5.0888682899720933e-007	-1	
17.058420889863449	-42.848413702639284	5.6706083005073965e-007	-1	
17.697839876609859	-44.401581742525188	5.6777370218556278e-007	-1	
17.828224138232837	-43.43970000503348	5.9802497882152339e-007	-1	
17.237817219678085	-41.823135603418436	6.0350290076667065e-007	-1	
17.363139264082886	-40.848725690079867	6.3790340501667186e-007	-1	
13.292811749352769	-36.20922674705244	4.9700105044132604e-007	-1	
12.773106493771973	-35.40126157547445	4.8271507113865896e-007	-1	
14.580780644097388	-36.040820596062716	5.9093292373634726e-007	-1	
12.423770751657925	-33.999866372401314	4.9563570824030092e-007	-1	
16.892765618032527	-39.035087222750732	6.5943805294788499e-007	-1	
16.116566399556735	-36.45774648885174	6.8844511409743019e-007	-1	
17.316931193635686	-37.116371696296703	7.531324390540357e-007	-1	
15.503963514430067	-35.677258243165568	6.6960497700572252e-007	-1	
17.6650366365573	-39.913825550749841	6.8489863503801761e-007	-1	
10.005082333504062	-32.130314703453706	3.7268171752190068e-007	-1	
10.849831506867199	-32.779531144010306	4.1611436103073727e-007	-1	
8.5500700579938531	-30.273132972337429	3.1298741992661578e-007	-1	
9.9827241976470962	-30.649274402483233	4.0757961506564567e-007	-1	
7.6850943980126507	-29.293773732567907	2.7251603661531091e-007	-1	
11.789142696934416	-33.193214737755284	4.7234015891420896e-007	-1	
0	-25.773243750000002	0	-1	
0.80531781715247575	-26.257046875	3.9491877929122531e-009	-1	
2.3032126284612291	-27.950275563916293	2.8253273323136501e-008	-1	
2.5410527667054259	-26.711625685144586	3.7949073839541554e-008	-1	
1.6811625271459907	-25.91719647503059	1.7681320431647054e-008	-1	
5.4532960146979175	-28.391617859851998	1.5049876847309496e-007	-1	
6.7926635073631063	-28.016629596934511	2.3634106066572622e-007	-1	
4.564594052544888	-26.486873093291198	1.2216845443364875e-007	-1	
3.5435927835692693	-26.107107274706511	7.6546557544218746e-008	-1	
5.3447789461125765	-27.247121210726483	1.5695569265395402e-007	-1	
16.278407722857835	-47.275928779965859	4.357296972959719e-007	-1	
17.101007166283441	-46.984631039295429	4.8232424328603528e-007	-1	
17.197526183971373	-45.996873174019179	5.0604231424061122e-007	-1	
18.048715945887885	-45.819334755471111	5.5566674297868663e-007	-1	
18.035759143349942	-42.491467040910159	6.3476875141296973e-007	-1	
18.792317639343747	-45.368668113326812	6.074961206511946e-007	-1	
18.583105271696851	-44.031802821107838	6.2779964132797329e-007	-1	
18.679986374323967	-43.129293388294599	6.5716654888097761e-007	-1	
18.836320484548896	-41.850288164573669	7.03114712764697e-007	-1	
18.507462798233831	-40.547034914519635	7.2124807724985629e-007	-1	
13.794157556468129	-35.389742974882914	5.5429641238776495e-007	-1	
13.219337473548425	-34.545788104605649	5.3784806991251796e-007	-1	
14.69863379302336	-35.09769958665288	6.2960696559256343e-007	-1	
13.349022400056676	-33.589682061057587	5.7746473854283363e-007	-1	
18.058438306747281	-38.936138963885455	7.4337869218788964e-007	-1	
16.618145766664721	-35.183744549591964	7.738722652004442e-007	-1	
18.3719387288719	-37.4589873812604	8.1877177711133084e-007	-1	
18.23278160714889	-36.358504895047147	8.5235209652657694e-007	-1	
15.282164248046245	-34.131666435165677	7.093656139813256e-007	-1	
19.175021884762852	-39.380423892105796	8.0601745671183939e-007	-1	
11.468522957044827	-31.100305851343535	5.0966201439542857e-007	-1	
11.693634332237334	-32.136833134369688	4.9631158646884016e-007	-1	
8.8264773531855116	-29.157353139310977	3.5790072421818264e-007	-1	
9.9077451068126674	-29.513374261456242	4.3236716043008698e-007	-1	
10.98737129607545	-30.012534431116187	5.0481993653278671e-007	-1	
8.0370254784560125	-27.395272402856996	3.3966524784131117e-007	-1	
13.399981607441399	-32.578868061688837	6.1560237256526501e-007	-1	
0	-24.805637500000003	0	-1	
0.91883402271722103	-25.251079081288861	5.5989660136751568e-009	-1	
2.6598120513935557	-25.546968986253322	4.5455698125511413e-008	-1	
1.7999218118341216	-24.752539776139333	2.2239111882977347e-008	-1	
6.7436929439126798	-26.361868284877524	2.6279037828603972e-007	-1	
5.4034583240904563	-25.791910934508834	1.7973627150852573e-007	-1	
3.7815903468255887	-25.122595243669672	9.4382752188023797e-008	-1	
17.918397477265021	-46.679021324860109	5.3065590230351009e-007	-1	
18.730329670795612	-46.359192728339387	5.8116746403126046e-007	-1	
19.536556424463697	-46.025242672622028	6.3382032297837747e-007	-1	
19.378699284527737	-44.567957124653702	6.6123211037548995e-007	-1	
19.469478686227408	-43.574886323597205	6.9349154528158185e-007	-1	
19.464919560446567	-42.660764576483963	7.1940992207706141e-007	-1	
19.861913505881997	-41.837335671562073	7.7025539762140841e-007	-1	
19.841221222403558	-40.380587092121111	8.1709292529741014e-007	-1	
14.167650771635078	-34.309395309042159	6.1578144501072198e-007	-1	
14.290873742897743	-33.219198822400813	6.6361308515638581e-007	-1	
19.428052442919711	-37.798177932408976	8.8419667577177433e-007	-1	
17.632946712337084	-34.52589185238606	8.8280253007844352e-007	-1	
16.205007056194955	-33.635453870448835	8.0408097391336015e-007	-1	
19.421159297318461	-36.388547096627207	9.435725063583383e-007	-1	
18.614322102796677	-35.232640374534412	9.3088348855308423e-007	-1	
15.36715248134589	-33.006275462253548	7.6120513421587207e-007	-1	
20.346241114145791	-39.111363488364482	8.9980414308940225e-007	-1	
12.320288754613753	-30.257220434944987	6.1024036288145063e-007	-1	
12.807309942744215	-31.35225849618493	6.1087877704567957e-007	-1	
9.6880563853338444	-28.396401629695518	4.4806749587330418e-007	-1	
10.92352253581468	-28.733498088004179	5.4400598240360791e-007	-1	
12.541940940118987	-29.079439342418496	6.7808011517066252e-007	-1	
8.1604240416719005	-25.914813879528367	3.8898527500110877e-007	-1	
9.3773736369662437	-26.766880970321729	4.7242052616235636e-007	-1	
13.991509498819239	-31.536566403350797	7.0507494139072738e-007	-1	
0	-22.870425000000001	0	-1	
1.0203553228456055	-23.696345660065624	7.822844207446346e-009	-1	
2.9515531915463047	-24.5421255198872	6.071592773372249e-008	-1	
2.7707494809661486	-23.289282153856771	5.9431188819439961e-008	-1	
6.3309851072360495	-25.47160030642182	2.4882322418430973e-007	-1	
7.2743214425437657	-25.575086133144982	3.2177543919289247e-007	-1	
5.6252547135428443	-24.789801624012163	2.0974358172407464e-007	-1	
4.6246681436466393	-24.561233855721063	1.4623381964573847e-007	-1	
4.2247373931992795	-23.456454869965537	1.3367917003767965e-007	-1	
20.33683215379002	-45.677272882130055	6.890523692117232e-007	-1	
20.364213550407193	-44.685188319045928	7.169938847625931e-007	-1	
20.403363392645364	-43.225186637005137	7.6166633969152693e-007	-1	
21.096197859135398	-42.67150616820598	8.2406304834508924e-007	-1	
21.158652533968773	-41.002615494693174	8.8586223267024348e-007	-1	
21.43863636766633	-41.853387883749939	8.7462546065471357e-007	-1	
21.273585910189318	-40.114361632250748	9.2714905722078481e-007	-1	
20.543212602013156	-37.996044825102373	9.599268876954e-007	-1	
20.741974771983983	-36.881043889030138	1.0251390358397461e-006	-1	
17.223171560706888	-33.388053790241429	9.0154671159005967e-007	-1	
18.249216420747548	-32.671884807413662	1.0267313763741552e-006	-1	
19.272527022949166	-33.391955274939015	1.0787887008253642e-006	-1	
17.045339767526187	-32.330787943445443	9.3767767690853691e-007	-1	
16.070829917613501	-31.883836301888728	8.728873959452073e-007	-1	
19.777121151181724	-35.280536784574934	1.023646673296682e-006	-1	
20.72751215668519	-35.798681655876685	1.0758345055494388e-006	-1	
15.070603910099262	-31.015170925046316	8.237249408259253e-007	-1	
21.698326355769623	-39.305886357897435	9.9031554843794646e-007	-1	
21.85154003572239	-38.262298657958958	1.0469346850583568e-006	-1	
13.568515353442951	-30.357889260358601	7.1769356819162764e-007	-1	
10.54979189227384	-27.670675423240631	5.4940041061580734e-007	-1	
11.976485632106712	-27.766113862001635	6.8298150685487965e-007	-1	
13.745894208375882	-29.00443050981071	7.9732996965964634e-007	-1	
13.708650734190533	-27.798717973280439	8.5753524791634788e-007	-1	
9.2390590499537151	-25.669349506231125	4.98366635766985e-007	-1	
8.3815178397442605	-24.393723042212905	4.6039218355268009e-007	-1	
10.846348281897079	-26.58378954218864	6.2233828530107471e-007	-1	
10.274508682096904	-25.719131429034192	6.0126350038639051e-007	-1	
0	-21.902818750000002	0	-1	
0.77204689946752592	-22.276923679004582	5.0353791547225629e-009	-1	
1.5958344128285844	-22.516475438992575	2.1131763322559474e-008	-1	
3.7916214505642269	-22.540865890501308	1.1755969806881251e-007	-1	
2.9159717010010926	-22.031817646057789	7.3467698708757621e-008	-1	
6.4925473647799326	-24.240966343013966	2.8881696086442179e-007	-1	
5.3995532155719479	-23.473454753001064	2.1635204721252352e-007	-1	
4.8362736316262644	-21.797511538463844	2.0134635341108602e-007	-1	
21.130913087034983	-45.315389351832515	7.4590483617303273e-007	-1	
21.200945402812302	-44.448706378883983	7.7518811633937888e-007	-1	
21.250093087998511	-43.544946445511393	8.0561286465719416e-007	-1	
22.440397278035864	-43.107602093239279	8.9729169082660611e-007	-1	
21.985059238994523	-40.657280059207864	9.5611364701155977e-007	-1	
22.397765053805649	-41.451401351172649	9.5434745399313744e-007	-1	
22.975705532422783	-42.315985535694111	9.615226319488667e-007	-1	
22.40033825989282	-39.890023329695779	1.0168582495457256e-006	-1	
22.439947519882679	-37.386897977257995	1.1333375856316961e-006	-1	
21.831906636152567	-36.325202385765884	1.1383868112699565e-006	-1	
19.43710320296595	-32.335826321823085	1.153167256941961e-006	-1	
18.72437798928587	-31.539260910558355	1.1351373139249677e-006	-1	
17.50869371659623	-31.363969276192744	1.0321063096066642e-006	-1	
20.7961395265243	-34.718400463266555	1.1379475093945308e-006	-1	
20.628522261468234	-33.062372107262419	1.2167293164090521e-006	-1	
16.204589391265475	-30.565830229732384	9.5376688413375965e-007	-1	
21.636247936740638	-35.314090752493129	1.1753950899011561e-006	-1	
14.795323528253521	-29.599264856244069	8.6922088979154418e-007	-1	
22.570264950333492	-39.034298798052738	1.0658999197191524e-006	-1	
12.026976952823007	-26.586562094510686	7.4493087565361725e-007	-1	
13.106455459160086	-26.861562690448054	8.463226664562524e-007	-1	
15.373558845299957	-28.277821250780573	1.003547168586414e-006	-1	
14.717927127627819	-27.423803048365748	9.8731073001859599e-007	-1	
13.876197176625633	-26.133253850104488	9.7686237011702183e-007	-1	
9.8735314334876865	-24.763175662985777	6.0113216307520069e-007	-1	
9.3977453544822875	-23.48717820794149	6.0822065270068483e-007	-1	
8.2733880756839362	-23.249647921690933	4.9082487352858746e-007	-1	
11.582814740731779	-25.475307749470179	7.5528663047028909e-007	-1	
10.878924176186484	-24.757403888499763	7.1462004049440568e-007	-1	
0	-20.935212499999995	0	-1	
0.76988270053646446	-21.419015625	5.526001588341378e-009	-1	
1.5709314913943988	-20.988776539130146	2.368669953214949e-008	-1	
3.8290282866403933	-21.528693312481241	1.3109467123504068e-007	-1	
3.0798427728183695	-20.748629024197513	9.140392396952908e-008	-1	
6.9031796768814777	-22.88339832300829	3.6239748692079025e-007	-1	
5.8427087282478167	-22.391881576116599	2.7543342492562723e-007	-1	
5.7557359367695655	-21.231745096421911	2.9700125728273698e-007	-1	
4.1398145154287462	-20.533596159630502	1.6786521093049737e-007	-1	
21.918557339453884	-44.939702314958367	8.0478940039732822e-007	-1	
21.978538573165423	-44.082128618771769	8.3504795760945445e-007	-1	
23.473578139294553	-44.147379642946362	9.2896842929706679e-007	-1	
22.699524986977348	-44.550326209418408	8.6553439587649503e-007	-1	
23.431688515429023	-43.15580171832169	9.6106020861277886e-007	-1	
22.879212963150383	-40.619282249942771	1.0209502510912323e-006	-1	
23.43658048848922	-41.402580232668178	1.0283413915324524e-006	-1	
23.931160811439067	-42.298183535964874	1.0270385833362951e-006	-1	
23.151739184859256	-39.594499834265832	1.0842053839519823e-006	-1	
23.483473378045254	-38.66829014220226	1.1514278260287443e-006	-1	
23.534282132041177	-36.882989111957578	1.2448582462693307e-006	-1	
22.815647813266207	-35.493994872357817	1.2629178490709986e-006	-1	
20.300675476304221	-31.705956007107403	1.2723856827716225e-006	-1	
19.604968340616704	-30.748464725022789	1.2690922213690119e-006	-1	
18.151368489998379	-30.452856049712359	1.1479584439410587e-006	-1	
17.203472639666877	-29.865785668276441	1.0917190055015884e-006	-1	
22.171426670695038	-33.669070338556459	1.3163870637274672e-006	-1	
21.610522019828348	-32.830274220971042	1.3187711487109894e-006	-1	
16.040949168808748	-29.357090386112059	1.0064475052587106e-006	-1	
12.880432755873521	-25.77077723445376	8.8586051966936619e-007	-1	
16.48846747574661	-28.334374914404883	1.1178755590376014e-006	-1	
16.258636104621285	-26.901419615017328	1.1944587388423457e-006	-1	
14.910350122862008	-26.364476172383338	1.079777234228344e-006	-1	
14.566253597279752	-25.475203884493506	1.1051785148865845e-006	-1	
13.66183246430527	-25.17316078300674	1.0179417083631697e-006	-1	
11.130511426978208	-23.783981197326398	8.0031130991978718e-007	-1	
9.9821095137038327	-22.257112995169383	7.4720684408337818e-007	-1	
9.0776062168585465	-21.668862423252541	6.6362679354579561e-007	-1	
8.0949324438959209	-22.114415119682356	5.1972626594133976e-007	-1	
12.445495092993559	-24.683780321423669	9.0421043305760121e-007	-1	
0	-19	0	-1	
1.0116643175771742	-19.815714369866864	1.0845772923058808e-008	-1	
2.5428044869584143	-19.809816419096276	6.8832909580255929e-008	-1	
3.5070172293797723	-19.168769230208085	1.3838463096655717e-007	-1	
6.8152180595225431	-21.439110062332418	4.0066935137602082e-007	-1	
6.5957677234897538	-20.383047629650825	4.1427855783154663e-007	-1	
5.5375087553662246	-20.174446891175645	3.0225362985599951e-007	-1	
4.6646979752041	-19.189336237204664	2.3953208564657674e-007	-1	
24.24048101231687	-43.730985356969803	9.9349546548880372e-007	-1	
23.725290545587836	-40.162809893122734	1.1009391403084166e-006	-1	
24.44226034026735	-41.214636069543403	1.1067911647432973e-006	-1	
25.000000000000018	-43.301270189221952	1.0607375900755908e-006	-1	
24.923530323650819	-42.311758233867401	1.0945662880312741e-006	-1	
24.380817740835507	-39.071632506912223	1.1994053433303021e-006	-1	
24.503754603438061	-37.598262147308461	1.2834579225003768e-006	-1	
24.577784041104529	-36.280829537029469	1.3622006292686832e-006	-1	
24.671456118172319	-34.964647717429486	1.4482006864757334e-006	-1	
23.61048988185777	-33.95205890623383	1.422630400910022e-006	-1	
22.073102641120325	-31.93349547287017	1.4208254585077243e-006	-1	
20.747237898999426	-30.649992710235423	1.3869303724947867e-006	-1	
21.888326016697992	-30.885810882970816	1.4780619124070298e-006	-1	
19.000863402013429	-29.730695007911056	1.2812739075709985e-006	-1	
20.098931660673323	-28.845142319489472	1.4588064366421693e-006	-1	
17.445216569069093	-28.820296210549738	1.1854538695589668e-006	-1	
22.796577738341579	-32.713475719123991	1.432854402094735e-006	-1	
17.437940987902682	-27.747246631294811	1.2626824610602704e-006	-1	
16.164315002388189	-25.36805608735736	1.3066025691672433e-006	-1	
17.404299568949916	-26.549107809237917	1.3539258078506474e-006	-1	
15.327621898217814	-24.859912133994211	1.2466063802006868e-006	-1	
14.40604296192098	-24.52982443037623	1.1582739093713389e-006	-1	
13.464624444091339	-24.192911897696067	1.0654616500535509e-006	-1	
11.794796104999246	-22.860702908030969	9.4746984696403787e-007	-1	
12.705430673895854	-23.542217115416477	1.0173285120212555e-006	-1	
11.091378121504123	-21.949487574394876	9.1672869946997197e-007	-1	
10.174822795034512	-20.798246795286634	8.7148611711445594e-007	-1	
8.9071201070332844	-20.60345196914524	7.023333565218946e-007	-1	
7.668504064954651	-20.270517396349845	5.5348607363627046e-007	-1	
0	-18.032393750000001	0	-1	
1.0221000830565612	-18.516196875000002	1.2945441370240205e-008	-1	
1.9969448137426904	-17.943107183418061	5.121796362095507e-008	-1	
2.9991879240273871	-17.59598643195217	1.1762497470157847e-007	-1	
3.9360178841850759	-18.093312978561467	1.9177722597837243e-007	-1	
6.6745885651531367	-18.634677059745794	4.9961046769804855e-007	-1	
5.5979517633705749	-18.261285039582859	3.7222607276833245e-007	-1	
25.176448046944611	-40.267922674834693	1.2015506205198882e-006	-1	
25.532746150803263	-41.103051127952646	1.1891537024766737e-006	-1	
25.75190374550273	-42.858365035105635	1.1292824722665313e-006	-1	
25.730959377624071	-41.989109471818175	1.164371977795904e-006	-1	
25.715364331739785	-39.603725681622258	1.2730011907947585e-006	-1	
25.865181397078072	-38.174847591370799	1.357742994039436e-006	-1	
26.218390653792575	-36.793320986409483	1.4628780559646343e-006	-1	
25.730016912376289	-35.637814412301793	1.4933145176212406e-006	-1	
25.34395344386779	-34.23996355224422	1.5513618916177083e-006	-1	
24.941819772050096	-33.336797840800159	1.5784360815097056e-006	-1	
23.935580864379705	-32.631947730412953	1.5397257523051092e-006	-1	
23.086229661790377	-31.608904898709884	1.5370277669430894e-006	-1	
21.271009696280878	-29.630120372108397	1.5156237016225746e-006	-1	
23.149975681297168	-30.280766899164643	1.6458139935434657e-006	-1	
18.808844098224952	-28.27450097340326	1.3688407549698995e-006	-1	
20.885165288161875	-27.625135890099504	1.6445112517435955e-006	-1	
21.800525442491285	-28.48860030030233	1.6634922510184511e-006	-1	
19.754160091356738	-27.652951200787918	1.5212612559396731e-006	-1	
18.491534459876913	-27.053675618298296	1.4339992574396511e-006	-1	
17.187258878550185	-25.028956437788288	1.462747472879609e-006	-1	
16.560814437918772	-23.772285534343851	1.506132059468795e-006	-1	
18.195765595370354	-25.96383368348075	1.4976431421605634e-006	-1	
15.214980045833917	-23.722867489990101	1.3342558099539488e-006	-1	
14.475597586133976	-22.851734728779178	1.3162188863983987e-006	-1	
13.612178106318682	-23.25251514334748	1.1616100727513332e-006	-1	
12.894301296559885	-22.569489469692332	1.1222489719042127e-006	-1	
12.148638062629944	-21.494172671664348	1.1074834077893617e-006	-1	
11.599974307181556	-20.431678704222282	1.1185429958595281e-006	-1	
9.7476371881156716	-19.63466604549351	8.9569240394430741e-007	-1	
10.96782946604492	-19.416632770671569	1.1154035063889596e-006	-1	
8.5801303223803203	-19.280936817002658	7.405035448250754e-007	-1	
7.7804564430522669	-18.359677713737817	6.7644048470234765e-007	-1	
0	-17.064787500000001	0	-1	
1.1541223460874552	-17.150062139378853	1.8588588445391198e-008	-1	
2.2660960172365008	-16.82946159581893	7.3828892008098215e-008	-1	
4.2679912338887158	-16.507153803894802	2.6427279321277964e-007	-1	
3.1507490047481634	-16.10142453851493	1.5255854582679452e-007	-1	
5.2395401116903333	-17.048770669955413	3.6969076068225685e-007	-1	
7.138349036137126	-17.593766578855796	6.2503522286836687e-007	-1	
6.4859839726567952	-16.836573332384422	5.6530908596084118e-007	-1	
25.997711632493015	-40.411109363379104	1.2545300263583211e-006	-1	
26.385006649348782	-41.416164389631838	1.2356685688546037e-006	-1	
26.495963211660268	-42.40240480782132	1.1995880368899821e-006	-1	
26.554018834693888	-39.435657146540059	1.3437370425953062e-006	-1	
27.050566980776338	-37.951273964752112	1.4607758769151274e-006	-1	
27.436188653669035	-36.722813968547641	1.5627694037502376e-006	-1	
26.983581075017682	-35.590052039535976	1.5978916384051525e-006	-1	
26.312083055812892	-34.440325342046719	1.6189197897099857e-006	-1	
26.591866004638195	-33.318381638638243	1.7207726801713113e-006	-1	
25.115931276940611	-32.291208356418892	1.6691268422603959e-006	-1	
26.174678605284946	-32.239961105686383	1.7651624688756117e-006	-1	
24.411369114382744	-31.499271272380209	1.6663173213319051e-006	-1	
23.186792357673927	-29.097550310685136	1.747918128481722e-006	-1	
24.112212935300803	-29.835760116510858	1.7731370414389655e-006	-1	
21.947215976884717	-27.238825565824047	1.7930442343713333e-006	-1	
20.689010400916754	-26.590644664151405	1.7208646243267448e-006	-1	
23.066058008240699	-27.398136083146927	1.8932431660739435e-006	-1	
19.637976440078866	-26.527585568699994	1.609481006719903e-006	-1	
17.642965298821739	-24.052363173097977	1.617606342095177e-006	-1	
18.26391219741469	-24.981835560321457	1.5990125926264476e-006	-1	
17.353261852646074	-22.580088200978238	1.7432794599532266e-006	-1	
15.93888092273807	-22.359104102218556	1.5727102624497562e-006	-1	
19.114180639023811	-25.609604829701745	1.6378081189311381e-006	-1	
14.827833920946954	-21.478454358150863	1.5102000106336274e-006	-1	
13.434167674544195	-21.738577032197476	1.2760802305165749e-006	-1	
12.793337186203638	-20.355452813833057	1.3184934077370992e-006	-1	
12.873812052211351	-18.939094951736315	1.49668442878682e-006	-1	
9.454548518416237	-18.430296195430181	9.4959366812084184e-007	-1	
11.239294419739464	-18.356560753927141	1.2747522241387135e-006	-1	
8.3902232681039823	-17.289392202703304	8.5961923393470466e-007	-1	
0	-15.129574999999999	0	-1	
0.98467038071578661	-16.061041463034954	1.5332875337721614e-008	-1	
2.0289142329825069	-15.708571919562043	6.6675812196634067e-008	-1	
5.1184285476047702	-15.790207204071415	4.0571070328428184e-007	-1	
3.9318016123162893	-14.797117028065189	2.7112792398488047e-007	-1	
2.8375924374602093	-14.954786234722025	1.4163915187313512e-007	-1	
7.4719163015773438	-16.651612309121646	7.4530256308971325e-007	-1	
6.83833755991395	-15.87389056231927	6.8857328879703518e-007	-1	
26.823437835729063	-40.525793895960959	1.3088625624971577e-006	-1	
27.231951750751378	-41.933528397271225	1.2716668775097811e-006	-1	
27.599365345431529	-39.025492054113343	1.4431279256889219e-006	-1	
27.814336908743211	-40.470111328758577	1.3836358354104661e-006	-1	
28.185528495168242	-38.35991379321765	1.5242744450736026e-006	-1	
28.380699844087715	-37.494760740834927	1.5896353439300621e-006	-1	
28.778306702053431	-36.044471976165262	1.7115267679827137e-006	-1	
28.511669100477892	-35.007999981002236	1.7594936167143266e-006	-1	
27.553861516265336	-33.959942865397267	1.7547173671596756e-006	-1	
27.598551934435633	-32.850913768794037	1.840654685268187e-006	-1	
25.599691242038283	-31.323224285550975	1.7873648342806433e-006	-1	
27.237625866766013	-31.727379578811242	1.8978455186698138e-006	-1	
24.880371104498138	-30.566420500475751	1.7840103403495328e-006	-1	
24.320068585811594	-28.755436362342515	1.8894136988029589e-006	-1	
25.120970922778696	-29.509663670194925	1.8966807796383571e-006	-1	
22.319107219378502	-26.171640372985014	1.9403789203931909e-006	-1	
21.007446090277046	-25.587027432286899	1.8587598606758861e-006	-1	
24.108996657956954	-26.969401704014672	2.0419273120370652e-006	-1	
23.730589135157629	-25.907167294098119	2.1176380357525831e-006	-1	
19.88303391735117	-24.884404640250626	1.8037107419774168e-006	-1	
18.538324759799274	-23.383165590076988	1.8062822554765379e-006	-1	
19.472133075823454	-23.899592409669498	1.8634353300234944e-006	-1	
18.436591573197955	-22.257379358512274	1.9304117703007881e-006	-1	
17.116239573870473	-20.960998401728308	1.9153569354873684e-006	-1	
15.964359480568746	-21.185774309975901	1.7160397608309459e-006	-1	
13.865593532713808	-20.698671155788979	1.451482550173837e-006	-1	
15.324963570317493	-20.342243435242267	1.7260666913195405e-006	-1	
14.454936400187069	-19.739396696916703	1.6646919745434642e-006	-1	
14.381866414541868	-18.675201531945003	1.7980125970213861e-006	-1	
12.135036715800684	-17.727997598137723	1.519663551595665e-006	-1	
13.745014567287949	-17.819473598194673	1.8119444558240756e-006	-1	
9.5002290787188386	-16.755338126353998	1.1215858260298512e-006	-1	
10.755918583284444	-17.374830799968116	1.2963189746180001e-006	-1	
8.2836326141908661	-16.062214510369213	9.5061591646650751e-007	-1	
0	-13.1943625	0	-1	
1.2165288399561454	-14.983580718064852	2.6156355629797756e-008	-1	
0.8558824485229205	-13.956197415982748	1.4461182337906458e-008	-1	
1.9749655576153342	-14.202327868881381	7.4973757634488424e-008	-1	
5.4780071207854197	-14.737450397425199	5.1753787318216881e-007	-1	
6.5811070746090614	-14.881548059116311	7.0981156535639058e-007	-1	
3.071661704398684	-13.87433962551734	1.8858107525537503e-007	-1	
4.1787482396756523	-13.269593233007303	3.6589583805809402e-007	-1	
7.6164379159315949	-15.206454421405011	8.9563020139926308e-007	-1	
27.959645173537364	-41.451878627752109	1.3461982030581993e-006	-1	
28.488757022159213	-39.193360924057444	1.5001962809738036e-006	-1	
28.678821817552329	-40.957602214449608	1.4217722983938055e-006	-1	
28.597292266223764	-40.091925119273704	1.460311387831514e-006	-1	
29.585033767165935	-38.55596666173448	1.6181556448219949e-006	-1	
29.974746713708935	-37.683421235586842	1.6997038392971792e-006	-1	
30.242386525938841	-36.562645579497811	1.7911437378184837e-006	-1	
29.551467976910299	-34.754646267982118	1.8600674556776073e-006	-1	
29.016720148320648	-34.064446460313498	1.8668607526782142e-006	-1	
28.816875811096303	-33.21450925347613	1.9136650550608872e-006	-1	
28.371502886259339	-32.054365216184941	1.9681867394583167e-006	-1	
25.884190274782419	-30.279156679668578	1.8995225659986796e-006	-1	
28.051118621979676	-30.210684219484161	2.0973873933485866e-006	-1	
28.743858095877819	-31.039981708176889	2.0838255166036093e-006	-1	
26.954123257116851	-29.81670271294524	2.0359499470978038e-006	-1	
24.86926376439645	-27.802185062270588	2.0336585755232854e-006	-1	
25.930931698660551	-28.789533951022975	2.0383606916892968e-006	-1	
22.208759495835046	-24.655466640500649	2.0968976233237446e-006	-1	
21.166529201113285	-24.551806716214479	1.9911068083636495e-006	-1	
25.237271723649112	-26.535257356187749	2.1999797102354159e-006	-1	
23.71773183974538	-24.471179168108876	2.2825251261507977e-006	-1	
25.065309345198312	-24.967427165409291	2.36080754740089e-006	-1	
20.524704759151472	-23.72412878800856	2.0130519676115567e-006	-1	
19.74654563820804	-22.300922439425019	2.0967038955185815e-006	-1	
18.923079092595458	-21.237048934626362	2.1343308829293896e-006	-1	
18.622573678901524	-19.925705927516344	2.2880658730369835e-006	-1	
16.322469119477088	-19.957098972784216	1.9357874804540462e-006	-1	
17.450926083502189	-19.538406586392096	2.1742342826294644e-006	-1	
15.453590989669737	-19.291611980513395	1.8926416360867397e-006	-1	
15.338472803175494	-18.203232476628163	2.0422366779117374e-006	-1	
13.244495409064108	-16.835924160181708	1.8712819892173186e-006	-1	
12.273673609717827	-16.31114424566632	1.7564645588913675e-006	-1	
14.846579034032557	-16.639768199398674	2.2238739085595256e-006	-1	
10.298306488921531	-15.578835093637222	1.4379206540077398e-006	-1	
9.1877832688586452	-15.390455376650349	1.2167830260896688e-006	-1	
11.400158393169814	-15.637026301923216	1.6731009811194608e-006	-1	
0	-12.226756250000001	0	-1	
0.79215612331214513	-12.710559375000001	1.4657224251485426e-008	-1	
1.6295495556364352	-13.11099542103087	5.8162887611855966e-008	-1	
5.7735725446191006	-13.664960432686795	6.4276426194969553e-007	-1	
7.8596417200390567	-14.14894508105999	1.0628561665869088e-006	-1	
7.0418584402784674	-12.941324918923806	9.9870085394869732e-007	-1	
3.184954533935259	-12.617946561774522	2.3395607685126096e-007	-1	
4.1461722914054029	-11.919140625607652	4.2476028562626363e-007	-1	
5.4585690554320188	-12.239137767799093	6.8462832881988494e-007	-1	
29.29941648906015	-39.595888862035274	1.5381666616695173e-006	-1	
29.389262614623686	-40.450849718747399	1.4988962663001109e-006	-1	
30.09075115760244	-39.931775502364673	1.5774089546183383e-006	-1	
30.783073766282943	-39.400537680336129	1.6582838976804768e-006	-1	
30.569634840303586	-38.431298109297416	1.6989354903025072e-006	-1	
30.912595195328773	-37.499976620190921	1.7817155834179253e-006	-1	
31.147524932347558	-35.849558203634146	1.9085747103486072e-006	-1	
31.841990759889701	-36.434455704395333	1.9215919016268413e-006	-1	
30.793308672516922	-34.655155614620433	1.9648918651874429e-006	-1	
29.869159800857314	-33.875561168481887	1.9493187575043381e-006	-1	
30.032207179818979	-32.955162200979295	2.0331059436693446e-006	-1	
30.249876248184997	-31.85166476805982	2.1400948750121818e-006	-1	
28.296319165522199	-29.207357784933698	2.2105659662097284e-006	-1	
29.837863400512273	-29.717028506189759	2.2939767165649449e-006	-1	
29.801797026635739	-30.820010068560499	2.1914219842899097e-006	-1	
27.379597496561036	-28.731533634140192	2.1754317491051539e-006	-1	
26.166396196623946	-27.471880751279325	2.1903897640539255e-006	-1	
22.891007224641715	-23.296975770562639	2.341558936322738e-006	-1	
21.788097840861628	-23.593644883574978	2.1784622168556051e-006	-1	
26.541186805288248	-26.334406340786664	2.34737342132258e-006	-1	
26.092263597699272	-24.892211050043578	2.4708654530786134e-006	-1	
24.529811234174733	-23.353741792187307	2.5100120658445411e-006	-1	
26.238612798209083	-23.87295916152404	2.613017535756768e-006	-1	
20.761809354787729	-22.670150164822367	2.1750073982588976e-006	-1	
20.268272942627899	-21.25647808259032	2.3115059036033845e-006	-1	
20.287422100502972	-20.089132073707891	2.4931155358530931e-006	-1	
18.887893824887101	-18.868478700925607	2.5027784323982238e-006	-1	
19.975439874838713	-18.941743820492757	2.6442456301328912e-006	-1	
16.583310472351865	-18.704163465133234	2.1709604656671948e-006	-1	
17.894624837070673	-18.419545625342309	2.4309530286223731e-006	-1	
15.991422869029099	-16.699890786327469	2.4289393819944177e-006	-1	
16.899213540605675	-17.400032363858148	2.4556370571916115e-006	-1	
13.391676943069935	-15.742202751041145	2.0966105989318837e-006	-1	
12.339819715161156	-15.058666175729476	1.9926552528875752e-006	-1	
15.642431878073713	-15.607880062835902	2.5904087361202233e-006	-1	
14.453535003477974	-15.074308045837373	2.4636652531814068e-006	-1	
10.897005442483167	-14.70334778644329	1.7156733222056178e-006	-1	
9.3279779702708439	-14.272826553754824	1.4012015280243372e-006	-1	
0	-11.25915	0	-1	
1.5792816977247033	-11.701708915347215	6.5459669710857216e-008	-1	
8.4952261635641531	-12.81951272920049	1.4038719323494528e-006	-1	
7.0168509077278207	-11.483075772869013	1.1796483740105225e-006	-1	
2.9059940542674925	-11.223744862684505	2.3081879666826288e-007	-1	
4.6946905740410863	-10.684672671040737	6.267302913422903e-007	-1	
5.9101301024830759	-10.888917716150322	9.3254613746450327e-007	-1	
31.466019552491904	-38.857298072848579	1.7396871164159646e-006	-1	
32.139380484326999	-38.302222155948932	1.8234822262206973e-006	-1	
31.892245606361008	-37.341021930562306	1.8655277449767838e-006	-1	
31.981141132807771	-35.030816032618475	2.0296103095389345e-006	-1	
32.631380629164845	-36.883066344378662	1.9506815369243655e-006	-1	
32.832827693473384	-35.830743976030092	2.0376783873943659e-006	-1	
30.774543558110228	-33.643184407017436	2.0387975047271978e-006	-1	
31.785023697638856	-33.585152156032613	2.1224960012450951e-006	-1	
31.204891895331368	-32.445829325643665	2.1675754438019922e-006	-1	
31.231639270615599	-31.338244974796101	2.2627308950090039e-006	-1	
29.240657228613529	-28.789012397223729	2.3320203771349624e-006	-1	
28.609645669186399	-27.670492367728787	2.3901607111112666e-006	-1	
30.79452778598716	-28.854741526622529	2.4546305444901958e-006	-1	
30.856675473137173	-30.141164181331757	2.3382484062740477e-006	-1	
27.454745835091067	-27.108826080936876	2.3458807995775314e-006	-1	
23.303467581017028	-22.207817159759283	2.5365569239008781e-006	-1	
21.754482776127258	-22.243900231131601	2.3534966757336185e-006	-1	
27.056565069627254	-25.253341458591567	2.5181546932476811e-006	-1	
25.77332955909597	-22.75224249248005	2.7165038260041842e-006	-1	
24.81882868231321	-22.002961222799833	2.7269683201129512e-006	-1	
26.986665496590732	-22.734628644054812	2.8339321312160953e-006	-1	
27.841258180969735	-23.79531264523693	2.7701660496363802e-006	-1	
21.300685771654891	-20.711329345857358	2.5243593030952707e-006	-1	
21.354263190486318	-19.564077027574964	2.7187043996153469e-006	-1	
19.094309166714105	-17.65077488664306	2.7598983731094023e-006	-1	
20.193171748857264	-17.393976091147824	2.9673898855483427e-006	-1	
21.448602104539262	-18.419455434685734	2.9356640806381015e-006	-1	
18.158985711463977	-17.019415535828408	2.7405082184804267e-006	-1	
17.169985790403739	-15.873400611982984	2.8181811545104343e-006	-1	
13.106091423576613	-14.065739042541896	2.3820097946370204e-006	-1	
11.682396179574704	-13.990550583766197	2.0427132074473411e-006	-1	
16.384481879227813	-14.536648681884712	2.9903043511714481e-006	-1	
14.490146479603316	-13.881570959516182	2.7540210967590314e-006	-1	
10.519851680211886	-13.165291994517974	1.902575912892844e-006	-1	
9.4673488231776499	-13.227725608586864	1.6038853961420239e-006	-1	
0	-10.291543749999997	0	-1	
0.78612235904627648	-10.775346875	1.8181940075780174e-008	-1	
1.5722447180925532	-10.291543749999997	7.7416546842625059e-008	-1	
9.9396303777773838	-12.286687268088933	1.9191144709955383e-006	-1	
8.9029332733415956	-11.700554591855058	1.7178328773547821e-006	-1	
8.0384055393496716	-10.879674578062623	1.6020507504596e-006	-1	
7.5405851070766925	-9.8027151152724112	1.6398312467387305e-006	-1	
6.4927367749295914	-9.8028335799196604	1.2680445685107908e-006	-1	
3.2155683012348257	-9.8360197052500205	3.380039776187562e-007	-1	
4.2556745912578791	-9.7083779604920259	5.844143171329933e-007	-1	
5.2501190615043463	-9.8480552316994334	8.5747085817241388e-007	-1	
32.802951449525402	-37.735479011138629	1.9078454982776399e-006	-1	
33.145010319900237	-34.927553127343238	2.1256547545369916e-006	-1	
33.456530317942949	-37.157241273869737	1.9933051701100287e-006	-1	
34.099918003124962	-36.567685080958547	2.0808513029686652e-006	-1	
33.802816481983612	-35.620736187234051	2.1247832611915863e-006	-1	
33.24330395604624	-33.542434707820142	2.237765673531995e-006	-1	
32.482680524899671	-32.48902235795174	2.2636504405232849e-006	-1	
32.03398063769086	-30.574237876002631	2.3923721343791714e-006	-1	
29.879104831342548	-27.476234600497097	2.5180612008421722e-006	-1	
28.438749830067998	-26.553701560159826	2.4944738020863042e-006	-1	
29.519917812612899	-26.451352010991734	2.5984242777973289e-006	-1	
31.293493407839733	-27.837490520425241	2.5963809526206517e-006	-1	
32.068280074250559	-28.664214127776646	2.5746220463852115e-006	-1	
32.624510124778205	-29.629522524654391	2.5254945517537171e-006	-1	
23.969058655419392	-21.252108759281263	2.7493344056719655e-006	-1	
22.84073898330665	-21.139045776380527	2.6416559244557645e-006	-1	
28.075628575022627	-24.861618378879601	2.6574338857832215e-006	-1	
25.896899708614534	-21.612223352724254	2.891401898344312e-006	-1	
24.950915292753262	-20.684793975142462	2.9403449798687659e-006	-1	
28.042007951941869	-22.10273447465994	3.0154880483715862e-006	-1	
27.01833854019462	-21.372873884611437	3.0319505934566971e-006	-1	
29.456948428013312	-24.157440143735645	2.8623475002950504e-006	-1	
29.103685321594011	-22.723926153733569	3.0196156873860989e-006	-1	
22.499247914435252	-19.65390132014964	2.8423678114457412e-006	-1	
19.393171294678876	-16.562599338181091	3.0299919860038537e-006	-1	
21.21446435654909	-16.815431501897677	3.2253447431070481e-006	-1	
22.402630192956241	-17.973012853802519	3.1369209146855959e-006	-1	
18.558886890016289	-15.765631607218328	3.0769793665632662e-006	-1	
17.735553715246688	-14.64189546994378	3.2137625791389248e-006	-1	
13.842376135529815	-12.879395456618141	2.8610433249855379e-006	-1	
12.48752846393827	-12.813977824944107	2.5269532650672098e-006	-1	
10.992223989679168	-12.222453919253962	2.2467509159596622e-006	-1	
16.439407699855717	-13.268401883382012	3.34108582946726e-006	-1	
15.19816364023702	-12.9210118215563	3.1719918492606768e-006	-1	
17.708808064155924	-13.258941291513979	3.5850248523876708e-006	-1	
0	-9.3239374999999995	0	-1	
0.78612235904627659	-9.8077406249999992	2.0925342071161898e-008	-1	
1.6067299616585213	-9.2706404065785009	9.3950150286518323e-008	-1	
2.5923264094790075	-9.0377735934767411	2.4427239076071387e-007	-1	
9.9992885234933624	-11.235476570487368	2.1849689973505653e-006	-1	
8.58812209680368	-9.8282571663070684	2.0268722193500645e-006	-1	
7.9921682270046341	-8.8571682750717358	2.0450368773649596e-006	-1	
6.878518017577294	-8.616423886452667	1.6379913906359643e-006	-1	
5.6729032791728811	-8.9371858394229502	1.1124850366920326e-006	-1	
3.560245487586815	-8.9244826413851666	4.6498755296242615e-007	-1	
4.5063637191078216	-8.6908965254141073	7.4947791185301417e-007	-1	
34.063301753195461	-34.663067693092032	2.2138587227681023e-006	-1	
34.732918522949902	-35.966990016932577	2.1685921039341762e-006	-1	
34.538702201899738	-33.042276673146453	2.3747427469797102e-006	-1	
33.578786128229225	-31.7913275183449	2.405870839441797e-006	-1	
33.218279561302538	-30.659978578480658	2.4768250796403262e-006	-1	
31.125879313614199	-26.716922888902239	2.7006409509638851e-006	-1	
28.932868715267265	-25.537692887466559	2.652721576852282e-006	-1	
30.562347984216913	-25.136137749246963	2.834386167263087e-006	-1	
32.15270780148677	-27.428458083609122	2.7060500941068628e-006	-1	
33.640541451276199	-28.152613553902281	2.7452400680784341e-006	-1	
33.737987005343072	-29.59235524549376	2.6134168700775813e-006	-1	
23.957015693554524	-20.097954591901956	2.9313773619887559e-006	-1	
26.044739841007786	-19.937425509732044	3.1661419900337684e-006	-1	
24.867396614712639	-19.388431193132895	3.1466542977742987e-006	-1	
28.728230695158487	-21.081883708840536	3.2208443185134525e-006	-1	
28.106567676931444	-20.022257799278822	3.3320251139214016e-006	-1	
27.074016780504266	-20.019628011618863	3.2458835469566508e-006	-1	
30.600385168602283	-23.979575322498398	2.9766161020460284e-006	-1	
30.184179117424293	-21.681893913995971	3.248035421154114e-006	-1	
31.126708722030408	-22.85019865845322	3.1619482728443868e-006	-1	
23.365464668163185	-18.400131508121412	3.1652429326328984e-006	-1	
19.934140705741143	-15.543511447783956	3.3388846214228862e-006	-1	
21.725952960592956	-15.75896009186812	3.5253252097303374e-006	-1	
22.383586175839593	-16.919866189312582	3.3469327656198691e-006	-1	
23.634471119912874	-17.26255064149133	3.4145187165814011e-006	-1	
19.743069091023195	-14.539229750445051	3.5592475747712224e-006	-1	
18.903930120299648	-13.955332604216482	3.5866990967284013e-006	-1	
13.128849642891266	-11.725804704204702	3.00942347385621e-006	-1	
14.312456865693228	-11.284797292243836	3.4736016101854835e-006	-1	
11.938727044362029	-11.757468755625041	2.6505074039562936e-006	-1	
11.364661086616511	-10.714471781592971	2.7803621244234033e-006	-1	
16.946590918756129	-12.104687154528841	3.7974218834654015e-006	-1	
15.859637896415091	-12.057198255611441	3.5902273345663472e-006	-1	
18.002463380233884	-12.037704978500422	4.0139374697094359e-006	-1	
18.965134583986778	-12.476586990295795	4.0279838692867588e-006	-1	
0	-7.388725	0	-1	
0.83837643375435067	-8.5975388356471818	2.83007037242312e-008	-1	
1.9052613049088518	-8.2937515153886441	1.4881396819169913e-007	-1	
2.8348454184076886	-7.6719106972082507	3.5512553800119452e-007	-1	
10.228786241434552	-9.7949737868897557	2.6671356377757346e-006	-1	
8.7911764743419738	-8.1146757241781664	2.610351580043724e-006	-1	
9.8473572105848977	-8.3870571109043546	2.9875243709984052e-006	-1	
7.7666900336758067	-7.7403270894314957	2.2543704344773701e-006	-1	
6.6256094401505568	-7.3947723897502575	1.801621741506823e-006	-1	
5.4903478707730917	-7.7589895509142348	1.2341192088186808e-006	-1	
3.8128650621019489	-7.9148202959707081	6.0769421607618723e-007	-1	
35.355339059327413	-35.355339059327399	2.2584355718342786e-006	-1	
35.025370484611365	-34.419335714840635	2.3034104943474275e-006	-1	
34.987097564310631	-32.277081757811402	2.4706512692203023e-006	-1	
35.443784138936756	-33.037357386805567	2.4417196201120412e-006	-1	
35.013604081068024	-31.390583554736182	2.5474821427086239e-006	-1	
34.816430030520806	-30.17889458784909	2.6396437769477897e-006	-1	
32.125981500493289	-26.477225928216352	2.8051045029740837e-006	-1	
32.180201507214719	-25.450230695494447	2.9238866008890892e-006	-1	
31.756305341345048	-23.92542711284354	3.0722700860909666e-006	-1	
33.006598500201115	-27.008425247669958	2.8149354147271649e-006	-1	
34.922475079698877	-27.892427624890608	2.864784095901169e-006	-1	
34.646884907317173	-28.963031844821327	2.7404359970736212e-006	-1	
34.42917332965493	-27.10900907626651	2.9090711467212328e-006	-1	
24.464422422597494	-18.365433693194035	3.287551589199476e-006	-1	
26.707336671845535	-19.054374693878014	3.3740367663833171e-006	-1	
25.776610722003941	-18.4606049490205	3.3961437871961886e-006	-1	
30.136269751877109	-20.376742539042677	3.4328811102301313e-006	-1	
29.260133616396267	-19.599697034710832	3.4878898105603273e-006	-1	
27.789397369873694	-18.835381658830059	3.5012067721436539e-006	-1	
31.280641139657938	-20.625395651885075	3.4770321865962134e-006	-1	
31.684305151746859	-21.735930129888185	3.3502380099888223e-006	-1	
32.433009407310927	-22.807241806836331	3.2611484223676548e-006	-1	
20.867242078288051	-14.888523284982222	3.6228937421178126e-006	-1	
21.914535594277044	-14.438119070718288	3.8636030098248118e-006	-1	
22.95414549862695	-15.237685210066804	3.7820611766569371e-006	-1	
23.982800237048167	-16.146700505782437	3.6843997686792419e-006	-1	
24.802059330062285	-17.319052594784075	3.5196426173747308e-006	-1	
20.46963436066833	-13.820068434392576	3.8522406088914048e-006	-1	
19.919247450380375	-12.715826763517081	4.0912377813767421e-006	-1	
12.94131561763964	-10.476707196142856	3.3691577067560222e-006	-1	
15.399361310422206	-11.071364835259176	3.8226054800129291e-006	-1	
15.221124884470886	-9.9781372916388111	4.1973682767999374e-006	-1	
14.142924181788263	-9.7023003429202621	4.0255570786886153e-006	-1	
11.833195656635223	-9.3302161755440913	3.4247888461988844e-006	-1	
17.41724427953821	-11.168218461306184	4.2107102445313392e-006	-1	
16.260842282448266	-10.375114003659561	4.2765959940931121e-006	-1	
18.462000885613186	-11.0847209555691	4.4143508657094202e-006	-1	
19.568870736942809	-11.322228984198929	4.4953154078122695e-006	-1	
0	-5.4535125000000004	0	-1	
1.1048747912189087	-7.5207339834492952	5.5891495281602671e-008	-1	
0.93451923848112572	-6.4211187499999998	4.6783061798951267e-008	-1	
2.173564579476162	-6.9114929510418426	2.3166376605266398e-007	-1	
3.5060896704546698	-6.9202733839269897	6.0167112166736472e-007	-1	
10.987316666684851	-8.5490407766270486	3.4138176154528186e-006	-1	
8.6387949913904052	-6.9426615109376515	2.9779240379013372e-006	-1	
9.7560503141668509	-6.5572033729874928	3.7311205903627259e-006	-1	
10.735321420789047	-7.4255441519954575	3.8074064722934702e-006	-1	
7.5994483949083254	-6.2357887406591601	2.6699278820556761e-006	-1	
5.8831408419933338	-6.4619201226992651	1.6690658291926509e-006	-1	
4.6896883638037208	-6.6655455542918673	1.0760746819084025e-006	-1	
35.966990016932598	-34.732918522949888	2.3486318059832311e-006	-1	
35.721779416243187	-33.898702926019709	2.3943488258419462e-006	-1	
36.398298633564252	-32.202494387966354	2.5789634814967261e-006	-1	
36.316355459622443	-33.277808634349874	2.4857912833052358e-006	-1	
35.753779789422985	-30.589804257529547	2.6708763140612756e-006	-1	
36.61436193944872	-31.271619343051803	2.6730478218602897e-006	-1	
35.721361451944645	-29.56685734857189	2.7615272660536906e-006	-1	
32.995707114798094	-26.030942125178356	2.9194848228693975e-006	-1	
33.028365856625548	-24.86700874529415	3.0539006075429247e-006	-1	
33.338430011781938	-23.885483999557142	3.1915737520095382e-006	-1	
33.756593683982665	-26.511266356706997	2.9230384176628356e-006	-1	
35.640023415979194	-28.477419611182782	2.8585871541350419e-006	-1	
35.78414100163868	-27.55386732318301	2.9593218022988801e-006	-1	
35.768572338682489	-26.619267770486942	3.0535636199443428e-006	-1	
34.899098443401584	-25.889438331229705	3.0709581357602525e-006	-1	
27.295188879461598	-17.43414307444862	3.7110270994603538e-006	-1	
26.066566922245258	-16.987914351868554	3.6968163116303017e-006	-1	
30.914724400677443	-19.501858201853594	3.6191054990519286e-006	-1	
30.359874356038343	-18.698061518590702	3.7079347164138118e-006	-1	
28.64194018475515	-18.061815380707881	3.6968588986357811e-006	-1	
29.783057888204443	-17.909879786693764	3.7996797368591298e-006	-1	
32.397836538442249	-20.24055035514295	3.6042772153806367e-006	-1	
32.983698565031411	-21.934140261232173	3.4118007853063365e-006	-1	
33.121289891598742	-20.911089194950197	3.557378756347173e-006	-1	
33.509947234290237	-22.822187104293157	3.3329322501415284e-006	-1	
23.097811258140013	-13.872474776373545	4.1293182571490203e-006	-1	
21.880112135417608	-13.127047070447039	4.2085925076215018e-006	-1	
24.232914554463822	-14.738496788170343	4.0214394516348336e-006	-1	
25.179195068224786	-15.362969499628738	3.9605873501056325e-006	-1	
20.887566727228418	-12.888814650356768	4.1638663917678106e-006	-1	
20.519667839446178	-11.93668467936115	4.4099980661663798e-006	-1	
12.971803107069656	-8.8825171129726321	4.0155497145124859e-006	-1	
16.077709444818911	-9.2675982930489802	4.7056629766816456e-006	-1	
15.297572251405045	-8.4604337218989691	4.8982931571906585e-006	-1	
14.03483573149237	-8.2768579545137495	4.6429188291515575e-006	-1	
12.508870189759783	-7.7500178896249361	4.3958582678514206e-006	-1	
17.365805262262359	-9.6235044863159711	4.7989180178694534e-006	-1	
19.217302433846164	-10.246138532748011	4.8374688351654666e-006	-1	
18.654054626066621	-9.2681544757925032	5.1488264200157331e-006	-1	
20.643967988145175	-10.03431374375733	5.0662441240741368e-006	-1	
0	-3.5183	0	-1	
0.65634349100542921	-4.4859062500000002	3.1204665331080936e-008	-1	
1.9932089137640607	-5.5912005410301528	2.4173115692163521e-007	-1	
3.0166930009004504	-4.9668830733336691	5.9324277316042585e-007	-1	
4.2227268737777521	-5.548523127963314	1.0314967109807182e-006	-1	
11.711611855108224	-7.0984931014064871	4.4068618060311452e-006	-1	
8.8616897464467694	-5.7768063364268878	3.6207400594261766e-006	-1	
10.200834481121568	-5.1447843755871796	4.8134072298718563e-006	-1	
10.834170530803437	-6.120470796891393	4.5442906606235097e-006	-1	
7.1330236225952923	-5.2404954560350001	2.7625772610790049e-006	-1	
6.1408697025088266	-5.4754395325710519	2.0827269080468047e-006	-1	
8.1510643640105975	-4.8260635081065262	3.6565713118763039e-006	-1	
5.1910267430304042	-5.7541901935145017	1.4741595263455748e-006	-1	
36.567685080958569	-34.099918003124948	2.4396877797122907e-006	-1	
37.157241273869758	-33.456530317942935	2.5313893186113973e-006	-1	
37.735479011138651	-32.802951449525388	2.624749910986394e-006	-1	
37.341021930562341	-31.892245606361005	2.6715844085320775e-006	-1	
36.663230377525608	-30.120367408794081	2.7774430678221398e-006	-1	
37.499976620190942	-30.91259519532878	2.7659106145398652e-006	-1	
37.415675356234658	-29.247672906469386	2.9092282853839618e-006	-1	
36.840064288680892	-28.142802505797604	2.9740093177717546e-006	-1	
33.826929800286223	-25.516490257496038	3.0365909250783373e-006	-1	
34.717573569790396	-24.683660136540635	3.1925649941195629e-006	-1	
34.890469548278496	-23.144047419350574	3.3836115110781892e-006	-1	
36.628550732806126	-27.153004612176289	3.0571992435174419e-006	-1	
36.887679467985201	-26.119855049057783	3.1801731586644528e-006	-1	
35.813941804718873	-25.217353895139144	3.20572301029998e-006	-1	
28.058437234094473	-16.159324047486397	4.0039918492629145e-006	-1	
28.903742986396747	-16.940792039779417	3.9133156057996042e-006	-1	
26.918783134034257	-15.996773839643597	3.960081203828129e-006	-1	
31.618980305304309	-18.576553056127743	3.8037432658070401e-006	-1	
32.554844928995287	-19.266714919774447	3.7549611129743928e-006	-1	
30.843903978957069	-17.849731981089153	3.8739896798300491e-006	-1	
30.154782673969937	-16.557092342258859	4.0546826514831173e-006	-1	
33.330464497356708	-19.919283830066856	3.7060247119805217e-006	-1	
34.220952541862864	-22.013181605116198	3.4802623460346326e-006	-1	
34.675426364116269	-21.003422556863455	3.6379046286311948e-006	-1	
34.343709882678667	-19.946954873219251	3.7595604891082272e-006	-1	
23.678699157640207	-13.014156294500525	4.4051404513430423e-006	-1	
24.506197824304763	-13.638165368776642	4.3101944317812241e-006	-1	
21.597626487102243	-12.117231935110565	4.4706488480508154e-006	-1	
23.324547333427354	-12.040134809359015	4.6454238220998227e-006	-1	
25.289120631903003	-14.326378237192046	4.2020326138506644e-006	-1	
26.725096627579607	-14.688646583063001	4.2194645700944738e-006	-1	
21.703155375761824	-10.442086755174756	5.0189196329735767e-006	-1	
16.556488385508043	-8.2522661250270879	5.2802985529675784e-006	-1	
15.225293218392148	-7.1864716649761684	5.5547432984287e-006	-1	
13.965676241940521	-6.6639883833666591	5.5239620783486318e-006	-1	
12.883907934927436	-6.7329969728397474	5.1028544507053909e-006	-1	
17.950743489469247	-7.6642177864109584	5.787362294924786e-006	-1	
19.793572711591469	-9.2757708315053513	5.2773603940967233e-006	-1	
19.061722047390653	-7.5649026646978728	5.9568966802394777e-006	-1	
20.007343201377694	-8.1564578038812119	5.7590834297449015e-006	-1	
21.709627372993953	-9.3071352741948683	5.4155041656461445e-006	-1	
0	-2.5506937499999998	0	-1	
1.083582535459918	-2.9088738366090459	1.0428834092990496e-007	-1	
1.5532649788644137	-3.7358526000248249	1.9085763642667755e-007	-1	
2.6857187607294164	-3.8146035805735292	5.5397975034230839e-007	-1	
3.9658076509709037	-4.2344396570112881	1.1161397278751331e-006	-1	
5.1330034376941454	-4.5665763713305711	1.7210620888099492e-006	-1	
11.99733610946118	-6.1093181662666396	5.1180227161888847e-006	-1	
9.2427630095540962	-4.0571166372857164	4.9254091468020617e-006	-1	
10.482818708859686	-3.5617914052953052	6.2035572907528751e-006	-1	
11.58864996146734	-4.6283266600832471	5.9864136751325265e-006	-1	
6.3431595330335933	-4.4761162892165407	2.5481616654494011e-006	-1	
6.8624386443492407	-3.510606671678179	3.3795580338259273e-006	-1	
7.8333522126434101	-3.0015030870216508	4.5109285987232214e-006	-1	
38.302222155948954	-32.139380484326992	2.717842987221205e-006	-1	
38.208985595043984	-29.689313865870517	2.9229615648959818e-006	-1	
38.857298072848593	-31.466019552491904	2.8125373872127734e-006	-1	
38.43129810929743	-30.569634840303571	2.8599665453249013e-006	-1	
38.077752308044822	-28.284911865425983	3.0435808976145826e-006	-1	
37.609392430591427	-26.903229876821356	3.1472748183582749e-006	-1	
36.132216416433359	-23.574367331870683	3.4104079138831545e-006	-1	
35.33365769296482	-21.906834915334706	3.5612447116785288e-006	-1	
38.119613783643771	-25.847634979658675	3.2869303745309508e-006	-1	
37.212107794986146	-25.105314768040401	3.3080708790395315e-006	-1	
28.039641170575162	-14.832466006898176	4.2659956948666555e-006	-1	
29.088514251756301	-15.645344110583487	4.1625477350630849e-006	-1	
32.67869525632802	-18.097835796688141	3.9361007899895967e-006	-1	
31.584388715906723	-17.087698818340453	4.0388069723506145e-006	-1	
33.467195213112255	-18.969549698217016	3.8485871785060511e-006	-1	
30.215602252648488	-15.155481067681453	4.3088745782415258e-006	-1	
31.421368757361776	-15.393010641983036	4.3176095893817331e-006	-1	
35.686186026292312	-20.551178490059172	3.7524259962355672e-006	-1	
34.413313191757219	-18.809702958130249	3.9203964383616125e-006	-1	
35.452306544780321	-19.27733459882846	3.9071685499699592e-006	-1	
24.609428595964079	-12.640593321151789	4.5695308186642244e-006	-1	
25.459220532620765	-12.884860516474111	4.5596970379300294e-006	-1	
22.342881531970011	-11.379587259702468	4.7649798286388392e-006	-1	
24.442195250315855	-11.651735601091353	4.8256240109686064e-006	-1	
23.676875742482093	-10.910597070599875	4.9982858159400405e-006	-1	
26.011785717087317	-13.575139094464767	4.4259278622224519e-006	-1	
27.484565215273157	-13.256253905297081	4.5737637887676631e-006	-1	
23.099006550845029	-10.015573345882643	5.2448621775678423e-006	-1	
16.579341908588312	-7.0246821365615304	5.9332378667552334e-006	-1	
15.900446429568706	-6.001654443475501	6.4367527904661231e-006	-1	
13.932106297089373	-5.4469842263754842	6.3426579831957553e-006	-1	
12.941230753563001	-5.7095323032521748	5.7975978774419106e-006	-1	
18.874084712065674	-6.4653895542921109	6.4917015539727988e-006	-1	
17.295844503148892	-6.027632105599122	6.6069799073281258e-006	-1	
21.187444044844987	-8.1274136871605567	5.8380271275730124e-006	-1	
20.036034984825157	-6.1209815918048536	6.693290148011995e-006	-1	
21.118064125952611	-6.9489961090827412	6.330103555025627e-006	-1	
22.718572615137294	-8.5031154053683498	5.7443046894183095e-006	-1	
0	-1.5830875	0	-1	
0.80003501253951359	-2.001076350916994	6.4154191058267527e-008	-1	
1.6861447726565164	-2.17306528604189	2.8250798255816606e-007	-1	
2.7128272008052314	-2.6797386469913933	6.6633601249092596e-007	-1	
3.6463026295634817	-3.2096805144456875	1.1030389700913599e-006	-1	
4.6107708718098843	-3.4711614049031274	1.6618517942550784e-006	-1	
5.5434257703071328	-3.6987168498116993	2.2510211782879485e-006	-1	
9.2617435747833756	-2.7219293991164006	6.0112983471899924e-006	-1	
11.063278338483386	-2.1981714835944479	8.0262401738831744e-006	-1	
11.898569227819841	-3.123564134867749	7.5319860281232634e-006	-1	
13.212799442898737	-4.4647298250896057	6.8726637276614223e-006	-1	
6.4721536343497554	-2.4861374295935059	3.5712213708479465e-006	-1	
8.1219155462427022	-1.5749006431337003	5.955486153538835e-006	-1	
6.8674300107334494	-1.3666755241745456	4.7264761037668814e-006	-1	
39.069471094593105	-29.979059576945168	2.9548188332300741e-006	-1	
39.066424435027244	-28.90763342246192	3.0511004069802283e-006	-1	
39.40053768033615	-30.783073766282943	2.9070473278577303e-006	-1	
39.200534448856722	-27.961469480227237	3.1476094505333245e-006	-1	
39.032729099950778	-26.583044277364383	3.2700675357271413e-006	-1	
37.261730183443213	-23.273228668482268	3.5125567800627261e-006	-1	
36.447345221666879	-21.811323344675348	3.637190615083055e-006	-1	
39.02792051610723	-24.800096842803853	3.4509845031462037e-006	-1	
38.362230815539533	-23.667416698751754	3.5330334884231809e-006	-1	
29.013395454061133	-13.930962736094257	4.495731438500488e-006	-1	
32.99415499129212	-16.607654478492339	4.1824826985575475e-006	-1	
33.824223137271915	-17.834428921402729	4.0324800674926239e-006	-1	
32.48673860210166	-15.639098473468716	4.3186864819894398e-006	-1	
30.864540098136555	-14.111846632043333	4.5284191500768987e-006	-1	
32.154652713408559	-14.647616000349664	4.4737800589723791e-006	-1	
36.687668254444304	-19.1232124678003	3.9864464078540836e-006	-1	
37.134167857732677	-20.285327044440614	3.8609097402686889e-006	-1	
34.919434954754557	-17.838443054992794	4.0810141684943862e-006	-1	
35.98386470838188	-18.096308015805597	4.0912239160411131e-006	-1	
25.330459142309344	-12.010084372147789	4.7739965737194576e-006	-1	
26.284674573501885	-12.093147567433729	4.7954357497758812e-006	-1	
25.038323015237424	-10.7252410887822	5.1094382672631542e-006	-1	
24.216206002603808	-9.9918353272915112	5.2987047936024544e-006	-1	
28.540556266847869	-12.932923175232251	4.6856164338948364e-006	-1	
27.347022812639175	-12.197673902037319	4.8104966429222531e-006	-1	
23.543224016975632	-9.0997628215181816	5.5603884174588691e-006	-1	
14.596171393136759	-4.4265707770606078	7.3189300358575041e-006	-1	
16.186789043628394	-4.5914945120306871	7.4621657171892216e-006	-1	
18.52855438907898	-5.3732339394869797	7.0774703976300685e-006	-1	
17.623528757319573	-4.6710062720513044	7.4914171873520868e-006	-1	
22.167511338359564	-7.4694245826525005	6.1217668991050167e-006	-1	
20.007669740387463	-4.9093955676619325	7.3099709410718782e-006	-1	
21.123733256379555	-5.5865119939341827	6.9282806234617201e-006	-1	
22.320382529123059	-6.3080393551050591	6.5770439526439662e-006	-1	
23.908622455905189	-8.2363168895137804	5.8488357305908754e-006	-1	
23.281652113387114	-7.5392063629328998	6.0906644549387776e-006	-1	
0	-0.61548124999999998	0	-1	
0.83930246664253083	-1.0992843750000001	8.200429666600979e-008	-1	
1.8058892244377049	-1.0344450819207658	3.7677394384589238e-007	-1	
2.7647028424067175	-1.788998634089487	7.9719850281312827e-007	-1	
4.1131919789012077	-2.2431252421247829	1.6151474218522062e-006	-1	
5.3182868643512364	-2.7654756627526238	2.4205495151579281e-006	-1	
9.2259985450984647	-1.105264562314733	7.66039856985738e-006	-1	
10.263243901802644	-1.4523310387368533	8.2589900411192934e-006	-1	
11.876117533950922	-2.0785665439317871	8.7055853852580494e-006	-1	
11.343961203467563	-1.2838579461002468	9.4249230728237743e-006	-1	
13.133198457939335	-2.9510732859114488	8.2837581900701364e-006	-1	
12.693343694141562	-2.1631496532390404	9.0176784230990879e-006	-1	
14.007593632395125	-3.1740731582156911	8.3257195081133938e-006	-1	
5.7120790302227586	-1.574147864098121	3.3094468007641821e-006	-1	
8.1046940592214334	-0.678376325511024	6.8544742689917397e-006	-1	
7.2080874999999995	-0.6905873723592898	5.7145470377412414e-006	-1	
6.4567571249635058	-0.52687043682310264	4.878794067535188e-006	-1	
6.0522297603663233	-0.90910219054445796	4.0889154200401862e-006	-1	
39.931775502364694	-30.090751157602444	3.0018158428112215e-006	-1	
40.450849718747421	-29.389262614623689	3.0978384904626154e-006	-1	
39.978520422266932	-28.516401481981852	3.145999245690105e-006	-1	
40.051488082105209	-27.526625122490337	3.2425895295863951e-006	-1	
40.208892579345381	-25.844901916605078	3.4149968715833199e-006	-1	
38.019925674122732	-22.383495313838655	3.6573896816686805e-006	-1	
37.499305853595402	-21.367230101127898	3.7479953551873477e-006	-1	
40.503043582957453	-25.008207918443137	3.5160979141039283e-006	-1	
39.671630833252443	-23.559812424741768	3.6187231160012703e-006	-1	
40.359911268813136	-24.132939502393587	3.5971147673150816e-006	-1	
39.298397030903423	-22.745625017631212	3.6862120800657634e-006	-1	
30.429905051071273	-12.962331282681285	4.7344676462585567e-006	-1	
29.418964820488583	-12.263551623027535	4.8516105473049468e-006	-1	
34.378266002761357	-16.080183750699764	4.317329217908075e-006	-1	
33.493834378648486	-15.21326960673003	4.4230934633732109e-006	-1	
31.658844846406105	-12.96270810994263	4.7605769134100319e-006	-1	
33.024408296025719	-14.067233576014093	4.5973954246975424e-006	-1	
37.924308231732681	-18.972158715000205	4.0606604116958321e-006	-1	
37.532555920007148	-17.789523608164419	4.1948963893496211e-006	-1	
38.807086078076935	-20.868717513358376	3.8731690464741023e-006	-1	
38.842192240156734	-19.814527171640279	3.9992830895827391e-006	-1	
35.534709695526701	-15.779733365101309	4.4005861072133307e-006	-1	
36.382834972075145	-16.621348457660041	4.3095824689793172e-006	-1	
25.880470367971924	-11.214113221986569	5.0051895068112591e-006	-1	
27.091665693242163	-10.797912753522661	5.1412964610650352e-006	-1	
26.036645534447675	-10.25928772085032	5.2617577334368717e-006	-1	
24.545811000360644	-8.9241000351940478	5.6293524388450783e-006	-1	
28.091693416532237	-11.432837169445778	5.0071569778603146e-006	-1	
15.102817193767013	-3.1387493226828882	8.5570729212481528e-006	-1	
16.409119187288237	-3.1698361732941338	8.5969316165623707e-006	-1	
18.864985028555083	-4.2782410098863526	7.7158998758639674e-006	-1	
17.477521698031644	-2.7456532634255115	8.8655021180086562e-006	-1	
18.597673212464521	-3.003869550094568	8.5490697849938328e-006	-1	
21.013197868917413	-4.510363680612012	7.4379496608624181e-006	-1	
19.979114525422034	-3.6043020744000067	8.0081176835977049e-006	-1	
21.966822961795557	-4.9561640475315558	7.1543693723415931e-006	-1	
23.766757288871844	-6.5337949386114769	6.4345210489281449e-006	-1	
23.168683681647504	-5.197653670083203	6.9605857580297725e-006	-1	
24.635581859728077	-7.5727336778790422	6.0563543837795655e-006	-1	
0	0.35212499999999997	0	-1	
1.4327547044710822	0.20547739200393322	2.7383789426217158e-007	-1	
3.0219117520418828	-0.93462609849371769	1.0606235374697865e-006	-1	
2.6707947209609815	-0.1738562723391589	9.1143953886001757e-007	-1	
3.6168778444186231	-1.5246000359047329	1.394214402471747e-006	-1	
4.965200745108695	-1.5614555690054266	2.5612937450668724e-006	-1	
4.4267849337846181	-1.1980166642284253	2.1737030664450226e-006	-1	
8.75915	0	8.5629874212393088e-006	-1	
10	0	1.0153014816528783e-005	-1	
11.24085	0	1.1401313548458776e-005	-1	
12.296268501201146	-1.3725310887323177	9.9002453136465547e-006	-1	
11.991879898921756	-0.63261600905445914	1.0868035883765187e-005	-1	
13.578068773356311	-2.1659705750384828	9.3299414028408287e-006	-1	
13.178238551240979	-1.423133841955337	1.0196349350543452e-005	-1	
14.421649828922796	-2.1595191237464015	9.5036817430165524e-006	-1	
5.3764629633718428	-0.90680228435613597	3.2927283742178878e-006	-1	
7.5183	0	6.8609252329718186e-006	-1	
6.897875	0	5.9702089626744391e-006	-1	
5.9267651824335594	-0.35701154505061061	4.3102901303968684e-006	-1	
6.27745	0	5.0797800383853473e-006	-1	
5.6352177954731371	-0.52615772682473749	3.8204122832954846e-006	-1	
40.957602214449643	-28.67882181755234	3.1932152516522922e-006	-1	
41.451878627752151	-27.959645173537382	3.2897418761135218e-006	-1	
40.949374647296786	-27.103799819038649	3.3380480873913564e-006	-1	
41.096406967903725	-25.667375236270189	3.4847820593414825e-006	-1	
39.230170734602353	-21.834920956014464	3.7836698654166552e-006	-1	
41.87408497273934	-24.665721070362778	3.6272434511379943e-006	-1	
40.189463566214464	-22.82902253305852	3.7244409512758933e-006	-1	
40.960278117487604	-23.28377482109703	3.717442909295503e-006	-1	
41.908559254999851	-23.710721999548021	3.7244809342517434e-006	-1	
40.135056027679852	-21.958287571126689	3.8160078227478693e-006	-1	
30.864320136105817	-12.016681793322071	4.9275008863323036e-006	-1	
30.039711719633875	-11.381866558537537	5.0452103235895433e-006	-1	
29.055076649857199	-11.001245623112951	5.1175478936799715e-006	-1	
34.711280173344988	-14.986145922977078	4.4942444962776622e-006	-1	
32.643692836637776	-12.649525632497603	4.8333806779102287e-006	-1	
32.456876740090962	-11.633106145222305	5.0127224518578103e-006	-1	
34.934607869131838	-13.864565811441478	4.6723102811253063e-006	-1	
33.947688887178316	-13.172465956153179	4.764492179377196e-006	-1	
39.116184315365921	-18.594703742829395	4.1563176025554669e-006	-1	
38.450201323859815	-17.243172452889986	4.2988040802074966e-006	-1	
37.991248749625726	-16.278840971144454	4.4078797619119126e-006	-1	
39.825697119799578	-21.142544584460577	3.8907576576810485e-006	-1	
40.406186750703242	-20.348224902585045	4.0071665967732148e-006	-1	
40.704405853678821	-18.900123022410217	4.1839746153558623e-006	-1	
36.516851317694972	-15.099270079723111	4.5260041432783603e-006	-1	
37.411842605533735	-15.49182366388154	4.4953151840938123e-006	-1	
27.847870980685826	-9.8861353549618691	5.3707295504554326e-006	-1	
26.822204500499485	-9.4899886622276739	5.4737776770404698e-006	-1	
25.568863566407281	-8.3133962042618723	5.8100949581465564e-006	-1	
15.098909075473999	-1.9459100677749119	9.7829220122150394e-006	-1	
15.902134834408894	-1.9655280082076536	9.7284307067668326e-006	-1	
16.7026343458196	-1.8965568864639586	9.6848284337877975e-006	-1	
18.327880598504692	-1.6155027181321939	9.523203525923784e-006	-1	
19.525371680560127	-2.1587044083095428	8.9023826777637639e-006	-1	
21.483865694835526	-3.5363076956742483	7.8375274026079748e-006	-1	
20.769646484585593	-2.3221326086387135	8.540535922158935e-006	-1	
22.585281581620915	-4.1043144595900145	7.449353261945913e-006	-1	
25.130974227130366	-6.5328813043399041	6.366084853938786e-006	-1	
24.747305694413324	-5.4468311151505766	6.7396162879535297e-006	-1	
23.806131612826313	-4.1551933151199467	7.2761687730719741e-006	-1	
0	2.2873375	0	-1	
1.1736580035397446	1.6424789203884089	2.0598559359015507e-007	-1	
2.3885165147665619	1.0790656664873852	8.3083449251240541e-007	-1	
3.818536906858375	-0.67492962062791317	1.7602713985868497e-006	-1	
3.8999265913507846	0.066188454422114851	2.0142771983750565e-006	-1	
3.6504450756861151	0.84025470019665405	1.9151260900552203e-006	-1	
4.9315084327359067	-0.78907459865478125	2.8476840138927471e-006	-1	
4.39427395629433	-0.5492312916036286	2.3565414967094218e-006	-1	
8.7802436158613801	1.0231334619490255	9.8711123422757468e-006	-1	
7.7881205970476852	0.77225712362692556	8.1110790062464396e-006	-1	
9.6703723009097899	1.4754100517865283	1.1653293737022187e-005	-1	
10.620425000000001	1.1683545867440397	1.2540156151604337e-005	-1	
11.861274999999999	0.70980153802356982	1.3117575211010811e-005	-1	
12.4817	0	1.2275865177837352e-005	-1	
12.791912500000002	-0.64125218553894947	1.1263242759518781e-005	-1	
14.049288816947154	-1.4662404205841533	1.031700346070415e-005	-1	
13.503737985998988	-0.61403751859198297	1.1500491510819648e-005	-1	
14.509302316765863	-1.3774672553433069	1.0462343511312163e-005	-1	
5.306439309365337	-0.45189456822722668	3.452629517961393e-006	-1	
6.984910542357623	0.61721574970212811	6.6952544742426816e-006	-1	
6.3722195722012218	0.50258485333184966	5.6405115044493068e-006	-1	
5.5019187499999997	-0.21657466183544169	3.8440922317205841e-006	-1	
5.657025	0	4.201942118172528e-006	-1	
5.8858977872856721	0.3442689408961348	4.7792542751048089e-006	-1	
41.933528397271267	-27.231951750751389	3.3857893284668796e-006	-1	
41.533647165987318	-26.459851432321926	3.4342657247000042e-006	-1	
41.998826956766607	-25.73691426005918	3.5301752035170603e-006	-1	
42.858365035105685	-25.751903745502744	3.577387519358926e-006	-1	
43.301270189222016	-25.000000000000036	3.6736695581479593e-006	-1	
42.740289529207146	-24.181292347489176	3.7220402015135435e-006	-1	
40.927613158527713	-22.32296927963705	3.8167359411019676e-006	-1	
41.815372317931946	-22.69188385367546	3.8231032597588585e-006	-1	
42.709397662733807	-23.189310889105837	3.8182517306352344e-006	-1	
40.615676558285905	-21.309487608155429	3.910573430408185e-006	-1	
31.044979218808024	-10.991824867371866	5.1279788045215026e-006	-1	
29.860304070415228	-10.318612985232907	5.2680560732109322e-006	-1	
28.880566735968298	-9.979159382777091	5.3479315903834761e-006	-1	
36.065002746192654	-14.016641478527735	4.671541465985273e-006	-1	
33.490493455345266	-12.057125818015377	4.9449594765563575e-006	-1	
33.268808841449534	-10.962131695231818	5.1310447014262176e-006	-1	
31.961780214406218	-10.163556650247299	5.2832334692591504e-006	-1	
35.662121875204946	-12.949586376671578	4.8228089669251094e-006	-1	
34.602893340782202	-12.160676249441408	4.9348595474177726e-006	-1	
39.505586933800416	-17.406677457131249	4.314559400602394e-006	-1	
39.863771192571242	-16.036158100224615	4.4924635743183039e-006	-1	
38.369318948228347	-15.296000338092531	4.5454789006250189e-006	-1	
41.380916818305529	-20.214758562582961	4.0653872866314952e-006	-1	
42.164504988366666	-18.667648925725782	4.2668531223586047e-006	-1	
41.302482001223289	-17.95500104108314	4.3141132005825227e-006	-1	
37.759798950987118	-14.437281432971428	4.6455899870217377e-006	-1	
28.343847537815943	-8.9887761834162863	5.5848783867455803e-006	-1	
26.757711203651489	-8.3923709940919249	5.7649985198394529e-006	-1	
26.282531113187957	-6.557847173216536	6.2937672364195006e-006	-1	
14.959983473742753	-1.2494844845172683	1.0608442724953741e-005	-1	
15.428203515875815	-1.3167248109923053	1.0471543047607347e-005	-1	
15.983598912853626	-0.69515469643914996	1.1008461475210845e-005	-1	
16.850428653807366	-0.36731165222325901	1.0996444965277568e-005	-1	
18.322700647227403	-0.20117472125690061	1.0495851892950092e-005	-1	
19.543680324592394	-0.90387638895822975	9.6084926747952613e-006	-1	
21.941056830690229	-2.203901418458595	8.3459135788997446e-006	-1	
22.726667362523358	-2.8731529346567868	7.9185674294621507e-006	-1	
21.429631229145997	-1.3075056611360636	8.8563911540604167e-006	-1	
20.567006608972651	-0.45843177134684249	9.5080407126625379e-006	-1	
26.515056430079266	-5.329494319106086	6.6244236383669101e-006	-1	
24.810142551102025	-4.4123237246021789	7.0701569037009618e-006	-1	
25.837894040610152	-4.2786042889482365	6.994420980107113e-006	-1	
24.371254004372052	-3.0718188926750103	7.5687716773520912e-006	-1	
0	3.2549437499999998	0	-1	
0.8445981449837886	2.7711406250000001	1.1543173907756746e-007	-1	
2.3992822828292675	2.18207212177962	9.1281497345668953e-007	-1	
1.7659029792688832	3.0851611539351897	5.1506393719428585e-007	-1	
3.4400115998092282	1.8165291954949707	1.8529961929454866e-006	-1	
4.2208044468320454	-0.24428586263733448	2.2693768354390483e-006	-1	
4.1615319464124854	0.42801650459902674	2.4002500391366004e-006	-1	
4.3460881891742549	0.083414258304440075	2.5132313681261175e-006	-1	
4.3052563153678118	0.79154782465551021	2.6855523163299697e-006	-1	
4.3859624814080176	1.4962620140010114	2.9901062591313764e-006	-1	
4.745542971375273	-0.34202676891621886	2.8260291120072771e-006	-1	
5.032578908080148	-0.31555619995551082	3.1839321866931878e-006	-1	
4.5655281941586958	-0.17910209633318228	2.6789559751898838e-006	-1	
8.1195819172396355	1.804653225975589	9.5920310566415595e-006	-1	
7.1611126418384945	1.2976572032691831	7.5456903394051217e-006	-1	
9.7031368573710139	2.4733126890718258	1.2639347730541641e-005	-1	
11.073082855716587	2.4614108721727179	1.4455928134109566e-005	-1	
12.791912500000002	0.86033142741227142	1.3838965930938735e-005	-1	
12.526384334366593	2.2662369850725108	1.543094539475891e-005	-1	
13.102125000000001	0	1.2504123858233522e-005	-1	
14.20845217534449	-0.69474368463218661	1.1426374826160417e-005	-1	
14.032762500000002	-0.233178180652407	1.2165795853982855e-005	-1	
13.72255	0	1.2584989967932105e-005	-1	
14.61872741627734	-0.92192445551079927	1.10735036051572e-005	-1	
5.2433387258830617	-0.15255197784076774	3.5402021477389069e-006	-1	
6.5133372898568531	1.0248297028976607	6.2537637060137232e-006	-1	
6.0001955658540194	0.85354203777914928	5.2878367275368761e-006	-1	
5.3468125000000004	0	3.7713754922055347e-006	-1	
5.5019187499999997	0.19108945352649004	4.1080899197659135e-006	-1	
5.4251499091551985	0.44066378065901024	4.1453943759931815e-006	-1	
5.4865895741500585	0.76063372447906297	4.4197278282299245e-006	-1	
42.402404807821362	-26.495963211660282	3.48176079101906e-006	-1	
43.730985356969875	-24.240481012316888	3.7687324110652283e-006	-1	
41.403234146045506	-21.487505956518291	3.9290234195270776e-006	-1	
42.568641968935239	-21.999569036845347	3.9314588160613388e-006	-1	
44.147379642946433	-23.47357813929457	3.8642012416059334e-006	-1	
43.558168232173351	-22.674947164059244	3.9120078286345361e-006	-1	
30.791327804592619	-9.3236937664663966	5.46382668290481e-006	-1	
29.367422206894229	-9.0482835342302774	5.5501252408378254e-006	-1	
36.812815153987451	-13.155423626092464	4.8069434068532898e-006	-1	
34.294080708187934	-10.720764653091985	5.1668165240967765e-006	-1	
33.17171094739107	-9.9133169123811999	5.3143962712857466e-006	-1	
32.182024917964043	-8.9478080843080772	5.5061164275604513e-006	-1	
36.330409667926936	-11.990495441888458	4.9695769059875763e-006	-1	
35.75952836145386	-10.866276930542144	5.136453394628767e-006	-1	
41.295687412543266	-16.836562633564018	4.4412333837000342e-006	-1	
41.260801086910789	-15.801793544012259	4.5589306471942429e-006	-1	
40.728196114774669	-14.913933156302683	4.6493292694973954e-006	-1	
39.158720955857262	-14.599037458592651	4.6527677294967805e-006	-1	
42.794642937599804	-19.958797218836779	4.1537585848414074e-006	-1	
42.689586790240561	-20.807650335525345	4.0602328598019212e-006	-1	
43.416799537711519	-19.371847840485216	4.2407442142008336e-006	-1	
43.05123870529507	-17.849361057693848	4.3873870655479055e-006	-1	
42.469273278212654	-16.830214194647898	4.4784377594797472e-006	-1	
38.406236652470497	-13.186175487962949	4.8224811102190422e-006	-1	
27.955200082426305	-8.0399878069071828	5.8246493458248922e-006	-1	
28.997386734723495	-7.3529648763048483	5.9475907883329734e-006	-1	
27.512269287976906	-6.8729548867509997	6.1400006504060499e-006	-1	
27.748818018786228	-5.6257205272119926	6.4428882586129538e-006	-1	
15.068491567264095	-0.78907459865476781	1.1168961612364957e-005	-1	
15.432128296357607	-0.67813885072379176	1.1208003867941061e-005	-1	
15.574059007741683	-0.32544339557750673	1.1576617302747485e-005	-1	
15.950883277144605	-0.14439243643574087	1.1608437010780714e-005	-1	
16.544441824826208	0.64753654187279719	1.2029007922146649e-005	-1	
17.732578130266472	1.1578476175645136	1.1688247235304917e-005	-1	
18.937565567018545	1.1468339704250812	1.0982141845198228e-005	-1	
19.922752682306296	0.45291584051014833	1.0172133926060134e-005	-1	
23.131023285344956	-1.9736562685596284	8.1762614020659842e-006	-1	
22.420327547707565	-1.2899095807103556	8.5961583270774655e-006	-1	
21.628457645579136	-0.11355601321142739	9.2816406458965176e-006	-1	
21.505438230582996	0.91890085174726932	9.7001422646299864e-006	-1	
27.093301609010378	-4.2210939987165537	6.8625396235207916e-006	-1	
25.218757389902063	-3.5364413516004389	7.2946462829940308e-006	-1	
26.156164615501609	-3.3837590289007382	7.2030928304894598e-006	-1	
25.31704134896815	-2.4521113483201864	7.5986209082903616e-006	-1	
24.402687093545822	-1.7868990233295075	7.9740109672501897e-006	-1	
0	4.22255	0	-1	
1.0021477905336744	3.8174241153310042	1.6956227513635961e-007	-1	
3.234116332083925	2.8946196231924306	1.7503139157376687e-006	-1	
2.9172822342208042	3.87906712163791	1.4707759008285251e-006	-1	
1.9824609165116325	4.3213677283758924	6.781382733348526e-007	-1	
4.3587478144610499	2.2080875	3.1254082053564524e-006	-1	
4.5465966130031159	0.36065986099898795	2.8567495722291842e-006	-1	
4.6844438000444919	0.032578908080151014	2.9064986278950756e-006	-1	
4.7668218193475926	0.96723749999999997	3.3836705063837676e-006	-1	
4.7512757858671106	0.57947187499999997	3.2153202081995406e-006	-1	
5	1.27745	3.8638903894311128e-006	-1	
5	1.897875	4.0872003360613523e-006	-1	
4.8079800404336037	-0.19201995956639503	2.9658401674242121e-006	-1	
5.0684011239852804	-0.14772797657489528	3.3150308222176132e-006	-1	
4.9666675241169385	-0.15710988987066779	3.1794550051189518e-006	-1	
8.4847709410875822	3.1492524275511591	1.1045333322640068e-005	-1	
7.2662369850724922	2.4736156656332691	8.4894053355958504e-006	-1	
6.511384553618111	1.5658011253919852	6.5851189592840988e-006	-1	
9.8439838958516361	4.1631944700606711	1.3804199164806741e-005	-1	
11.492464553993115	3.7656396415146776	1.5700714101911845e-005	-1	
13.434198874607999	1.5113845536181154	1.4823513708342312e-005	-1	
13.729700687393624	0.68597200965069516	1.3746175675013301e-005	-1	
13.702342796730786	2.1611126418385691	1.5511303611307036e-005	-1	
13.195346774024301	3.1195819172399619	1.6295624489100211e-005	-1	
14.420528125000001	-0.24872421413288834	1.2093105342065457e-005	-1	
14.63934013900101	-0.45340338699688182	1.173276160374659e-005	-1	
14.342974999999999	0	1.2527526107627245e-005	-1	
14.035727094526012	0.23225380917272781	1.2970724075767539e-005	-1	
5.1141531250000005	-0.05637974154864716	3.4233608452506208e-006	-1	
5.1917062499999993	0	3.5592915376979302e-006	-1	
5.6859720096506949	1.2702993126063695	5.0167962240118363e-006	-1	
5.2578088531678713	0.2224500387685166	3.7778765739897469e-006	-1	
5.1634419606079822	0.35622909681396819	3.7136728514654116e-006	-1	
5.2157834042125666	0.57947187500000008	3.9051723384996162e-006	-1	
5.2322538091727271	0.96427290547398858	4.110779961959586e-006	-1	
43.434295374298507	-21.327070201193656	4.0409073218516682e-006	-1	
44.550326209418479	-22.699524986977377	3.9586760988493744e-006	-1	
44.071929109585874	-21.973453285474154	4.0062839684873814e-006	-1	
31.633246758062111	-7.9076398219199229	5.7186765070212186e-006	-1	
30.45728295565759	-7.9223577803120415	5.7615915843060931e-006	-1	
37.568566331979611	-11.752292161902483	5.0081200310565232e-006	-1	
34.289244769989779	-9.5313162054396088	5.3613886850782849e-006	-1	
35.440210594348663	-9.7960501396336213	5.3007544645707487e-006	-1	
33.173483569169342	-8.5306808099514253	5.5531724550309728e-006	-1	
36.864474216698554	-10.900059280925181	5.1266681115464434e-006	-1	
36.555515915830199	-9.8547294395814617	5.2779280680519846e-006	-1	
42.2823744193566	-15.633412871595617	4.6050794761262001e-006	-1	
41.947912662543985	-14.522946464467434	4.7206148634536374e-006	-1	
40.060891428108086	-14.171186716779831	4.7244727012456237e-006	-1	
41.574450037944942	-13.424981995025025	4.8383139949460922e-006	-1	
39.399565000721559	-13.399827142229643	4.8091375265008101e-006	-1	
43.461935195048952	-20.493876139145055	4.1268545538814572e-006	-1	
44.08594927197344	-18.470058860904086	4.3596598313123083e-006	-1	
44.222964272774469	-20.153565916582767	4.1940065791945908e-006	-1	
45.033787080084785	-19.581247913776664	4.2847651822513309e-006	-1	
44.231197562121402	-17.597192828325035	4.4544341050203428e-006	-1	
43.58891560906973	-16.478439923660734	4.5503235750065882e-006	-1	
39.092245987877817	-12.412680884389058	4.9296423902940272e-006	-1	
28.642382947964489	-6.294688542259423	6.2148304123538624e-006	-1	
30.076116785645159	-6.4024177795654857	6.0972670790843261e-006	-1	
28.1786048158555	-4.4319027298901199	6.6924105299659352e-006	-1	
28.95176361902034	-5.2221867528945332	6.4359633596965843e-006	-1	
14.967421091919855	-0.31555619995550677	1.1833737327152648e-005	-1	
15.254457028624723	-0.34202676891621331	1.1690421395206632e-005	-1	
15.537937001519415	-0.079190034144996813	1.1885139280973167e-005	-1	
15.301669805833718	-0.15744174079187351	1.1905341070616476e-005	-1	
15.961091410023327	0.83122724480025623	1.2589404736090836e-005	-1	
15.605976272781067	0.33329831403393534	1.2315745384336932e-005	-1	
16.464960270738132	1.4132497250023071	1.2708212960348181e-005	-1	
17.215410437842987	1.8644652553861891	1.2467459397400952e-005	-1	
18.521356764399684	2.2777125031491821	1.174220054624605e-005	-1	
20.546982613469613	1.3219688168476247	1.0249694285789462e-005	-1	
19.832038289936669	2.1180659823300836	1.0899753668832045e-005	-1	
23.373028876470492	-1.0176064484640497	8.4475919731820374e-006	-1	
22.627508334165562	-0.32095914886131571	8.8864614451275388e-006	-1	
23.096972050695918	0.58497802219632677	9.0168835499465834e-006	-1	
21.963543106065007	1.8523037002140741	9.7912774600630918e-006	-1	
20.939223526640145	2.3174903629109633	1.0380369179550019e-005	-1	
27.069734486821737	-3.1791919223677438	7.1288203941049985e-006	-1	
27.991619617100376	-3.3422422748061376	6.9638813876240853e-006	-1	
26.447433520158974	-2.4797642150600181	7.3955185943303099e-006	-1	
25.915946229690434	-1.0879917455633472	7.8369796418143509e-006	-1	
23.936349287787017	-0.095501779396341968	8.5722534450723532e-006	-1	
25.001224594859409	0.087930733833363361	8.3352302716001352e-006	-1	
0	6.1577624999999996	0	-1	
0.96118573779724858	4.8747098587266775	1.5910521384009688e-007	-1	
4.3042024952400517	3.138725	3.2055285673711144e-006	-1	
2.9471641524251915	5.1241452202696056	1.5283189164054722e-006	-1	
3.8222753758864081	4.379575	2.597513241411252e-006	-1	
1.8894395717350032	5.5729471562546022	6.1775282624150478e-007	-1	
5	2.5183	4.2688990034181232e-006	-1	
4.8393658684049008	0.42436562499999997	3.275748356598878e-006	-1	
4.8474480221592318	0.24333872588306105	3.20871642603102e-006	-1	
4.8522720234251064	0.068401123985281115	3.1379215324097016e-006	-1	
4.842890110129332	-0.033332475883060542	3.0795282847382307e-006	-1	
5	0.65702499999999997	3.6132849285785461e-006	-1	
5	0.50191874999999997	3.5436960054693378e-006	-1	
5.8603314274122775	2.2080874999999995	5.7310610583775455e-006	-1	
5.0183	-0.058690776401748759	3.295144755061591e-006	-1	
4.9532133624141421	-0.046786637585857709	3.2156303722980987e-006	-1	
8.4515168424040716	4.4455789160860038	1.1356687067570187e-005	-1	
7.3366147023833577	3.7833392176885372	9.1023008728135005e-006	-1	
5.7098015380235712	3.138725	5.7745054641015151e-006	-1	
10.454707162802986	5.5514735556598831	1.4690643282752475e-005	-1	
11.531650998623478	5.1449765061871062	1.6036971566982282e-005	-1	
9.3413558354948183	5.2590753704347124	1.3035992028740245e-005	-1	
12.730615648698963	4.4619029145759921	1.6741915442089142e-005	-1	
13.975170297102332	1.5133372898568722	1.4771684851249598e-005	-1	
14.146457962220845	1.0001955658540269	1.4081939974765529e-005	-1	
14.239366275520936	0.48658957415006232	1.3339989376594241e-005	-1	
14.382784250297881	1.9849105423576163	1.5075616579725794e-005	-1	
14.227742876373114	2.7881205970476266	1.5835403149237951e-005	-1	
13.976866538051109	3.7802436158612038	1.65072666367025e-005	-1	
14.575634374999998	-0.16063413159509862	1.2195238919334664e-005	-1	
14.498081249999998	0	1.2483616936120717e-005	-1	
14.75666127411694	-0.15255197784076768	1.2147629072537594e-005	-1	
14.420528125000001	0.21578340421256731	1.2861121631762912e-005	-1	
5.0366	0	3.3498477293785859e-006	-1	
5.0769907764017486	0.076990776401748756	3.4451558933123346e-006	-1	
5.1302351306546008	0.19591923053186688	3.5828725258433926e-006	-1	
5	0.34681249999999997	3.4709524580124446e-006	-1	
44.32297801677008	-21.140976050317754	4.1000842772000315e-006	-1	
44.939702314958438	-21.918557339453908	4.0524467935292967e-006	-1	
32.409717123745708	-7.0243498049492104	5.8485634117185479e-006	-1	
31.33987730146794	-6.3495712069976351	6.0312123511121221e-006	-1	
38.240226035263788	-10.942121188080424	5.1168533799174939e-006	-1	
34.234101375025759	-8.3515850535461773	5.5530947789295057e-006	-1	
36.074308910800909	-8.8766652662319387	5.4255289856863834e-006	-1	
33.462567007144457	-7.4946228067727745	5.7200860114898398e-006	-1	
37.619314516485026	-10.092431450771901	5.2330267285396126e-006	-1	
37.080971797653618	-8.5272624442100078	5.4527172828444589e-006	-1	
43.777447356461593	-15.20227772819495	4.6892915779815125e-006	-1	
42.961609517067302	-13.959546965656973	4.8035231888686557e-006	-1	
40.401769842876639	-13.23269338989043	4.8429354119423602e-006	-1	
42.29158871492907	-12.632503916977766	4.9367864893808246e-006	-1	
41.304842118740858	-12.460285329254443	4.9448506776360663e-006	-1	
40.074571843692439	-12.090285749466098	4.9777769581652846e-006	-1	
44.929153138208164	-18.141113953517461	4.4241770317065688e-006	-1	
45.67727288213014	-20.336832153790045	4.2382242434325411e-006	-1	
45.315389351832586	-21.130913087035008	4.1454151863726818e-006	-1	
46.025242672622113	-19.536556424463722	4.3296517963411809e-006	-1	
45.497362722498281	-18.845624691866867	4.3756489702281192e-006	-1	
44.800947081626518	-16.920156890102483	4.5419906901329441e-006	-1	
45.229202312555387	-15.550775078795818	4.6925064296438135e-006	-1	
39.250454053263702	-11.236982368108489	5.0793985233020086e-006	-1	
30.843139461504364	-5.1863279306649721	6.286370684798368e-006	-1	
29.266561575577533	-4.1408660220952109	6.6390427498442804e-006	-1	
30.336227992071116	-4.2392740060936802	6.5126770907446707e-006	-1	
14.93159887601472	-0.14772797657489412	1.2086810562572285e-005	-1	
15.033332475883061	-0.1571098898706664	1.2028619551573267e-005	-1	
15.315556199955511	0.032578908080147052	1.2139164226367081e-005	-1	
15.157109889870668	-0.033332475883061978	1.2138708953857429e-005	-1	
15.357011545050609	0.92676518243355566	1.3160373870776426e-005	-1	
15.740854521576679	1.6746017104355804	1.3534624706819518e-005	-1	
15.216574661835439	0.50191874999999997	1.2786011279125179e-005	-1	
15.152551977840769	0.24333872588306249	1.2506225353811965e-005	-1	
16.474691263371916	2.3314834699541098	1.334717492257809e-005	-1	
17.59394870871537	3.2857717245654938	1.2797377538968283e-005	-1	
19.084291768781647	3.2062976732370174	1.1678137563024986e-005	-1	
20.360817240364181	3.2824128468135028	1.0907285593771794e-005	-1	
23.208064651532407	1.8248355978159276	9.2888372478949589e-006	-1	
24.266624161601879	1.1698240426328006	8.7857818261926938e-006	-1	
22.127624862525359	3.5739497317184399	1.004928494882337e-005	-1	
28.279156554212765	-2.2154260862861506	7.1665207265460041e-006	-1	
27.211275570931889	-1.7549671647070864	7.4356033629278574e-006	-1	
29.41723208812795	-2.2301117828521289	6.9984737537929837e-006	-1	
29.942320243205678	-3.2399206855545297	6.7412663539083407e-006	-1	
26.340255709038427	0.18579947814145725	8.0214994207057608e-006	-1	
26.967287569881933	-0.73063552989688729	7.702381868808432e-006	-1	
25.417037317212792	1.1606073652899092	8.4422409165083257e-006	-1	
0	8.0929749999999991	0	-1	
0.67259551294307274	7.1253687500000007	7.4832083687064305e-008	-1	
5	3.75915	4.5080962637799824e-006	-1	
3.8947354376854282	5.7740014549018355	2.6976303557696115e-006	-1	
3.4250993568663972	6.8780844537572827	2.0144319829409739e-006	-1	
5	5	4.6006025472589834e-006	-1	
2.0370296019333827	6.9417474834448667	6.999962514370397e-007	-1	
4.9436202584513529	0.11415312499999998	3.2810397870595231e-006	-1	
5	0.19170624999999999	3.3963959244469397e-006	-1	
4.9413092235982514	0.0183	3.2316971430427047e-006	-1	
5	0	3.3008082448579432e-006	-1	
7.4733126890726638	5.2968631426293582	9.5776846517169729e-006	-1	
6.1683545867440399	4.379575	6.8763685332119183e-006	-1	
9.691135097566697	6.4128710120832366	1.339079435849324e-005	-1	
11.234360358484224	6.4924645539904002	1.5487699722875625e-005	-1	
12.538802780811157	6.0737192003636569	1.6639209393021332e-005	-1	
8.1492524275504188	6.5152290589128707	1.0677330612427239e-005	-1	
13.831645413255959	5.620425	1.6792140731421245e-005	-1	
14.497415146668153	1.3722195722012236	1.4375884792900012e-005	-1	
14.655731059103864	0.88589778728567337	1.3698557676890332e-005	-1	
14.559336219340992	0.42514990915520218	1.312121636625935e-005	-1	
15	1.897875	1.4461629373633104e-005	-1	
15	2.5183	1.4957747329583196e-005	-1	
15	3.75915	1.5613511904447577e-005	-1	
15	5	1.589648265937026e-005	-1	
14.6531875	0	1.242852137769992e-005	-1	
14.643770903186031	0.16344196060798269	1.2692593451280098e-005	-1	
14.885846875	-0.056379741548647028	1.224128618746642e-005	-1	
14.808293750000001	0	1.2363403764539003e-005	-1	
5	0.036600000000000001	3.3193547614109004e-006	-1	
32.672478584745029	-5.4222622775570661	6.1087662055608891e-006	-1	
33.965336465984151	-6.4568981590579018	5.864178247571694e-006	-1	
31.813175918937013	-4.8750026760433842	6.2651190474741738e-006	-1	
38.616226251578304	-10.015648014723807	5.2345190424269324e-006	-1	
35.204321921120531	-6.5894362700451232	5.7868743590831154e-006	-1	
35.97885877368828	-7.5655223179517694	5.6164666576462819e-006	-1	
38.036500192484695	-8.9988745586378229	5.3722879525919063e-006	-1	
37.290851080886249	-7.4825600051043644	5.5856386345537432e-006	-1	
44.08838521277778	-14.108991495961481	4.810322722935107e-006	-1	
45.169999887035011	-14.663909540508971	4.7791787434852656e-006	-1	
43.350707108905283	-12.48905492341815	4.9660645710374652e-006	-1	
42.328874183238803	-11.564365733002985	5.0536575136878568e-006	-1	
41.119731115493487	-11.475875859814423	5.055788414707594e-006	-1	
45.829938664471193	-18.052892936725474	4.4652542612022234e-006	-1	
45.996873174019271	-17.197526183971394	4.5544592632636376e-006	-1	
46.359192728339465	-18.730329670795633	4.4199378934503115e-006	-1	
45.811181548912288	-16.222590216045461	4.6431710488563959e-006	-1	
45.979750291750662	-15.074631044795384	4.7597250468145941e-006	-1	
39.61190029236429	-10.107091484271683	5.2167591387551074e-006	-1	
31.087526552698396	-3.3658316571794344	6.5937915869218014e-006	-1	
14.9817	-0.058690776401748759	1.2192273791083112e-005	-1	
15.046786637585857	-0.046786637585857709	1.2176471244229458e-005	-1	
15.147727976574895	0.068401123985280282	1.228017792366196e-005	-1	
15.058690776401749	0.018299999999999983	1.2261447754879008e-005	-1	
15	0.65702499999999997	1.3151151665552586e-005	-1	
15	1.27745	1.3860090448869509e-005	-1	
15.497561054957556	2.2080874999999995	1.4188940220079688e-005	-1	
15	0.34681250000000002	1.2750377983967874e-005	-1	
15.056379741548648	0.11415312499999999	1.2395916218473026e-005	-1	
15	0.19170624999999999	1.2539461584869658e-005	-1	
15.73229804858209	3.138725	1.4485307456777078e-005	-1	
18.395082793581594	4.0454384395982199	1.2376261138446035e-005	-1	
16.154613191381852	4.379575	1.4461619974279425e-005	-1	
17.401030418840641	4.525822885781615	1.3272630510951981e-005	-1	
19.486002280435503	4.2151558902786226	1.1613608076157246e-005	-1	
20.598562421149431	4.3820066176932677	1.0930801017835043e-005	-1	
24.293450988385128	2.2424558962974515	8.9779542218645633e-006	-1	
23.443896972766478	3.2877878394336379	9.4438270920697808e-006	-1	
25.366285152092374	2.2593564677048565	8.6388946754315614e-006	-1	
21.419131438112899	5.1516141282749928	1.051324805352548e-005	-1	
23.006279064173853	4.4451963180061789	9.724190988185728e-006	-1	
28.02079132919415	-1.081565590715482	7.4295070525129169e-006	-1	
29.968202160728435	-1.2341883070375581	7.0847272156817186e-006	-1	
30.631147430414156	-2.2457761142979278	6.8312224818862434e-006	-1	
27.019001939743106	0.98462309505950318	8.0018736150370044e-006	-1	
28.015476503527143	0.65927088533401879	7.7294109151212078e-006	-1	
26.36881941312944	1.8068629011550899	8.2893131799046456e-006	-1	
0	10.0281875	0	-1	
0.8041356086957141	9.3251563556499129	9.3648526251182454e-008	-1	
1.3144646761257257	8.1136250712170295	2.7344957391765378e-007	-1	
4.3216236744890058	6.8953059407786332	3.2588272355357401e-006	-1	
5	6.24085	4.5208957186942419e-006	-1	
4.3094126276407358	7.7919125000000005	3.1118882615427701e-006	-1	
3.6333244758254839	8.1325699892665071	2.141032772500969e-006	-1	
2.5593845545294815	8.5360209833406628	1.0151860557380611e-006	-1	
6.4754100517872235	5.3296276990901186	7.5235453657666929e-006	-1	
6.0231334619491745	6.2197563841383952	6.5280792074625222e-006	-1	
6.804653225975521	6.8804180827606372	7.9824434841083954e-006	-1	
10.538097085417528	7.7306156486985742	1.3875515120385885e-005	-1	
8.7833392176884217	7.6633852976167249	1.1296269338745902e-005	-1	
11.880418082758496	8.195346774023907	1.4867927251994375e-005	-1	
12.733763014927346	7.5263843343660408	1.5983235766957074e-005	-1	
14.290198461976431	6.861275	1.6242175806794762e-005	-1	
7.4736156656331731	7.7337630149275238	8.9304769604978823e-006	-1	
15	6.24085	1.5769580024148327e-005	-1	
14.808910546473509	0.50191874999999997	1.3089174341302287e-005	-1	
14.777549961231484	0.25780885316787067	1.2768417923482144e-005	-1	
16.459668568167174	5.3557519279883996	1.4197861464300627e-005	-1	
14.804080769468133	0.13023513065460041	1.2566736794288654e-005	-1	
14.9634	0	1.2287385859073738e-005	-1	
14.923009223598251	0.076990776401748756	1.2422398993128666e-005	-1	
33.919211897067221	-5.3141936712983755	6.0427193966960394e-006	-1	
32.10835394884819	-3.8999313588714379	6.4039495176502932e-006	-1	
33.527061752123231	-4.2398942316522685	6.2310512323873215e-006	-1	
35.058362340770721	-5.2130141831911043	5.9879824244056939e-006	-1	
39.203857585018383	-9.08365240179387	5.3440309857795694e-006	-1	
36.422660004815782	-6.328086652250577	5.7681691145580944e-006	-1	
38.717819191216797	-7.7068956445322918	5.5193673105431534e-006	-1	
38.184564906411374	-6.3477295926271893	5.6969674813671294e-006	-1	
37.310249026488925	-5.7426303009483375	5.8038340291418339e-006	-1	
44.865529244555255	-13.279531255832747	4.9097654018406177e-006	-1	
45.659732565413101	-13.778620129144864	4.8770357292732905e-006	-1	
43.825381961519383	-10.84764616291436	5.1394129302096165e-006	-1	
44.86180540586183	-11.691483063522238	5.0662015884652372e-006	-1	
42.801406377085527	-10.269797869727686	5.1930540962558215e-006	-1	
41.630472783037895	-10.376330333259277	5.1811536479324077e-006	-1	
46.679021324860187	-17.918397477265042	4.5090384017350359e-006	-1	
46.984631039295522	-17.101007166283466	4.5968514422406021e-006	-1	
47.275928779965945	-16.278407722857864	4.6838066877495633e-006	-1	
46.701137757605572	-15.62598210911637	4.7273001049714087e-006	-1	
46.833885035787205	-14.766667230281254	4.8117598770100537e-006	-1	
46.597423688441758	-13.80278572698216	4.8960929863128154e-006	-1	
40.727513382590047	-9.4445434683309966	5.2878088516063981e-006	-1	
32.454408178867446	-1.9959101295498338	6.6509681848552315e-006	-1	
15	0	1.2267741464982777e-005	-1	
15	0.036600000000000001	1.2320448571186633e-005	-1	
18.712286378735403	5.597495087463777	1.2212881469286459e-005	-1	
17.198171483594447	6.0632783384833866	1.3430949011676825e-005	-1	
20.16168991788372	5.9572341681770773	1.1206676391532252e-005	-1	
24.787703333501973	3.1948074025585704	8.9359326576026068e-006	-1	
24.216831029594172	4.7014535309965488	9.2503063825474364e-006	-1	
26.414995964921857	3.2460132217991799	8.4326199911921932e-006	-1	
22.302812022400708	5.8476180886156719	1.006028839948561e-005	-1	
21.442711719361309	6.5725597114851864	1.0423121021564858e-005	-1	
23.397017120686971	5.5867961364308609	9.5771844902509232e-006	-1	
28.852379938674453	-0.20860037471032367	7.4302070661490672e-006	-1	
30.531502560432539	-0.12139705635331555	7.1560885504761911e-006	-1	
31.392440283142868	-1.023837051876872	6.9143155908994965e-006	-1	
27.960252565935839	2.1787889473638451	7.9297169754731254e-006	-1	
29.168998537017341	0.95473987945253103	7.5313323007637985e-006	-1	
0	10.995793749999999	0	-1	
0.8272065099577065	10.393030224893645	9.098370034461902e-008	-1	
1.7117186405986506	9.8883436311635666	4.0779712907733887e-007	-1	
5	7.4817	4.3285802089720132e-006	-1	
5.7722571236269697	7.2118794029522233	5.8574820736255109e-006	-1	
5	8.1021250000000009	4.1745088827513083e-006	-1	
4.4731295631769026	8.5432428750364888	3.1967733405299782e-006	-1	
3.4258521359018843	9.2879209697772538	1.7373202578137013e-006	-1	
4.0908978094555302	8.9477702396336518	2.5706492957959355e-006	-1	
2.7072034560367801	9.6736805244731858	1.0450039978806258e-006	-1	
6.2976572032691696	7.8388873581615588	6.6581045107900025e-006	-1	
11.219756384139895	8.9768665380518922	1.340121326509685e-005	-1	
9.3795749999999991	8.831645413255961	1.1285665915290391e-005	-1	
8.1387250000000009	9.2901984619764288	8.9219890282564789e-006	-1	
12.211879402952778	9.2277428763733536	1.3858017236238536e-005	-1	
12.838887358161088	8.7023427967306901	1.4842668638430356e-005	-1	
13.488615446381838	8.434198874607933	1.5239197099866187e-005	-1	
14.139668572587736	7.7919125000000005	1.569286204791792e-005	-1	
15	7.4817	1.523109561252761e-005	-1	
6.565801125391979	8.488615446381889	6.8272992670431528e-006	-1	
7.2080874999999995	9.1396685725877198	7.5040223657754199e-006	-1	
15.632616009054461	6.9918798989217574	1.474764163381648e-005	-1	
16.321388056924018	6.3690922843607467	1.4206041551273843e-005	-1	
34.572638893269094	-4.2859615994558347	6.1457681168449235e-006	-1	
33.322679500602746	-2.9592283774434915	6.4299680887996691e-006	-1	
34.588904957088317	-3.2394965137358502	6.2828208116037757e-006	-1	
35.470131144369375	-3.7765530952713577	6.1493879043293824e-006	-1	
36.09681936135194	-4.5964623851417237	6.0073477817226399e-006	-1	
40.027614646669555	-8.3519757587738646	5.4184261165487358e-006	-1	
39.177296657976349	-6.7424332298472027	5.619562134199641e-006	-1	
38.576963443739878	-5.1874849671799366	5.8127436196249428e-006	-1	
37.301665267502884	-4.6793806925512866	5.9308640816460853e-006	-1	
46.246331346823965	-13.046670344000511	4.9591750041185129e-006	-1	
45.869287001044839	-12.303155807464639	5.0224290335175966e-006	-1	
45.126700648429292	-10.543008762207814	5.1788056437796351e-006	-1	
43.704286219164885	-9.5166427474439939	5.2694856470912079e-006	-1	
45.818990858287506	-11.00376312053732	5.143182382237608e-006	-1	
42.045106984524544	-8.4453864580632754	5.3837121764415692e-006	-1	
47.552825814757774	-15.450849718747401	4.7686550420775102e-006	-1	
47.81523779815187	-14.618585236136864	4.8517771125262911e-006	-1	
48.063084796916051	-13.781867790849986	4.9338040802449065e-006	-1	
47.320704352742759	-13.12319275921479	4.9751506930400426e-006	-1	
32.627045372360243	-0.74118337591905203	6.7864071326465301e-006	-1	
34.122624643801323	-1.5861992476428972	6.5223437385786093e-006	-1	
18.931797014292659	6.8043151980582035	1.1890254902594449e-005	-1	
17.753395807215082	7.1448593121109987	1.2698480411395196e-005	-1	
16.372531088732316	7.2962685012011459	1.3845815241013594e-005	-1	
20.126303178413021	7.2222483464997849	1.1038968209245388e-005	-1	
25.47007974517707	4.3148372717275745	8.7936945203032071e-006	-1	
25.838707214471828	5.4890863982199516	8.685305286288776e-006	-1	
24.366092551377154	6.3056975092683016	9.1623179259624133e-006	-1	
27.591275367411836	3.7137996696583198	8.146165921538488e-006	-1	
26.738285132086926	4.6491418808105838	8.4185602558003298e-006	-1	
22.961260658497562	7.0619935768998481	9.6480447664269052e-006	-1	
21.65479267584961	7.9777871123009101	1.0068043984259769e-005	-1	
30.349269449696603	1.1124598240253238	7.3323533633655724e-006	-1	
31.942496710792962	0.74393505148712513	7.0388185028279915e-006	-1	
29.370234924553102	2.1283747990780211	7.6169907053844519e-006	-1	
28.824837819894128	3.4295795624373051	7.8321159835952702e-006	-1	
0	11.479596874999999	0	-1	
0.26169828011451751	11.322804598985394	8.3340870473347405e-009	-1	
0.59860847276616957	11.182038277695611	4.44275710182022e-008	-1	
1.7107799357012867	11.014476905853989	3.6549142921587717e-007	-1	
1.0875530606757036	11.172138974378218	1.4522720734752689e-007	-1	
2.5454499129673334	10.473119171534698	8.5207882446962197e-007	-1	
5.617215749702142	8.0150894576423539	5.3199691008624083e-006	-1	
5	8.72255	3.9830357954912937e-006	-1	
5.5025848533318538	8.6277804277987702	4.8838853939545399e-006	-1	
4.6429884549493892	9.0732348175664335	3.3012774355926538e-006	-1	
4.0931977156438721	9.6235370366281678	2.41225654418574e-006	-1	
3.4385444309946016	10.034799254891317	1.6269525534552622e-006	-1	
4.4738422731752499	9.3647822045268594	2.9708519788749375e-006	-1	
6.0248297028976623	8.4866627101431575	5.8693964973620934e-006	-1	
10	10	1.0614551364823271e-005	-1	
11.24085	10	1.1908527994009859e-005	-1	
8.75915	10	9.0133496474499972e-006	-1	
7.5183	10	7.21366025052191e-006	-1	
13.015089457642457	9.3827842502979468	1.399736857722772e-005	-1	
12.4817	10	1.2791443482883931e-005	-1	
13.486662710143033	8.9751702971023199	1.463014913632195e-005	-1	
14.314027990349292	8.7297006873935956	1.4756323826138209e-005	-1	
15	8.1021250000000009	1.4788162892598883e-005	-1	
15.641252185538949	7.7919125000000005	1.431741146440307e-005	-1	
6.2702993126063706	9.3140279903493024	5.8332906713457422e-006	-1	
6.897875	10	6.2694854715135639e-006	-1	
35.723908006550154	-2.3686390595135016	6.2912206899703287e-006	-1	
36.600829154174377	-3.4989637600804269	6.1035532564764943e-006	-1	
40.229868081524259	-6.5596746729195203	5.6111315486612253e-006	-1	
41.431473469007884	-7.2195314814656886	5.5172852268756932e-006	-1	
39.98787090474471	-5.3596641739620177	5.7422463322758945e-006	-1	
39.460947996750022	-4.339714058846651	5.8636517471316703e-006	-1	
38.475105022681049	-3.9669240039191154	5.9456018407848669e-006	-1	
46.772095796616235	-12.399717449224712	5.0296125817775245e-006	-1	
46.401338405289088	-11.597422659234715	5.0963497438478185e-006	-1	
45.45796535768703	-9.552691103217672	5.2727949287064466e-006	-1	
46.455349831204039	-9.8620284357440386	5.2525837076785918e-006	-1	
44.597295745395961	-8.7480314297447137	5.3435765916834974e-006	-1	
43.538565021387626	-8.4210235772089419	5.3767341239286267e-006	-1	
46.606930631485127	-10.737847293256515	5.1766348426186454e-006	-1	
42.795168021598698	-7.0795183311955778	5.5102302919968316e-006	-1	
48.296291314453519	-12.940952255126064	5.0135354561133256e-006	-1	
47.677389543939782	-12.330211312248482	5.0536019233707739e-006	-1	
33.482214494607987	0.19306958725951384	6.7793143872674382e-006	-1	
34.609548646901999	-0.40605580596389079	6.5935286639509384e-006	-1	
35.459067896413501	-1.2213563416155582	6.4328428616263283e-006	-1	
18.625383203216359	7.9920484487671279	1.1757426285354724e-005	-1	
17.324700772072976	8.2825376580848307	1.2553439495696699e-005	-1	
16.423133841955323	8.1782385512409768	1.3341584240897338e-005	-1	
20.275559809346294	8.4789247371470697	1.0610633701408478e-005	-1	
26.248869167768135	6.6494804667393197	8.5161090384916345e-006	-1	
27.472495719279504	6.5731526027505121	8.1827573251505422e-006	-1	
24.018166729522918	7.3423165494033453	9.1920725128236191e-006	-1	
25.719825190762755	7.6586359595084783	8.5879368053991295e-006	-1	
27.868075383797002	4.8228444615081765	8.1115557151404177e-006	-1	
22.57152681923283	8.5518749259223892	9.5407713244846688e-006	-1	
23.6363332542604	8.3617024691439692	9.1692168155140862e-006	-1	
21.033135420667055	9.258651745805766	9.9879328276359204e-006	-1	
21.87128298279255	9.3849842908385863	9.59042667202407e-006	-1	
30.797277508262166	2.2182025532124285	7.3534208053854751e-006	-1	
32.923909864300548	1.0598152260268725	6.9286266912076844e-006	-1	
32.083421022869729	2.0353459184498708	7.1261134282941934e-006	-1	
30.148725202774351	3.2195806589927942	7.5408507416732574e-006	-1	
29.526866429660927	4.7684197052722403	7.720523903963478e-006	-1	
0	11.721498437499999	0	-1	
0.13548971553173431	11.600547656250001	2.1600357684644061e-009	-1	
0.40140822977793927	11.489342197760772	1.9198118160434494e-008	-1	
0.69088260443728622	11.458176306556728	5.7013404299321464e-008	-1	
1.59338125	11.646526440464294	2.9624073510288118e-007	-1	
2.2160937499999998	11.411877226292182	5.8676552174691133e-007	-1	
1.1263468749999999	11.707887374887296	1.46924210134253e-007	-1	
3.1667908521090546	10.610108390060057	1.3017974373065185e-006	-1	
2.7399528126155617	11.068514129383408	9.291823394890652e-007	-1	
5	9.3429749999999991	3.7531691557774864e-006	-1	
5.3442689408961375	9.1141022127143252	4.4080634063057169e-006	-1	
5.8535420377791496	8.9998044341459824	5.3080125814209166e-006	-1	
4.7834253381645544	9.4980812499999985	3.3640828769944741e-006	-1	
4.5481054317727736	9.6935606906346656	2.9666909328406502e-006	-1	
4.2109254013452322	10.068491567264092	2.4348149119300358e-006	-1	
3.8019833357716037	10.573215066215393	1.8755899547506951e-006	-1	
9.3795749999999991	10.509303593973339	9.1351969367096291e-006	-1	
10.301639889178803	11	9.5381779117072636e-006	-1	
11.328360454656147	11.256849033591314	1.0123972731482796e-005	-1	
11.861274999999999	10.732298048582095	1.124245437134638e-005	-1	
7.9173957642507498	10.588727155382257	7.1368575091386764e-006	-1	
8.5901111513963251	10.654438576686106	7.9692968884693306e-006	-1	
7.2080874999999995	10.641252185538947	6.1309404909222107e-006	-1	
13.102125000000001	10	1.3025991198967398e-005	-1	
13.627780427798783	9.497415146668164	1.3918038646090828e-005	-1	
12.791912500000002	10.497561054957542	1.2103865679763026e-005	-1	
13.999804434145933	9.1464579622208291	1.4348106888575611e-005	-1	
14.767746190827271	9.0357270945260026	1.4111956106472998e-005	-1	
15	8.72255	1.4232707519806521e-005	-1	
14.513410425849921	9.2393662755209309	1.4048646228607618e-005	-1	
15.614037518591983	8.5037379859989883	1.3831256504412305e-005	-1	
5.9642729054739885	9.7677461908272711	5.0233660105624614e-006	-1	
6.27745	10	5.3255544338023321e-006	-1	
5.7606337244790611	9.5134104258499388	4.8740314809936714e-006	-1	
6.4962620140010152	10.614037518591983	5.1675443050592781e-006	-1	
36.748221765952479	-2.4792886068922746	6.2017953220134816e-006	-1	
36.627584333963263	-1.0765556030107313	6.3438208884585909e-006	-1	
38.321226452902579	-2.891734043762201	6.060405281594399e-006	-1	
41.071672270839471	-5.928841149979692	5.6537189011502819e-006	-1	
42.032060756075197	-6.3580720717921535	5.590742361457443e-006	-1	
40.511353319052979	-4.2530684966310899	5.8299303704865829e-006	-1	
41.349308791748967	-4.6083090948923013	5.76931518890984e-006	-1	
40.250372173559853	-3.2813046165971249	5.9266353283688502e-006	-1	
39.244532779223576	-3.3081990331698496	5.9713713381426701e-006	-1	
47.255945528588427	-11.345148761661058	5.1324781667565302e-006	-1	
46.351929206930699	-9.0129745020715024	5.325156930069193e-006	-1	
45.428152005255811	-7.9126229984450465	5.4174522862401721e-006	-1	
47.303596426151117	-10.185857999220179	5.2338911404387263e-006	-1	
47.128847339207098	-9.3707266838259162	5.3009495478083301e-006	-1	
44.24831112839739	-7.5700797804962816	5.4514210628674087e-006	-1	
44.142162157714715	-6.3461137895914064	5.5592966196870454e-006	-1	
43.085164067373576	-6.0084658704151535	5.6029978413392685e-006	-1	
48.514786313799938	-12.096094779983408	5.0908837002726569e-006	-1	
34.606042576714572	0.87058871590012421	6.7025683420432018e-006	-1	
33.660828094150681	1.7808586262875716	6.8814375190487494e-006	-1	
35.87517595261545	0.2357470827802719	6.5196360929081687e-006	-1	
17.720299908299097	8.9703035262785082	1.1898822485532159e-005	-1	
19.286645407393628	8.9305255791640672	1.0989120573168704e-005	-1	
16.466240420584153	9.0492888169471399	1.2708980187714238e-005	-1	
17.054155722092407	9.4013168546316823	1.2062226106876082e-005	-1	
20.243046090054587	9.5655883801193013	1.0233397663411213e-005	-1	
27.110775510761407	7.7445818029731806	8.1899448869395947e-006	-1	
28.435897412001324	5.8149012863352887	7.9661682072968593e-006	-1	
28.812164739642707	7.2841246116897489	7.8172695436703917e-006	-1	
24.710980335006873	8.1882720564719893	8.840335088588987e-006	-1	
25.85809014075884	8.7896377905390111	8.3906955978742134e-006	-1	
23.262510093307426	9.3840530452829061	9.0735229119641186e-006	-1	
24.198823125069129	9.9953838976703224	8.6250519477001118e-006	-1	
20.803241397526339	10.074494859373292	9.7779325348552285e-006	-1	
22.118357243814732	10.175525089797178	9.232948970442577e-006	-1	
21.384397642588112	10.559326795167296	9.3569301724250495e-006	-1	
31.488846139146872	3.1903707652344462	7.2938102810821578e-006	-1	
32.938782736518391	3.2062102853250538	7.0624426688551819e-006	-1	
30.844796151585872	4.3983107491866971	7.450402206315942e-006	-1	
29.728610116878158	6.2666308324720639	7.6672006329179057e-006	-1	
31.069655902142141	6.1680660208394267	7.4104495102462465e-006	-1	
0	11.84244921875	0	-1	
0.14392171758571148	11.781973828125	2.3889543863199396e-009	-1	
0.3039085080933816	11.683629217688139	1.0771072243649701e-008	-1	
0.50367980928891254	11.681160251825437	2.9532620380867215e-008	-1	
0.81499062499999997	11.820238387075385	7.5987813677230689e-008	-1	
1.282025	12.000000000000002	1.84317247041378e-007	-1	
1.9047375	12.000000000000002	4.0587490633102151e-007	-1	
2.52745	12.000000000000002	7.1070029156218977e-007	-1	
0.97066874999999997	12.000000000000002	1.0569380004967251e-007	-1	
3.5244393865027757	11.281242187091115	1.4887359049617833e-006	-1	
3.1501625	12.000000000000002	1.1000618037740893e-006	-1	
5.1910894535264918	9.4980812500000003	3.9837551415726719e-006	-1	
5	9.6531874999999996	3.6231897750434449e-006	-1	
5.4406637806590075	9.5748500908447998	4.333693431091096e-006	-1	
4.8474480221592327	9.7566612741169401	3.3559841408387394e-006	-1	
4.6844438000444937	9.9674210919198529	3.0512971854735102e-006	-1	
4.6579732310837869	10.254457028624723	2.9129614685985413e-006	-1	
4.4507687083964003	10.605726043705648	2.5494715966186426e-006	-1	
4.3250703793721677	11.181463093141538	2.2503722287103935e-006	-1	
9.1119889146626836	11.273482724968176	7.9432041797091051e-006	-1	
10	12.000000000000002	8.1272852549279976e-006	-1	
10.622712499999999	12.000000000000002	8.6902269811411798e-006	-1	
12.056897288982627	11.425329683942435	1.0406648708198312e-005	-1	
11.245425000000001	12.000000000000002	9.1981577456980879e-006	-1	
12.760643384016479	11.272678574278482	1.0977353045931462e-005	-1	
7.9781281224679956	11.370979542082319	6.4976922229424161e-006	-1	
7.1977937499999998	11.452744344886176	5.4705458304011133e-006	-1	
6.5750812500000011	11.359681952847957	4.7582443352256792e-006	-1	
13.72255	10	1.3112706437581663e-005	-1	
13.325398289564411	10.740854521576663	1.1882191616501685e-005	-1	
14.114102212714323	9.6557310591038661	1.3634236529105254e-005	-1	
14.784216595787427	9.4205281249999988	1.3661989616541744e-005	-1	
15	9.3429749999999991	1.3589499048484178e-005	-1	
15.233178180652409	9.0327625000000005	1.3709063932983162e-005	-1	
14.574850090844805	9.5593362193409934	1.3604425608168794e-005	-1	
15.694743684632183	9.2084521753444903	1.3163242691104337e-005	-1	
5.5794718749999994	9.7842165957874325	4.4305485046212393e-006	-1	
5.657025	10	4.410805110025219e-006	-1	
5.9672374999999995	10.233178180652409	4.6973582162048322e-006	-1	
5.7325535526408249	10.63167593184899	4.1252654272627202e-006	-1	
5.8738693649085905	11.236183741811443	3.9643634980368858e-006	-1	
37.671228046631335	-2.0215535242697626	6.1827963418666609e-006	-1	
38.504201243571494	-0.76478962399449468	6.228081288961155e-006	-1	
37.294777305643414	0.16322938186208757	6.3862543078497177e-006	-1	
38.763061011107609	-1.8995171885157993	6.1216797746180629e-006	-1	
41.924803558594142	-5.3134126548095377	5.6892443242010187e-006	-1	
41.431042884748528	-3.4587812915059128	5.8647025163863522e-006	-1	
42.229097003787487	-4.3752040566966262	5.7628203132833482e-006	-1	
40.693271487821647	-2.4267238650212324	5.9764033985515268e-006	-1	
39.730765355601349	-2.4196521625458409	6.0241324736336891e-006	-1	
48.718503239261871	-11.247552717193271	5.1668874253630697e-006	-1	
48.078663935462522	-10.658783181495641	5.2049774886351093e-006	-1	
46.81360919086169	-8.2929467246577619	5.3880681462394202e-006	-1	
46.090584188955809	-6.9041214755387923	5.5002161624582019e-006	-1	
45.25922658246531	-6.1263095756217334	5.5669784240331053e-006	-1	
48.120861146417027	-9.7902998504870933	5.2776640962722064e-006	-1	
47.784942106761726	-8.8564155321758751	5.3494330924114507e-006	-1	
43.882565766510218	-5.335497016876432	5.6467429126268521e-006	-1	
42.953955568314178	-5.0440911441732288	5.6889070650973457e-006	-1	
35.669229281740627	1.6397803422593398	6.6342671527205578e-006	-1	
34.096927031745047	2.8973351312033016	6.8866110756931566e-006	-1	
36.937833806289994	1.836292539965092	6.5191184699335082e-006	-1	
17.674704177257311	9.7624156366175807	1.1458343162779252e-005	-1	
18.392653974857268	9.7669767423420257	1.1075112451151431e-005	-1	
19.518204052489416	10.054975498383619	1.0357822755829448e-005	-1	
16.377467255343312	9.5093023167658508	1.2411264831992438e-005	-1	
16.671769176967192	9.8363897055948541	1.1972496530830175e-005	-1	
17.033929724248026	10.086268714308529	1.1582014369079326e-005	-1	
19.92480008048625	10.380214188904239	1.0016997437696201e-005	-1	
27.562471326247405	9.0629521496457919	7.9194497067620989e-006	-1	
28.321893742480118	8.26808289058817	7.846812056857402e-006	-1	
29.693569891423291	7.6355493482366015	7.6087187834209488e-006	-1	
25.316659060421344	9.9662235450876775	8.3165487955371476e-006	-1	
26.5803868654097	9.8647141106767595	8.0250056892874644e-006	-1	
23.295656745757338	10.654700207045684	8.6966711615126269e-006	-1	
24.787125740850531	11.107237824213689	8.1672596153816098e-006	-1	
23.848097528139675	11.518024526988061	8.2728993565257023e-006	-1	
20.671336396131512	10.819750290582682	9.5061201567646465e-006	-1	
22.073097509200323	11.00253899639149	8.9426631924778954e-006	-1	
20.945712914638126	11.178868922569501	9.2403813021113618e-006	-1	
21.371410058048781	11.402357071143459	8.9978771448329484e-006	-1	
32.763357473168654	4.6455827193297754	7.1275502137264357e-006	-1	
33.704541612205745	4.0299143787320313	6.9811754792259035e-006	-1	
31.969835806312297	5.4661508743300535	7.2619973091404757e-006	-1	
30.621173382361743	7.4357340569269104	7.4423070455907859e-006	-1	
32.362428529465348	6.5380089276646958	7.1813145966059777e-006	-1	
32.193641082474315	7.5582373716101996	7.1716563127596228e-006	-1	
0	11.963399999999998	0	-1	
0.076990776401748756	11.92300922359825	6.7323986743684147e-010	-1	
0.27011718749999997	11.868360325494805	8.321210271787741e-009	-1	
0.42579531249999997	11.865140342416035	2.06730042522871e-008	-1	
0.58147343749999991	11.8651787834562	3.8492353655621562e-008	-1	
0.65931249999999997	12.000000000000002	4.8769763505709196e-008	-1	
1.59338125	12.353415703064565	2.6787580637088605e-007	-1	
1.1263468749999999	12.292388937174161	1.3511663810499891e-007	-1	
2.2160937499999998	12.588161192060641	4.9445924621607425e-007	-1	
2.7483289860509519	12.782778589644472	7.2945898504589038e-007	-1	
0.81499062499999997	12.179321458333918	7.2443343057753587e-008	-1	
3.772875	12.000000000000002	1.5597849953290606e-006	-1	
3.29507517695796	12.856637527405997	1.0300332534679483e-006	-1	
5.222450038768514	9.7421911468321305	3.9154101519231845e-006	-1	
5	9.8082937500000007	3.5546619324027108e-006	-1	
5.3562290968139674	9.8365580393920187	4.0654153473009364e-006	-1	
4.9436202584513529	9.8858468750000004	3.4388992414073211e-006	-1	
4.8522720234251064	9.9315988760147196	3.2918898956555523e-006	-1	
4.8428901101293338	10.033332475883061	3.2368896264924905e-006	-1	
4.8079800404336064	10.192019959566391	3.1273173027282798e-006	-1	
4.8208979036668183	10.434471805841282	3.0467007567554214e-006	-1	
4.7557141373626681	10.779195553167892	2.8381100103399165e-006	-1	
4.3955874999999995	12.000000000000002	2.0967818004261952e-006	-1	
5.0183	12.000000000000002	2.7013107249431507e-006	-1	
5.0804826501294613	11.137462215644637	3.0758684975099384e-006	-1	
8.7545749999999991	12.000000000000002	6.8609315667440382e-006	-1	
10.311356249999998	12.644905551329577	7.4987172841603343e-006	-1	
9.3772874999999996	12.698254760211981	6.6074536273496987e-006	-1	
10.93406875	12.998565030056668	7.4995060987919392e-006	-1	
12.49085	12.000000000000002	9.9855557366779898e-006	-1	
12.080197442672054	12.984809606227472	8.2407090871735496e-006	-1	
13.736274999999999	12.000000000000002	1.0395406195979987e-005	-1	
7.50915	12.000000000000002	5.4661352399773613e-006	-1	
6.8864374999999995	12.000000000000002	4.7435234071030003e-006	-1	
6.263725	12.000000000000002	4.033073828951162e-006	-1	
14.073234817566435	10.357011545050611	1.2532112186630568e-005	-1	
14.342974999999999	10	1.3049115739197203e-005	-1	
14.103375537679273	11.116981291444496	1.1492115818613719e-005	-1	
14.498081249999998	9.8089105464735074	1.3288835521441735e-005	-1	
14.83655803939202	9.6437709031860344	1.3348346449446642e-005	-1	
15	9.4980812499999985	1.3409632332066193e-005	-1	
15.248724214132888	9.4205281249999988	1.3297112457035513e-005	-1	
14.74219114683213	9.7775499612314842	1.3225626219936129e-005	-1	
15.921924455510805	9.6187274162773377	1.2622004597584661e-005	-1	
15.453403386996882	9.6393401390010087	1.2912793706368658e-005	-1	
5.5019187499999997	10	4.184100848648413e-006	-1	
5.5794718749999994	10.24872421413289	4.1419895840001074e-006	-1	
5.4140238600340433	10.819120242150815	3.613535870189608e-006	-1	
5.3606598609989859	10.453403386996882	3.7309358146708859e-006	-1	
5.6410125000000004	12.000000000000002	3.3532256889594075e-006	-1	
39.592046319333434	-1.1785626488206631	6.1278138652045896e-006	-1	
39.340506351300881	0.04466006049431747	6.2250443194656767e-006	-1	
39.045363464137615	1.2283651074411039	6.3143078297684056e-006	-1	
38.193787747796939	2.1019129088516664	6.4245801373187568e-006	-1	
42.646037577150864	-3.4813414091695858	5.822282598784731e-006	-1	
42.028874300436179	-1.9995012838235016	5.9523905040153392e-006	-1	
43.509451416558584	-4.2449299305105335	5.7409905683640423e-006	-1	
40.820910507582603	-1.4726922386209114	6.041035884521494e-006	-1	
48.907380036690391	-10.395584540887986	5.2402597726880735e-006	-1	
47.244719818883567	-7.2560627596147453	5.4726423301960872e-006	-1	
48.433223755337359	-8.1049420294423413	5.4146323377436065e-006	-1	
47.174488208856928	-6.3739858369065949	5.539711402018756e-006	-1	
46.094550346850426	-5.352758652814658	5.6196571222623065e-006	-1	
44.610008530134259	-4.5874571962316786	5.6940508060661498e-006	-1	
49.081359172383308	-9.5404497688272585	5.3110190587020818e-006	-1	
49.240387650610522	-8.6824088833465343	5.3798215176899233e-006	-1	
35.563517313668562	3.1888071760630243	6.7214191533031023e-006	-1	
34.692848779638382	3.7342883280485459	6.8421527423903952e-006	-1	
37.05694287045123	3.114489517894905	6.561963066282259e-006	-1	
17.667974125952796	10.544943055048016	1.0946649209129098e-005	-1	
19.155056281884541	10.643645997522526	1.0220994800244409e-005	-1	
19.553982850258258	10.745720847612953	9.9952743024656496e-006	-1	
16.249484484517314	9.9599834737427511	1.2108881600592962e-005	-1	
16.316724810992369	10.42820351587584	1.1663207545564727e-005	-1	
16.916344653233324	10.762767732083038	1.111726419737016e-005	-1	
19.935452175529942	10.900778371945629	9.757877553229277e-006	-1	
28.075908549004385	10.004112464967942	7.6757456976097181e-006	-1	
29.328409326280863	8.7101981751438942	7.5904021286835847e-006	-1	
30.279424425403107	8.3819733912963574	7.4416819429398247e-006	-1	
26.228024072025089	11.082561634882193	7.8539554080673752e-006	-1	
27.285726914645334	10.728690621947125	7.712859931350774e-006	-1	
22.527860541206277	11.872938677906152	8.4718024279421543e-006	-1	
25.355418099501616	12.229451224955241	7.7362952920971066e-006	-1	
24.387847151044362	12.326956659238677	7.8954498955209126e-006	-1	
23.423292891259074	12.450794981026949	8.0442902805940917e-006	-1	
20.24370326207227	11.222226423946921	9.4740185119004826e-006	-1	
20.548233720526639	11.393947875506269	9.2744663765098798e-006	-1	
21.722996079847803	11.730308713518577	8.7447569532984645e-006	-1	
20.948351155133309	11.630800007398797	9.0193972870803406e-006	-1	
21.029073208054527	12.088704849074933	8.7650723897543759e-006	-1	
33.021198209086258	5.6888922503144927	7.0937435792055039e-006	-1	
34.565300966833398	4.7537710099860009	6.8782474713130206e-006	-1	
31.439971557131187	8.2662892953179732	7.2497518421465723e-006	-1	
33.222578519018583	7.0506509474047174	7.0385473430730201e-006	-1	
33.105923943597062	8.0451616587421011	7.0127487437404441e-006	-1	
0	12.000000000000002	0	-1	
0.036600000000000001	12.000000000000002	1.5079582713604615e-010	-1	
0.19227812499999999	12.000000000000002	4.165631111323381e-009	-1	
0.34795624999999997	12.000000000000002	1.3616624167461333e-008	-1	
0.50363437499999997	12.000000000000002	2.8479796030710131e-008	-1	
0.58147343749999991	12.222467572464961	3.6581829780273534e-008	-1	
1.3119352032458711	12.689699159172161	1.7094892651168323e-007	-1	
1.7355701189932016	12.758335162050999	2.9589472820100196e-007	-1	
0.73301874859846805	12.389168629098297	5.6695932807346805e-008	-1	
0.82819298156863563	12.755426771723721	6.7838766789493974e-008	-1	
2.1482949841154713	13.349355497176081	4.0567785470480761e-007	-1	
2.9716621806369523	13.30361691593443	7.7761946881623565e-007	-1	
4.0061657278306573	12.739564925037055	1.5392633456132461e-006	-1	
3.5862551668012004	13.325253311896313	1.1097690790804949e-006	-1	
5.1959192305318664	9.869764869345401	3.8122378347869825e-006	-1	
5.0769907764017486	9.9230092235982514	3.6126258441426565e-006	-1	
5	9.9634	3.4837708966319826e-006	-1	
5.3468125000000004	10	3.9590732664177687e-006	-1	
4.9413092235982514	9.9817	3.3932095007431737e-006	-1	
4.9532133624141421	10.046786637585857	3.3805779423414323e-006	-1	
4.9666675241169376	10.157109889870668	3.3499674821407495e-006	-1	
5.0325789080801471	10.315556199955511	3.3661761435721632e-006	-1	
5.0834142583044306	10.65391181082577	3.2792713623859402e-006	-1	
4.7069437499999998	12.444016237576829	2.2104799702078054e-006	-1	
5.2809347554789321	12.515340476414373	2.6998817026197085e-006	-1	
8.1318624999999987	12.722645680054253	5.3932483939894463e-006	-1	
10.061446493290545	13.809994843246409	5.8870241886253456e-006	-1	
8.5903690763197424	13.821086524239181	4.73804653198619e-006	-1	
11.518425525186595	13.932594474206834	6.6854690428219615e-006	-1	
13.113562500000002	12.719023711847242	9.0960588174086096e-006	-1	
12.794536966572915	13.777403151464238	7.5100460674084143e-006	-1	
14.3589875	12.000000000000002	1.0479112924151991e-005	-1	
14.04763125	12.539353107328104	9.628938753470014e-006	-1	
7.1977937499999998	12.528988232919472	4.6296898123410966e-006	-1	
6.4431630067036156	12.652368252234959	3.7575145732751293e-006	-1	
5.8058495404967188	12.879555136903091	2.99336707469474e-006	-1	
14.498081249999998	10.216574661835445	1.2674719945591054e-005	-1	
14.666701685966114	10.60597627278106	1.2098364794571864e-005	-1	
14.6531875	10	1.2947360944019636e-005	-1	
14.794795429309026	11.433842478562145	1.1090101146639947e-005	-1	
14.869764869345401	9.8040807694681344	1.3119164821799632e-005	-1	
15	9.6531874999999996	1.3221948054756673e-005	-1	
15.160634131595101	9.5756343749999981	1.3191901923839421e-005	-1	
14.808293750000001	10	1.2879921995270195e-005	-1	
15.789074598654787	10.068491567264104	1.2260942502172463e-005	-1	
15.315556199955513	9.9674210919198547	1.2637754245754863e-005	-1	
15.152551977840769	9.7566612741169401	1.2986200279585023e-005	-1	
5.4243656250000001	10.160634131595097	3.976219182186695e-006	-1	
5.2433387258830626	10.152551977840769	3.7283577202354202e-006	-1	
40.444932784051012	-0.26635059540147943	6.140241104049715e-006	-1	
40.207128795198791	0.85611750495767702	6.2176780191856516e-006	-1	
39.3397283792998	2.4122638610226432	6.3472435307905876e-006	-1	
40.458980621669355	2.016319341685255	6.256264293413184e-006	-1	
38.269087617102016	4.0946879852981581	6.4809792763102826e-006	-1	
43.071638882746285	-2.2746623025270827	5.8963998529729561e-006	-1	
43.721204674869533	-3.1355547708630835	5.8180875997056071e-006	-1	
42.941899029068274	-0.67922611851999748	6.0004347240303199e-006	-1	
41.5759398869276	-0.45950417854357661	6.0710037354598615e-006	-1	
47.983297951127682	-6.7328994441007595	5.5152866177001587e-006	-1	
49.384417029756996	-7.8217232520115587	5.4459211096262268e-006	-1	
48.705065855685255	-7.2790208629073758	5.4790423929541293e-006	-1	
47.56352391511664	-5.579225875738306	5.597061625848302e-006	-1	
47.351305447092187	-4.5742852799565723	5.6669823837867084e-006	-1	
45.739436631091245	-4.2190953175150421	5.7047843144461929e-006	-1	
44.832131435128261	-2.9320985824854073	5.8065558150640653e-006	-1	
36.348010505235685	4.4617617865468553	6.6673691970382857e-006	-1	
37.370833078605251	4.6041876757623657	6.5691978078353692e-006	-1	
17.783906249999998	11.460704467896168	1.0281353915569274e-005	-1	
17.161193749999999	11.457309220486959	1.050010995853151e-005	-1	
18.498356228563313	11.383698531980153	1.0066593960474879e-005	-1	
19.205668691202334	11.302694803213075	9.8368328819605588e-006	-1	
19.571270750336726	11.157136465311517	9.7703085195519516e-006	-1	
15.67813885072381	10.432128296357645	1.1947110140245138e-005	-1	
16.274328545478635	11.006268219472537	1.1164454043255218e-005	-1	
16.53848125	11.518014565608178	1.0648231627546059e-005	-1	
19.916639550273764	11.345743165632639	9.5349310487753375e-006	-1	
28.357113029771071	11.038677378758482	7.4553320444703525e-006	-1	
29.534739466786597	10.163087960339139	7.3820337695415893e-006	-1	
30.801236350155165	9.2421324130340867	7.2729268906580042e-006	-1	
27.468396416720939	12.103815271610765	7.3951809244548954e-006	-1	
26.56133331006453	13.153373497553424	7.2917307752257296e-006	-1	
21.784565433109105	12.213030562810632	8.5083855083919078e-006	-1	
22.358118312375954	12.484263131239812	8.2567600287696206e-006	-1	
25.057030059515963	13.365353664689419	7.4499488205425755e-006	-1	
23.891493644558878	13.509695759760536	7.5770214568853878e-006	-1	
22.904436937379842	12.904549610961768	7.9703240246570304e-006	-1	
20.178960219110795	11.56578922088536	9.3172394438722758e-006	-1	
20.342066934081011	11.745213619632132	9.1605455118015856e-006	-1	
20.577808215180735	11.911675110442065	8.9907280714943462e-006	-1	
21.355103490815356	12.441883373949656	8.5024220342077359e-006	-1	
20.557163616984443	12.199524341989623	8.8357678841329708e-006	-1	
20.897798065497682	12.589878521453937	8.5276665105486516e-006	-1	
34.120584158331283	6.6076546531830154	6.9300373955178505e-006	-1	
35.538312170823865	5.4860475382151517	6.7655110603441247e-006	-1	
32.192618664007419	9.4558948907539708	7.0447767481054808e-006	-1	
34.280042351283029	8.3599488143033742	6.8452925181184793e-006	-1	
33.57005029852445	9.3466383670974889	6.870981733818485e-006	-1	
0	12.036600000000002	0	-1	
0.076990776401748756	12.07699077640175	6.5774778654963497e-010	-1	
0.18631026012717691	12.115875658070339	3.8331853718955542e-009	-1	
0.35070886298800524	12.174525403139516	1.3455728745486628e-008	-1	
0.54172164388926758	12.508167122065556	3.038411995011076e-008	-1	
0.27373508114956557	12.401454236582063	7.8632023369221453e-009	-1	
1.4728035477422856	13.097645008304344	2.0124944970779626e-007	-1	
0.53805233193011537	12.801998863864858	2.8355217428194178e-008	-1	
0.75780441211596572	13.243974566236707	5.1528563856446065e-008	-1	
1.9540142481224239	13.801098382723657	3.1006747888736107e-007	-1	
2.6863929516603946	13.848423431379709	5.740914874476176e-007	-1	
3.7399077247209105	13.90224090916203	1.0810243457199503e-006	-1	
4.5860595665772221	12.972675057463677	1.9070299699073094e-006	-1	
4.1720495046064885	13.440876794584735	1.4574299007883995e-006	-1	
5.1917062499999993	10	3.7372316425950396e-006	-1	
5.0366	10	3.5180819029242189e-006	-1	
5	10	3.466748146200985e-006	-1	
5.0183	10.058690776401749	3.4647283199625309e-006	-1	
5.0684011239852804	10.147727976574895	3.4917284999442428e-006	-1	
5.202030630913737	13.088338696780781	2.360738756466437e-006	-1	
7.471306691779219	13.415500592273307	4.1406332143714818e-006	-1	
10	15	4.6222530104367329e-006	-1	
8.7545749999999991	15	3.8283745339405847e-006	-1	
11.245425000000001	15	5.3242600279466465e-006	-1	
7.50915	15	3.017021465876344e-006	-1	
12.49085	15	5.9194991909771123e-006	-1	
13.672184406609089	13.105332247332559	8.7243567338832287e-006	-1	
13.736274999999999	15	6.3914344909805117e-006	-1	
13.979196763490149	13.986483362538779	7.6628553338200156e-006	-1	
14.670343749999999	12.547933966393103	9.6905142163835599e-006	-1	
14.9817	12.000000000000002	1.0487801322257726e-005	-1	
14.350899230088308	13.130608867398472	8.8538096781718532e-006	-1	
6.924190557324966	13.078453935160619	3.9079797257397127e-006	-1	
6.3283724764959066	13.319155676342893	3.2088379594834231e-006	-1	
5.6710392581353251	13.504066176208902	2.5505892203182248e-006	-1	
14.75666127411694	10.152551977840766	1.2683265380401557e-005	-1	
15.079190034145002	10.537937001519389	1.2071518601177059e-005	-1	
14.967421091919855	10.315556199955513	1.238658871606178e-005	-1	
15.144392436435679	10.950883277144554	1.1577332694932982e-005	-1	
15.389992176772585	11.468605813192633	1.0972506675712502e-005	-1	
14.923009223598251	9.9230092235982514	1.292705578918866e-005	-1	
15	9.8082937500000007	1.3028293152393597e-005	-1	
14.885846875	10.056379741548646	1.2762927471594568e-005	-1	
14.9634	10	1.2800342263712946e-005	-1	
15.342026768916217	10.254457028624731	1.2296599635724885e-005	-1	
15.147727976574895	9.9315988760147178	1.277980954634027e-005	-1	
15.157109889870668	10.033332475883062	1.2649686248774756e-005	-1	
15.056379741548646	9.8858468750000004	1.2892704560920275e-005	-1	
5.1141531249999987	10.056379741548648	3.5988972410569329e-006	-1	
41.381366515779803	1.0312272420008377	6.1602637522461138e-006	-1	
40.106203846424449	3.3189131883475165	6.3224693081077511e-006	-1	
39.444633778387569	4.3153752827928562	6.393807274939122e-006	-1	
41.720421289003404	2.4958708251679087	6.2021350965915074e-006	-1	
38.724809012645949	5.0739849819755971	6.4569739161301466e-006	-1	
43.940911759064093	-1.6363549887412259	5.9111004687257883e-006	-1	
44.190670288539252	-0.083665499922742401	5.9902767970226298e-006	-1	
43.066300138579429	0.66692152659596571	6.0650977437217387e-006	-1	
48.835983701937934	-6.4293792264974856	5.5409229802219282e-006	-1	
48.791027596861198	-5.5590354089107512	5.600878409968029e-006	-1	
49.513403437078622	-6.958655048003286	5.509250758388414e-006	-1	
48.374993449165714	-4.6579820757823249	5.6593658800145659e-006	-1	
46.666207585982811	-3.4758632500607898	5.7438325628228317e-006	-1	
47.935657197531135	-3.7296106023559483	5.7192795608133024e-006	-1	
45.690165247291169	-2.321445370460482	5.8296908154334205e-006	-1	
44.982038878581974	-1.6729609244123846	5.8821160771459046e-006	-1	
36.747181049007281	5.3390245731862596	6.6356848934899552e-006	-1	
37.792142926971181	5.547028681543849	6.5390152182830694e-006	-1	
18.095262499999997	12.000000000000002	9.8239679983579253e-006	-1	
17.472549999999998	12.000000000000002	1.0011720252310748e-005	-1	
16.8498375	12.000000000000002	1.0182595185980603e-005	-1	
19.029331250000002	11.765962094016983	9.6462170644975719e-006	-1	
18.717974999999999	12.000000000000002	9.6219311202485359e-006	-1	
19.418526562500002	11.750358742485831	9.5112576444519725e-006	-1	
19.638145333936688	11.544924919812555	9.5371261231449618e-006	-1	
15.325443395577487	10.574059007741688	1.194102433925088e-005	-1	
15.695154696439101	10.983598912853685	1.1387133844080096e-005	-1	
15.965380789485057	11.489579806289779	1.082701088263387e-005	-1	
16.227125000000001	12.000000000000002	1.0327304822216686e-005	-1	
19.967438996368571	11.684345906330128	9.3332150198250281e-006	-1	
29.575673663522654	11.447863216860702	7.187272755769666e-006	-1	
29.25755525842078	12.693304403174981	7.0180978021590517e-006	-1	
30.485172689247413	10.775845957979113	7.1510633302598576e-006	-1	
31.61543763911655	10.739834610790595	6.9947912342190534e-006	-1	
27.909431394816462	13.401708516840236	7.0495092477318265e-006	-1	
26.179311104775007	14.623721380041003	6.9383627404322759e-006	-1	
27.455261529500053	14.59445154983387	6.816654764503097e-006	-1	
21.761146389920675	12.699099197327499	8.2865283247144943e-006	-1	
22.263332581758235	13.157709580677006	7.9781576474683409e-006	-1	
24.507649631230688	14.403376265607923	7.1851064379529269e-006	-1	
25.272667846933345	15.050772276228427	6.8984433775821463e-006	-1	
23.43295978264436	14.250553571649688	7.3605178551083916e-006	-1	
22.820649662064007	13.630714950560057	7.6871820047483047e-006	-1	
20.192085518451403	11.807914481548586	9.1785109218102095e-006	-1	
20.315750505300027	12.032543370251185	9.0046716915104079e-006	-1	
20.988719795573751	13.099919158990936	8.2291474167813834e-006	-1	
20.263628436391183	12.199342215808624	8.9185918242726621e-006	-1	
20.198160525641175	12.521866636674881	8.7335426343984737e-006	-1	
20.494254181532217	12.962848211836326	8.398292374194418e-006	-1	
35.334444131868985	6.6851734810250107	6.7791059309041706e-006	-1	
35.425000194344094	7.9516394632148222	6.7323035773063571e-006	-1	
36.475430539743364	6.263729272294059	6.6599761762588979e-006	-1	
32.833389484565835	10.515648949131538	6.8635441615077488e-006	-1	
35.456946353223941	9.8506885478969117	6.629922178113779e-006	-1	
34.396280003078907	10.037466575214827	6.7262970367513734e-006	-1	
0	12.1280625	0	-1	
0.085770326908571476	12.173793750000002	8.035124878039616e-010	-1	
0.18536710376891019	12.230461043634699	3.7239269836278208e-009	-1	
0.28865450239642093	12.646592046244306	8.3790684458896647e-009	-1	
0.13705460317238916	12.453375573314055	1.9508718051672356e-009	-1	
0.1038429358547503	12.310987500000001	1.1507981759036535e-009	-1	
1.182675052010449	13.5	1.2036614121006088e-007	-1	
1.4728035477422856	13.902354991695658	1.7187135006015886e-007	-1	
0.26525475371994434	12.961965113214557	6.7570608912409548e-009	-1	
0.30725473936443626	13.317074999999999	8.4341720328840307e-009	-1	
0.75780441211596572	13.756025433763295	4.7532086374629086e-008	-1	
1.7355701189932016	14.241664837949003	2.2366651088588146e-007	-1	
2.2160937499999998	14.411838807939361	3.4986658660347376e-007	-1	
2.8425033309930638	14.456727204835383	5.6501200504874116e-007	-1	
3.4615187499999998	14.464925623282792	8.3261606249416115e-007	-1	
4.4592535863860085	14.004008377388923	1.4802158358268786e-006	-1	
4.1194277969387469	14.440217951313247	1.1652294523530706e-006	-1	
4.7923532878836888	13.56264124175369	1.8517740051582876e-006	-1	
6.4761587094855022	13.985817571353945	2.9314879148530568e-006	-1	
9.4700128538121469	16.04012098848624	3.7178548245694107e-006	-1	
10.622712499999999	16.224570362278442	4.2406014239923553e-006	-1	
8.3463966025902536	16.356703625097904	2.957496340213437e-006	-1	
12.69100917637549	16.078747930951337	5.274958665614933e-006	-1	
11.8681375	16.804449659375699	4.4928620039463714e-006	-1	
6.263725	15	2.2202375428787924e-006	-1	
6.8864374999999995	15.716277190082472	2.3561035133101315e-006	-1	
13.736274999999999	16.412184810107917	5.4432051894000417e-006	-1	
14.9817	15	6.7270070698324422e-006	-1	
14.826198972436343	13.594984788918008	8.3262462858043366e-006	-1	
15.293056250000001	12.644905551329577	9.5879023234876413e-006	-1	
15.604412500000002	12.000000000000002	1.0427971782572408e-005	-1	
5.5399136707758574	14.047030030528354	2.1943520899868148e-006	-1	
4.9813600030992857	14.051663288868902	1.7995358593244359e-006	-1	
14.931598876014718	10.147727976574895	1.2618863345216735e-005	-1	
15.157441740791874	10.301669805833715	1.2324774866635465e-005	-1	
15.033332475883062	10.157109889870664	1.2559754896526531e-005	-1	
15	9.9634	1.2828008145983147e-005	-1	
14.9817	10.058690776401749	1.2712001457554319e-005	-1	
15	10	1.2779745860843552e-005	-1	
15.058690776401749	9.9817	1.2769584960392021e-005	-1	
15.046786637585857	10.046786637585857	1.2692931085991693e-005	-1	
42.678497273706391	1.7912211642127058	6.1302191443658269e-006	-1	
40.937109933618366	3.9403235349514532	6.2864135961751743e-006	-1	
40.498676178935433	4.8807125966471716	6.3288302442808104e-006	-1	
39.22330888546464	5.9932968147444665	6.421817961049135e-006	-1	
41.902136534945178	3.5591681816715246	6.2238878645695702e-006	-1	
42.789311691411385	2.9455380481998916	6.1641910638237773e-006	-1	
45.163456306020755	-0.64710840550753113	5.9336670372359658e-006	-1	
45.226934839343741	0.4752779003018881	5.9861857357223183e-006	-1	
43.86727733336582	1.7559691159744055	6.0815743459726894e-006	-1	
49.627307582066216	-6.0934671702573855	5.5697661427413976e-006	-1	
49.726094768413773	-5.2264231633826839	5.6272570868092907e-006	-1	
49.809734904587387	-4.3577871373829167	5.6821455026528738e-006	-1	
48.955312959061011	-3.8528666880114559	5.7102137086828603e-006	-1	
46.650232920691366	-2.3371008270022395	5.8141989583716687e-006	-1	
47.720929615213109	-2.7252292006643239	5.7807734163085359e-006	-1	
49.154136845425363	-3.0063958007016769	5.7594824391637154e-006	-1	
45.989872011727272	-1.4092223241725514	5.8764052250396852e-006	-1	
38.34473354788328	6.9405977875234734	6.4815847442573816e-006	-1	
17.783906249999998	12.644080042561239	9.2792495173618863e-006	-1	
18.498751204608507	12.616178313035871	9.1437821278888303e-006	-1	
17.161193749999999	12.547810208232605	9.5120382927086338e-006	-1	
16.53848125	12.539351182768691	9.6216390949896895e-006	-1	
19.340687500000001	12.000000000000002	9.4067993553547397e-006	-1	
19.029331249999998	12.233791596015072	9.322041000335012e-006	-1	
19.5742046875	11.838773612167605	9.404718460051223e-006	-1	
19.496365625000003	12.000000000000002	9.3493965995437586e-006	-1	
19.756089399116938	11.846944922286372	9.3289573660296238e-006	-1	
15.915768750000003	12.998565030056668	9.1364870596117876e-006	-1	
19.931546410908247	11.852244499265932	9.2549833791277244e-006	-1	
20.033332475883061	11.842890110129334	9.2190144433558599e-006	-1	
31.082273321891915	12.496036851158907	6.8271936462120806e-006	-1	
30.218593691042923	13.044953409149509	6.8396911050847128e-006	-1	
29.462738503825058	13.734833709154916	6.7947411218933452e-006	-1	
31.81461480740726	11.759335307749677	6.8434814301669879e-006	-1	
28.728132557252099	14.501147980631917	6.7131917970585674e-006	-1	
26.848862649004026	15.98558348494721	6.5022809280578488e-006	-1	
28.159233492396496	15.469149184238233	6.5425368752994588e-006	-1	
21.61424827975058	13.360697323842761	7.9893966809742106e-006	-1	
22.117981915742668	13.83219558540727	7.6926942996543277e-006	-1	
23.707836571103094	15.137278244956995	6.9978534490697578e-006	-1	
25.284608592171733	16.052885984111608	6.5810804425228433e-006	-1	
22.586471616656933	14.456906145664812	7.3609747736027937e-006	-1	
20.157109889870668	11.966667524116936	9.0980255914023544e-006	-1	
20.147782608184958	12.068505259890783	9.0376619788465423e-006	-1	
20.985261573098271	13.613020249148269	7.9455601290872074e-006	-1	
20.644590025271956	13.480523138496363	8.0665821210042917e-006	-1	
20.102987437258037	12.310987500000001	8.8934505772050762e-006	-1	
20.090753218845524	12.173793750000002	8.9873448331923661e-006	-1	
20	12.585375000000001	8.7387714449833674e-006	-1	
20	12.40245	8.8602591227215741e-006	-1	
20	12.7683	8.6179346001773147e-006	-1	
20.317638509215591	13.317075000000003	8.2122345613365019e-006	-1	
20	13.13415	8.3790042074008332e-006	-1	
36.47825571034106	7.4362975861461083	6.6396544074771324e-006	-1	
36.524791777540081	8.9686586270779731	6.5789888371848303e-006	-1	
33.962919381671099	11.023416730969064	6.6886009863248064e-006	-1	
32.75162501296078	12.207738129057608	6.685681413276555e-006	-1	
35.685804851201247	10.98447491452975	6.5288376945296986e-006	-1	
37.389484950065032	10.050590394261798	6.4501191749373095e-006	-1	
0	12.219525000000001	0	-1	
0	12.585375000000001	0	-1	
0	12.7683	0	-1	
0	12.40245	0	-1	
1.3119352032458711	14.310300840827841	1.2676499655182454e-007	-1	
0.82819298156863563	14.24457322827628	5.0974863817941903e-008	-1	
0	13.13415	0	-1	
0	13.5	0	-1	
0.3072547393644362	13.682925000000001	7.8613528879458427e-009	-1	
0.53805233193011537	14.198001136135142	2.1802522998433188e-008	-1	
0.26525475371994428	14.038034886785443	5.4249729759753103e-009	-1	
1.59338125	14.646584296935435	1.7348506400685069e-007	-1	
1.9047375	15	2.2883875646989919e-007	-1	
2.52745	15	4.0062464631004054e-007	-1	
3.1501625	15	6.1826122621331766e-007	-1	
3.772875	15	8.7203184442034092e-007	-1	
4.7069437499999998	14.498386716725884	1.4782991477617976e-006	-1	
4.3955874999999995	15	1.169060495128355e-006	-1	
5.9523687499999998	14.485121109733081	2.2778951387517944e-006	-1	
9.8616771772659622	17.286520968658305	3.3460840241356122e-006	-1	
10.989779872131439	17.565225400264392	3.7453447730006624e-006	-1	
8.1879355706739023	17.443141649849434	2.4784804204724604e-006	-1	
7.1333138811541996	17.137804832127426	2.0511483649796993e-006	-1	
13.127412792448068	17.47027098131392	4.6407262130987687e-006	-1	
11.479603854361891	18.627552313070403	3.4799877996474741e-006	-1	
12.648918218862798	18.59334821665076	3.9269581830996944e-006	-1	
5.9523687499999998	15.547933966393105	1.8764972469490633e-006	-1	
5.6410125000000004	15	1.846837006197822e-006	-1	
5.7965135275636532	16.594984788918008	1.5393276846684518e-006	-1	
14.747292391523924	16.905160169196328	5.4473815779941703e-006	-1	
15.604412500000002	16.176788018247276	6.0914501979491577e-006	-1	
16.227125000000001	15	6.9496862560339252e-006	-1	
15.721709692606025	13.911318362434772	8.0561422879999355e-006	-1	
5.2373780062774848	14.516578578033645	1.794083115423466e-006	-1	
42.058387338236422	5.2814032792237802	6.2442014905718798e-006	-1	
40.852497028598272	6.4517195125758171	6.3127114468765825e-006	-1	
39.901312420334776	7.2517729393901194	6.3655580870152853e-006	-1	
42.756595671968192	4.2175915121460292	6.1953812572969436e-006	-1	
43.807630573320843	3.5002938129971994	6.1375604911430192e-006	-1	
46.391696981444056	0.30325727293831517	5.9532632457248847e-006	-1	
44.85800944416944	2.197803246209233	6.0643086472875391e-006	-1	
45.722950409115931	1.5430936608393764	6.0172324247542477e-006	-1	
49.878202512991336	-3.4878236872062711	5.7337381571983921e-006	-1	
47.515282963993968	-1.6216450197154764	5.8432269617108564e-006	-1	
49.059953813408086	-2.1420038425414423	5.8068026139548874e-006	-1	
49.931476737728815	-2.6167978121471958	5.7819210115221227e-006	-1	
47.045949851692704	-0.60522405665576606	5.8998734568080299e-006	-1	
37.533982299206592	7.9465581096055402	6.5289594592984344e-006	-1	
38.967835627818388	8.0724182480271693	6.4128543194007059e-006	-1	
17.382772177317989	13.176664649812299	8.8244947862151416e-006	-1	
17.851705015884761	13.650644502823939	8.3223405553940869e-006	-1	
18.527196452257808	13.902354991695793	8.0339446440693178e-006	-1	
19.362837438512745	12.98319125125834	8.6417411495971547e-006	-1	
16.534765576353813	13.453368918252258	8.6001965379678316e-006	-1	
19.418526562500002	12.222467572464938	9.2049263958366042e-006	-1	
19.458278356110732	12.508167122065528	8.9746740817440644e-006	-1	
19.652043750000001	12.000000000000002	9.2901018656937425e-006	-1	
19.649291137011982	12.174525403139528	9.157987964883398e-006	-1	
19.885560937499999	11.943531102086915	9.2240167090933782e-006	-1	
19.807721874999999	12.000000000000002	9.2276541259478249e-006	-1	
19.9817	11.94130922359825	9.1832874140811027e-006	-1	
20.046786637585853	11.953213362414143	9.1484040772238596e-006	-1	
32.023413248530893	12.968352219936369	6.6588620768756931e-006	-1	
31.150256986386236	13.556930431370478	6.6552349589015601e-006	-1	
30.372571835180128	14.281721968825041	6.6034781695602677e-006	-1	
29.626148374109697	14.95947251512149	6.5358103462526447e-006	-1	
29.068772178426414	15.721095277114898	6.4191223281916215e-006	-1	
28.241316139483096	16.588941537857472	6.2705628914593941e-006	-1	
26.115451568355372	17.151497575788706	6.2143825177335654e-006	-1	
27.420376014412184	17.784693006213914	6.0063475093146599e-006	-1	
21.805666807898369	14.447433311900344	7.434054462842159e-006	-1	
22.398502826169885	15.214806942446861	7.0497586711864298e-006	-1	
23.760889176544008	16.679311301504296	6.4334931162756858e-006	-1	
22.463845016086513	16.592086400955175	6.4901494988831145e-006	-1	
24.971397753285846	17.153231888825779	6.2445909736345425e-006	-1	
20.05869077640175	12.018300000000002	9.101992947983142e-006	-1	
20.04645756385391	12.082331249999999	9.0630692006747648e-006	-1	
20.903059992768934	14.387714283913461	7.5360911421867725e-006	-1	
20.494254181532227	14.03715178816368	7.7593383303318729e-006	-1	
20.340211848837864	13.682925000000001	7.984403528973596e-006	-1	
20	12.219525000000001	8.9835352306105682e-006	-1	
20	12.1280625	9.0463926646245462e-006	-1	
19.862945396827609	12.453375573314055	8.8763808036423248e-006	-1	
19.711345497603563	12.646592046244296	8.7923756891483427e-006	-1	
19.89615706414525	12.310987500000001	8.9632076386796761e-006	-1	
19.752886060223773	12.951225000000001	8.5646652218197198e-006	-1	
20	13.5	8.1388823149155691e-006	-1	
19.676167142440601	13.313240806790398	8.3286777117727792e-006	-1	
37.908482014637812	9.0292553201659924	6.4601152077253389e-006	-1	
33.915006035236992	12.417638051973894	6.5494952567771674e-006	-1	
34.819423546141735	11.750785015926247	6.5400005228234982e-006	-1	
33.041305071437336	13.213979691277189	6.530681190341177e-006	-1	
35.879007435255872	12.124878570597879	6.4194606546442532e-006	-1	
36.99367637926543	11.34946822859111	6.3986507500822517e-006	-1	
38.947609387103853	9.5116427064078621	6.3668586162769601e-006	-1	
38.478936031504915	11.092326627149856	6.31716494860048e-006	-1	
1.1263468749999999	14.707611062825841	8.6044503075979726e-008	-1	
0.73301874859846805	14.610831370901703	3.6975818913504508e-008	-1	
0.54172164388926758	14.491832877934444	2.0697903945658082e-008	-1	
0	13.865850000000002	0	-1	
0.28865450239642093	14.353407953755694	6.0917003941711714e-009	-1	
0	14.2317	0	-1	
1.59338125	15	1.6050333240001645e-007	-1	
1.282025	15	1.0399610236357293e-007	-1	
1.7490593749999999	15.256960372691426	1.8582061032169305e-007	-1	
2.1013998512829595	15.29478546120184	2.664102494355198e-007	-1	
2.8388062499999998	15.492965520091854	4.6857689635624988e-007	-1	
3.4615187499999998	15.998565030056668	6.3848327558535557e-007	-1	
4.0842312500000002	15.644905551329577	9.2516964819791778e-007	-1	
5.0183	15	1.4911816943698219e-006	-1	
4.7069437499999998	15.998565030056668	1.1478080943580654e-006	-1	
8.4264896096509112	18.514845643846726	2.2558596580565423e-006	-1	
10.315546143007147	18.511640070940402	3.0684945173647204e-006	-1	
7.196732315850026	18.373978252683877	1.7702892725541585e-006	-1	
5.9633147591366296	18.269921756775833	1.2879879145108769e-006	-1	
14.083911883613958	18.228801812645919	4.5674694090062411e-006	-1	
10.763806944091559	19.912972289477608	2.7572339155481459e-006	-1	
12.119109806420791	20.485531355305277	3.037917232228657e-006	-1	
13.622904887823772	19.420716823015244	3.9036782761536729e-006	-1	
5.3296562499999993	15.644905551329577	1.5179258715028939e-006	-1	
4.8741203350939717	16.986608855030742	1.0624178218399178e-006	-1	
15.486063966504693	17.753333164895096	5.1837449621315369e-006	-1	
16.89026106404441	17.026881868481968	5.8525202178119915e-006	-1	
16.8498375	15.706131596935929	6.5894460958382196e-006	-1	
16.8498375	15	7.023012184393964e-006	-1	
16.640672352312791	14.073445453288331	7.9385699186340677e-006	-1	
41.855200725681655	6.9494940217809775	6.2568372432506494e-006	-1	
42.933043502256076	5.7818910227599734	6.206903529186195e-006	-1	
41.060625633110817	7.490548486576925	6.2918862027940379e-006	-1	
40.555631051504712	8.3085154688922636	6.3055353006520067e-006	-1	
43.735241009256796	5.1719807453835909	6.1689555729660927e-006	-1	
44.787978210356968	4.0114426360608224	6.1146505264895372e-006	-1	
45.43609223945073	3.1157290579268913	6.0746484193471258e-006	-1	
47.312101081738867	1.3696870825951319	5.9800191033074644e-006	-1	
47.798157215893994	0.22397388454461953	5.9284411148737964e-006	-1	
46.954851376461114	2.5618623825472531	6.0252226876917821e-006	-1	
48.582078800812141	-1.2721665051461279	5.8529747509563347e-006	-1	
49.969541350954906	-1.7449748351250509	5.8266595241439174e-006	-1	
39.927514642216735	9.1451681404709113	6.3195581819989265e-006	-1	
17.213377640154903	13.813215155717018	8.1987473635481251e-006	-1	
18.264429881006848	14.241664837949038	7.7619990203446626e-006	-1	
17.783906249999998	14.411838807939356	7.6213771038739e-006	-1	
18.688064796754116	14.310300840827933	7.6881272318319341e-006	-1	
19.242195587884009	13.756025433763389	8.0674974431037501e-006	-1	
19.171807018431373	14.244573228276344	7.7105477340557016e-006	-1	
19.726264918850436	12.401454236582055	8.9621911941563152e-006	-1	
19.813689739872821	12.115875658070342	9.1371696925882357e-006	-1	
19.814632896231096	12.230461043634699	9.0526715867988213e-006	-1	
19.9634	12.000000000000002	9.1586290203187992e-006	-1	
19.92300922359825	12.07699077640175	9.1186861646535128e-006	-1	
20	12.000000000000002	9.1391292418340962e-006	-1	
32.356726079714143	14.006310570334888	6.4781759875358257e-006	-1	
31.357756649474275	14.559188119148025	6.4735296359871051e-006	-1	
31.403310630952003	15.58168575614401	6.292491215740745e-006	-1	
29.995943740602495	15.897419834090929	6.3211764145613803e-006	-1	
29.393659990121623	16.538576347936999	6.2223529033604463e-006	-1	
29.159817679689176	17.386600619518994	6.0487931949343198e-006	-1	
26.174660099542429	18.527630501881113	5.8270086623989251e-006	-1	
25.158263193127421	18.203551460930516	5.9190779473286102e-006	-1	
27.198830767813025	18.829060394435313	5.7432313319770455e-006	-1	
28.49572742030487	18.405859770720948	5.8339658257872684e-006	-1	
21.029073208054527	14.911295150925049	7.2560413085709764e-006	-1	
21.431768348010415	15.2905781913207	7.0583802475868838e-006	-1	
21.684115024655306	15.870525557757828	6.79168077018904e-006	-1	
23.018612097952467	17.605170300883184	6.1053001172669527e-006	-1	
24.128095183765641	17.926344374727712	6.0040727231992214e-006	-1	
21.412194040963204	16.441556880610612	6.539533315932328e-006	-1	
21.696634435071164	18.203220882139266	5.8354666672000876e-006	-1	
20	12.036600000000002	9.1116464430053585e-006	-1	
20.55716361698444	14.800475658010372	7.322555337280955e-006	-1	
20.198160525641175	14.47813336332513	7.5136973244481514e-006	-1	
20	13.865850000000002	7.9022129353498707e-006	-1	
20	14.2317	7.6718357170732301e-006	-1	
19.91422967309143	12.173793750000002	9.0522639279143516e-006	-1	
19.692745260635579	13.682924999999999	8.0646488089492536e-006	-1	
34.429444922513994	13.481999838158417	6.3885868186720922e-006	-1	
33.355230639862938	14.720245922609564	6.3036256440132098e-006	-1	
35.643860810303856	13.696645718202895	6.2818329012508797e-006	-1	
37.070084956380036	12.648192581395836	6.2932914371821008e-006	-1	
38.224675622314436	12.277888309920517	6.2544448544947732e-006	-1	
39.491035273173978	10.529499981877603	6.2873897558297936e-006	-1	
39.894415271460538	11.610531759329179	6.2112280697770833e-006	-1	
39.213357297211303	12.329050409334039	6.2005564747721686e-006	-1	
0.81499062499999997	14.820678541666084	4.3770674234623902e-008	-1	
0.97066874999999997	15	5.9712503517247774e-008	-1	
0.58147343749999991	14.777532427535039	2.2551417965523766e-008	-1	
0.27373508114956557	14.598545763417938	5.2028798762007169e-009	-1	
0	14.414625000000001	0	-1	
0.13705460317238916	14.546624426685945	1.3214589429161236e-009	-1	
1.4493499448068736	15.277902416300956	1.2765691646083508e-007	-1	
1.1263468749999999	15.307842473680138	7.6692071776901229e-008	-1	
1.8477316350537776	15.542226332165447	1.9877448367411399e-007	-1	
2.3372991925410944	15.790368260046288	3.052496261004448e-007	-1	
2.8609904308193435	16.101918828589753	4.3497416211494215e-007	-1	
4.0842312500000002	16.369961594498037	8.3161846064724207e-007	-1	
3.3269899641795266	17.013233003201623	5.1392789624159755e-007	-1	
9.3728375046202821	19.585556859389779	2.3346245750519349e-006	-1	
8.2884146422637652	19.590453483493757	1.9228466392130414e-006	-1	
6.4747543334610951	19.569742209354377	1.263766378552425e-006	-1	
4.7784696040049468	18.171667066060373	8.7219582973916997e-007	-1	
4.9576126663676323	19.416162894027295	7.9147305525545407e-007	-1	
14.898362357834278	19.340735048181191	4.2968899329432743e-006	-1	
11.446477310350055	21.417321695570834	2.5482053162034847e-006	-1	
9.7999490265921647	21.257440676714367	2.059417709955531e-006	-1	
12.59186909079328	21.510838444207973	2.8633706550791488e-006	-1	
13.920776859924032	20.697599894717328	3.5144797322103676e-006	-1	
16.109121857089118	18.682110321793086	4.8858427461492613e-006	-1	
17.03736187186044	18.058252471660253	5.3617607977794889e-006	-1	
17.929219257099184	17.1038873348128	5.9708545735612408e-006	-1	
17.693107201369408	16.362952618830469	6.3236094429893134e-006	-1	
17.783906249999998	15.588198310197306	6.758292575166608e-006	-1	
17.472549999999998	15	7.0771487156849881e-006	-1	
17.144635553867637	14.449918886580724	7.5785703094501348e-006	-1	
42.963122065109282	6.7891678798078248	6.2065416069989883e-006	-1	
42.397300420522321	7.928943911776769	6.2209740334215052e-006	-1	
43.876133818641492	6.1898018525419323	6.1714461750880578e-006	-1	
41.520930846749025	8.3344730222476624	6.2545334342299245e-006	-1	
41.034012725579089	9.1683724361767354	6.2583068128765313e-006	-1	
44.630323135168339	5.566740351743829	6.1425240913383298e-006	-1	
45.636836126311792	4.7198174290076498	6.1031385746543868e-006	-1	
46.978044077316831	3.6013030894091695	6.0523632500023829e-006	-1	
48.050113107342618	2.0634371958644149	5.9943461954476691e-006	-1	
48.445801452338962	0.85623526651287174	5.9479682572784926e-006	-1	
49.104822671140056	-0.42853129533968815	5.88991943727461e-006	-1	
48.002637712359224	3.7778895200464757	6.0415431964870152e-006	-1	
48.508085940299161	2.9668816345935722	6.0155747754219674e-006	-1	
49.992384757819686	-0.87262032186417593	5.8683861257852995e-006	-1	
40.520003481734022	10.007418041325629	6.2553753157947395e-006	-1	
18.40661875	14.646584296935433	7.4167732963986048e-006	-1	
18.095262499999997	15	7.1111947215867757e-006	-1	
18.873653125000001	14.707611062825835	7.3674454281456109e-006	-1	
19.461947668069868	14.198001136135192	7.7274810002973761e-006	-1	
19.734745246280028	14.038034886785434	7.8168907964005675e-006	-1	
19.266981251401553	14.610831370901733	7.4359470374491584e-006	-1	
19.458278356110732	14.491832877934474	7.5188170782379691e-006	-1	
32.210069823989215	15.033479711943411	6.3326646620005466e-006	-1	
31.765783773592748	16.977745494440757	6.027771242274762e-006	-1	
32.83117891897902	15.785552683515368	6.1764456081240532e-006	-1	
30.45243941468172	17.429838584731634	5.9947042977696101e-006	-1	
29.695730032083294	18.47871006479884	5.7993225080017877e-006	-1	
26.528993518160199	19.869575406253386	5.4687088614202712e-006	-1	
25.146777205653922	19.995457745608892	5.3970534381263733e-006	-1	
24.366147525507326	19.0944640122751	5.6379561248234996e-006	-1	
27.993732855524176	19.541742798331693	5.5700294121156619e-006	-1	
29.071523075390989	19.506172525835353	5.5836781847843365e-006	-1	
20.884870409322101	15.207381766311366	7.1083528901796857e-006	-1	
20.577808215180742	15.088324889557931	7.1695450862433814e-006	-1	
21.085532583638617	15.666278515288223	6.8852988210690194e-006	-1	
23.021367548822209	18.760201863614657	5.6965128494314065e-006	-1	
20.710602476883562	17.852979877673231	5.9123795532093647e-006	-1	
20.70279106443736	15.989327217347954	6.7275450147046768e-006	-1	
20.359281963638775	16.867332029428194	6.3134953166369096e-006	-1	
21.745272637227924	19.294879860364169	5.4364204917718012e-006	-1	
20.678583036019845	19.532068169778078	5.2556350106264875e-006	-1	
20.263628436391176	14.800657784191378	7.3234030679539491e-006	-1	
20.315750505300027	14.967456629748813	7.2299745038745808e-006	-1	
20	14.414625000000001	7.5571343539432428e-006	-1	
20.102987437258033	14.6890125	7.3875186480239023e-006	-1	
20	14.59755	7.4430698664351078e-006	-1	
19.711345497603563	14.353407953755704	7.6075073716850779e-006	-1	
34.432663878219351	15.218890403054127	6.1732984201163887e-006	-1	
35.419257559296504	14.909259499245083	6.1580387999459189e-006	-1	
36.854590842457519	13.931191218218762	6.1892041289140567e-006	-1	
38.139535126212159	13.487415471773101	6.1659315888927417e-006	-1	
41.048358691506593	11.13721929657785	6.1837828516055944e-006	-1	
40.519395552100036	13.21388257886186	6.0904626159618101e-006	-1	
41.344923325055632	12.584098653352328	6.0993729931589798e-006	-1	
39.48327530227764	13.281548853025305	6.1244101362103197e-006	-1	
0.65931249999999997	15	2.7603456590216679e-008	-1	
0.78425159035331771	15.263418567643786	3.7512987832202114e-008	-1	
0.50363437499999997	15	1.610892067173258e-008	-1	
0.35070886298800535	14.825474596860486	8.0955174223145736e-009	-1	
0.18536710376891016	14.769538956365302	2.2907876074691111e-009	-1	
0.10384293585475027	14.6890125	7.3341268132027207e-010	-1	
0	14.59755	0	-1	
1.3723418789444171	15.593016916019163	1.0912829124200157e-007	-1	
1.0105693521238486	15.69770045515904	5.8124273625838693e-008	-1	
1.8388918862309516	16.02023989103451	1.8345654886726295e-007	-1	
2.3757010211510035	16.528889825683962	2.8433627543313676e-007	-1	
2.4857677158025053	17.489085561554496	2.7199661504363649e-007	-1	
3.6694432143759501	18.600120672642326	4.9700239724033234e-007	-1	
8.8352561146716262	20.613389692780732	1.8837972706929163e-006	-1	
7.5857197999899082	20.416417695775888	1.4950275764513673e-006	-1	
6.4173831714819363	20.797236355534743	1.0718995977429855e-006	-1	
5.1890107080669594	20.63359189218632	7.355800157134508e-007	-1	
3.6888715779560313	20.288019416680665	4.0298778848767097e-007	-1	
16.198993194094655	19.796897873293307	4.429701767621077e-006	-1	
15.218490864073537	20.510259418587619	3.924973064400031e-006	-1	
10.945025088484952	22.451349442862519	2.1462712531395168e-006	-1	
12.834565911491342	22.613496242773596	2.6399783063407173e-006	-1	
8.7258603313926617	21.821757350380977	1.6129726072345092e-006	-1	
9.2823992248358209	22.89989662404583	1.5799320910923799e-006	-1	
13.676363150572337	21.824890353640896	3.0813058848862127e-006	-1	
14.817187328657218	21.654473116261219	3.4327039981878533e-006	-1	
17.876952654824461	18.842852842581525	5.160588914557858e-006	-1	
18.313584329891391	17.779902606109385	5.698443036713739e-006	-1	
18.454887495123486	16.530820096400777	6.3161614856220666e-006	-1	
19.139764340087044	16.832484909780213	6.2352986626283831e-006	-1	
18.212103820060843	15.780602882190427	6.6864833256187794e-006	-1	
18.406618749999996	15.35335983618425	6.9306717748958236e-006	-1	
43.461033033489699	7.9602051141007628	6.1786876960176522e-006	-1	
44.176525053091389	7.1724389657119003	6.160181399958006e-006	-1	
42.017341449733706	9.2039765164247491	6.2122435625478252e-006	-1	
43.280031702543823	9.6231307694826054	6.1545382287593475e-006	-1	
44.833514911538849	6.4911407308663582	6.1415107830116851e-006	-1	
42.13725020385521	10.529004385219661	6.1662404543653659e-006	-1	
45.556834398694441	5.8807213025980003	6.118622557211027e-006	-1	
46.566555829161963	5.3023090681203282	6.0911965906003743e-006	-1	
47.376072341516505	4.5617969131023681	6.0650035676319402e-006	-1	
49.059953813408086	2.1420038425414529	5.9881491283206323e-006	-1	
49.240508203736198	1.2894080858499453	5.958273098339328e-006	-1	
49.24411540828428	0.42974688464096883	5.9256356739447846e-006	-1	
50.000000000000121	1.6653345369377348e-015	5.906585530137538e-006	-1	
48.955312959061033	3.8528666880114675	6.0346893851049973e-006	-1	
48.374993449165743	4.6579820757823409	6.0545746859881122e-006	-1	
49.878202512991344	3.4878236872062756	6.0219753741361656e-006	-1	
49.931476737728822	2.6167978121471993	5.9986773894810045e-006	-1	
18.717974999999999	15	7.1336570571440189e-006	-1	
19.185009375	14.820678541666084	7.280633697433525e-006	-1	
19.029331249999998	15	7.1421714822524502e-006	-1	
19.418526562500002	14.777532427535062	7.3154222124241636e-006	-1	
19.726264918850436	14.598545763417947	7.4423383440941791e-006	-1	
31.972368242829958	18.351275408364064	5.778827804633784e-006	-1	
33.065319364792806	17.46812169143292	5.9004756438045868e-006	-1	
34.352277887538463	16.541937600484193	5.9954149606538343e-006	-1	
30.847834039869674	18.661261973247271	5.7436915103809637e-006	-1	
30.146377527658821	19.593263907533135	5.5644988237936194e-006	-1	
25.757072011135005	21.023050800404476	5.1441437018618565e-006	-1	
27.489213973252138	20.72368477100116	5.2837406834065227e-006	-1	
24.562082672263212	21.002858825660244	5.0872397802636594e-006	-1	
23.845312640624126	20.334389808404868	5.2358102731044182e-006	-1	
28.730982103335105	21.189971208736708	5.2106820519072614e-006	-1	
29.537104049217426	20.478865364884165	5.3783789047344154e-006	-1	
20.643277455284263	15.431199941472499	6.9952525966334504e-006	-1	
20.342066934081011	15.254786380367866	7.077736457092842e-006	-1	
22.529628095183341	20.055715923536532	5.2385192235792112e-006	-1	
19.711934380115295	18.165373565627867	5.6927063876563922e-006	-1	
20.142901192208296	15.94968813655762	6.7247598482203984e-006	-1	
20.324891936405962	15.574308934878744	6.9156330236984282e-006	-1	
19.694283050656335	16.329924513382871	6.5176195792064855e-006	-1	
21.784046710746416	20.849123029673713	4.9159835879543731e-006	-1	
20.708998305671933	20.676909895346881	4.8553037545261309e-006	-1	
19.042749907103072	19.176661727357942	5.1951035723013331e-006	-1	
19.564477094853444	20.717639039923441	4.6944426294689139e-006	-1	
20.090753218845524	14.82620625	7.3042289592980556e-006	-1	
20.147782608184958	14.931494740109219	7.2443702002549569e-006	-1	
20.157109889870668	15.033332475883064	7.1873729462365211e-006	-1	
19.862945396827609	14.546624426685945	7.475956144656195e-006	-1	
20	14.780474999999999	7.3292704548553585e-006	-1	
19.89615706414525	14.6890125	7.3838803346215644e-006	-1	
35.230933413601974	15.926005487328339	6.0429528995344608e-006	-1	
36.229505222595705	15.551705693298061	6.0481121559487725e-006	-1	
37.395898007853276	15.070806415408814	6.0527984948316912e-006	-1	
38.647455250134556	14.867940379939695	6.0278573308249723e-006	-1	
42.607078512742106	11.909518029339848	6.0958484481618796e-006	-1	
40.013805285418172	14.120801747800169	6.0433312959393451e-006	-1	
41.503103990903341	13.647391084380502	6.0347575304492918e-006	-1	
43.153710387657419	13.330845785317349	6.015758784172298e-006	-1	
0.50363437499999997	15.184342044419962	1.5673810225619449e-008	-1	
0.57753357276848172	15.469007427467497	1.9733976505721503e-008	-1	
0.34795625000000002	15	7.689655018350124e-009	-1	
0.18631026012717691	14.884124341929663	2.2581357174859109e-009	-1	
0.085770326908571448	14.82620625	4.8559294705060996e-010	-1	
0	14.780474999999999	0	-1	
1.3263646536109919	16.111586556723481	9.3990577715023179e-008	-1	
0.25624924510064018	15.855196874999999	3.7065633260720086e-009	-1	
0.56568460573606938	16.402544090432201	1.6695963556013117e-008	-1	
1.7291093281449244	16.887788120313562	1.4313677007268441e-007	-1	
2.3812434690266215	18.913388029591879	2.0542616233697663e-007	-1	
1.1766498437899882	18.359719158435574	5.5135706072127903e-008	-1	
2.7660568121616329	19.856592607065846	2.4293472572098667e-007	-1	
7.6122220543020589	22.480340244937675	1.186893308262747e-006	-1	
5.672531010484879	21.774594318305763	7.6162440838012633e-007	-1	
6.4414217118608379	22.679776903101587	8.5804690342558352e-007	-1	
3.7302077783679675	21.924737300506749	3.3549888797571281e-007	-1	
2.2080890480368369	20.708876690115723	1.3980798239412381e-007	-1	
2.7342701083943979	21.61084782864468	1.904432855237051e-007	-1	
17.100270714957198	20.56673154625609	4.3265548052451886e-006	-1	
16.852669432047879	21.725885832078802	3.8743738659749782e-006	-1	
10.274549536048129	23.271797523072298	1.7874227313007763e-006	-1	
11.659513800588449	23.719416854342281	2.0679725252619501e-006	-1	
13.272577353307678	23.805165822302232	2.4598856305992802e-006	-1	
14.520051741638113	23.569076728111948	2.8184340732089167e-006	-1	
8.551516311356929	24.487025000300378	1.165067534626065e-006	-1	
7.569939374147503	23.754069017336342	1.0191317073762097e-006	-1	
10.117384126762087	24.319638900790949	1.5686901084944892e-006	-1	
15.417862997346754	22.728053244541545	3.2546100489316259e-006	-1	
18.121827464824083	19.96559357503741	4.7472592511717452e-006	-1	
19.159915379996121	16.084386060704059	6.6009789216638876e-006	-1	
18.681515476160715	15.775565477358002	6.7237575741912943e-006	-1	
18.873653124999997	15.292657440757184	6.9857198609426244e-006	-1	
44.086492734705196	8.8211955303171976	6.1466942483188497e-006	-1	
45.17400096402671	8.4883211165091517	6.1223288815622984e-006	-1	
45.820138085420545	7.0141979228664928	6.1165142606318589e-006	-1	
43.56132157607442	10.842974588040279	6.1110984039277078e-006	-1	
44.999344261898543	9.4995624026737708	6.1109532799315118e-006	-1	
44.764888175536164	10.498634094800918	6.0936488825362062e-006	-1	
47.167301507246826	6.2203394955933833	6.0887052597004543e-006	-1	
47.841549359605452	5.4508560283798477	6.0720629163222855e-006	-1	
49.969541350954913	1.7449748351250545	5.9718624545308753e-006	-1	
49.992384757819686	0.87262032186417937	5.9410691940805905e-006	-1	
49.809734904587408	4.3577871373829211	6.0411950174763306e-006	-1	
49.726094768413809	5.2264231633826883	6.0565480104185976e-006	-1	
48.791027596861234	5.5590354089107583	6.0653427164692255e-006	-1	
19.340687500000001	15	7.1513613097905079e-006	-1	
19.185009375	15.17889742220938	7.0567297196867426e-006	-1	
19.496365625000003	15	7.1567859694563204e-006	-1	
19.649291137011982	14.825474596860472	7.285588975549398e-006	-1	
19.814632896231096	14.769538956365302	7.3289300907785918e-006	-1	
32.786569967257726	19.496516952610516	5.5754361273613945e-006	-1	
31.470834488302888	19.663893607155753	5.5488866047868195e-006	-1	
33.98880949363847	19.295484420646396	5.5978223759718936e-006	-1	
34.585985694772923	17.84665843459506	5.8046530634195254e-006	-1	
35.623426142895774	16.9175676139647	5.9040273240628034e-006	-1	
30.596467699014038	20.661218786250316	5.3564642944395599e-006	-1	
24.94879772971429	21.903448393458397	4.8718738670358135e-006	-1	
26.866222083631687	21.847698665396589	4.9942754485549426e-006	-1	
27.843827298293846	22.020411429483826	4.9986332972380881e-006	-1	
23.89668891316327	21.722484596903268	4.8417255421522062e-006	-1	
22.979745305285643	21.175771438564837	4.9240698670850227e-006	-1	
28.774340732327488	22.366368657615041	4.9651431159968408e-006	-1	
30.141233638378893	21.726991151891319	5.1400118291608528e-006	-1	
20.157422202897184	15.301648831921248	7.0458465614068343e-006	-1	
20.079293338075534	15.537396714236809	6.9236297942742104e-006	-1	
19.61843759920426	15.7467560928689	6.7962327212718246e-006	-1	
22.022679651451078	21.911403951322267	4.6172652256364743e-006	-1	
21.000256670567417	22.500854332686437	4.3218271140724558e-006	-1	
20.153732378661665	21.678542270788483	4.461446889564303e-006	-1	
18.281744434870628	21.418565584691478	4.2514352920755047e-006	-1	
19.092917957406286	22.059632249978957	4.1805714360673056e-006	-1	
20.04645756385391	14.917668750000001	7.246906404309942e-006	-1	
20	14.8719375	7.272488234844107e-006	-1	
20.05869077640175	14.9817	7.2096680296231051e-006	-1	
20.046786637585853	15.046786637585857	7.1722211778820736e-006	-1	
20.033332475883061	15.157109889870668	7.113350000350948e-006	-1	
19.91422967309143	14.82620625	7.2961228117560533e-006	-1	
36.676249408794263	16.977654594652826	5.868731341212836e-006	-1	
37.506582510342319	16.327582125662662	5.9202374288491246e-006	-1	
39.697202095429098	15.061848985981031	5.9793085146009595e-006	-1	
38.538350565629756	16.717329685109739	5.8569373138208985e-006	-1	
39.629150554764657	16.127183663214407	5.8905876333707026e-006	-1	
44.035225604034146	12.001662599071627	6.0594002782470282e-006	-1	
40.733338877518278	14.804964662783574	5.9753469146994238e-006	-1	
42.408753159859089	14.226538302020014	5.9802928082248706e-006	-1	
42.135290638290058	15.215633313602092	5.9214044745478445e-006	-1	
43.394488968937331	14.47069315690837	5.9526282018949095e-006	-1	
44.197269486670109	13.848736471267511	5.9772456530251684e-006	-1	
0.35494039157206958	15.27678945894924	7.681237196710793e-009	-1	
0.27011718750000002	15.123618152198395	4.5466612602595282e-009	-1	
0.22292014477014735	15.482358443514661	2.9562252168046286e-009	-1	
0.19227812499999999	15	2.3410470301373472e-009	-1	
0.076990776401748756	14.923009223598251	3.8319893284852602e-010	-1	
0	14.8719375	0	-1	
0	15.582331250000001	0	-1	
0	16.128062499999999	0	-1	
0	17.219525000000001	0	-1	
1.3142991191228577	19.700296394686994	5.7399156923946001e-008	-1	
0	18.310987500000003	0	-1	
0	19.402450000000002	0	-1	
4.7692265713702753	22.727499520391689	4.9076746713917574e-007	-1	
6.2998338052408958	23.858972089310832	7.2489435951267443e-007	-1	
3.50508923727726	23.082385466068285	2.6040374744874288e-007	-1	
1.0613796347809148	21.039643749999996	3.205786184366077e-008	-1	
2.0825438820964295	22.426734689044842	1.0117981094677921e-007	-1	
17.789656282376356	22.606641132146581	3.786988437210454e-006	-1	
16.301028003376199	23.584443998180927	3.2115605929931445e-006	-1	
11.173899163210418	24.752925168964602	1.755930852307475e-006	-1	
12.564754299047758	24.859166265278489	2.0684538784478297e-006	-1	
14.074963108617204	25.021285145906294	2.3848616844826463e-006	-1	
15.401421548206917	24.633520545837502	2.7577184193394864e-006	-1	
9.0747497638590637	25.594700273477002	1.1555991341081801e-006	-1	
7.449867414154312	25.022830435058623	8.6832587816757612e-007	-1	
10.559857212556803	25.906171436596484	1.440268362390165e-006	-1	
19.131596464317767	15.515672899521089	6.8842253236370778e-006	-1	
46.767031198229255	8.2585668073114	6.0950233960871739e-006	-1	
46.512366967360364	9.3823618375051527	6.0870061680174945e-006	-1	
47.369777016979086	7.2231947397257752	6.0894720624832352e-006	-1	
45.781406098150427	10.164011939298245	6.0843534605728991e-006	-1	
45.663640775880609	11.86356975911653	6.0407853880511207e-006	-1	
46.28013223984798	11.110876718206388	6.0557519236179612e-006	-1	
48.182963480111013	6.3434074833188987	6.0772180636400029e-006	-1	
49.627307582066237	6.0934671702573917	6.0676946001606765e-006	-1	
19.418526562500002	15.137549031445459	7.0867771717098872e-006	-1	
19.452656060132018	15.400819092088911	6.9583202398900836e-006	-1	
19.574204687500004	15.164806637704023	7.0805088096404834e-006	-1	
19.652043750000001	15	7.1633634018061818e-006	-1	
19.813689739872821	14.884124341929658	7.2520783292215932e-006	-1	
33.489752765558848	20.407570901032955	5.4272265506646374e-006	-1	
31.677219738627091	21.079648964653625	5.295678593064558e-006	-1	
34.586120450633935	20.757518388358999	5.3817039357747345e-006	-1	
35.207696968937348	19.285126802212456	5.5930864728480832e-006	-1	
35.50088547519799	18.304822536875815	5.7244451032825808e-006	-1	
36.481933841255412	18.014133602967725	5.7472092822313613e-006	-1	
25.497921470975967	22.847881240017472	4.6732674812638329e-006	-1	
24.469796159630718	22.989491902594175	4.5580629771691909e-006	-1	
27.250955562974593	22.816680705591377	4.7936082954569585e-006	-1	
26.381593282079347	23.39214162425047	4.6081091111806396e-006	-1	
28.141408506118228	23.358934889894449	4.7283407819128793e-006	-1	
23.337889227446315	22.632112965398143	4.5460101779884469e-006	-1	
29.478622700302488	23.30964901785838	4.8092731879440463e-006	-1	
31.448622682123915	22.480604912205326	5.0401109546492067e-006	-1	
30.752939149042646	23.717924031520131	4.7916619826024536e-006	-1	
19.967438996368571	15.31565409366987	7.0285305733072633e-006	-1	
19.678648644525477	15.367901823753266	6.9864070562222969e-006	-1	
22.131515782496091	22.902803477740441	4.3493403601118667e-006	-1	
20.673105783417917	23.717092858627034	3.9445520933356021e-006	-1	
19.849793882315012	22.763981444128618	4.0851318938318546e-006	-1	
21.568870323712144	23.726301147508135	4.0613832158054381e-006	-1	
18.79196626234901	23.048771790310791	3.8347772111613807e-006	-1	
20	14.9634	7.2151251478834634e-006	-1	
19.92300922359825	14.923009223598251	7.2336613455800902e-006	-1	
20	15	7.1920736972057163e-006	-1	
19.9817	15.058690776401749	7.1594828740142159e-006	-1	
19.931546410908247	15.147755500734066	7.1104187616901907e-006	-1	
37.618446501686954	17.325790853261076	5.809835741350807e-006	-1	
39.439774268757908	17.352848203679649	5.7819715577030661e-006	-1	
38.089530974167467	18.212928743445545	5.7065210855950225e-006	-1	
40.806027781627655	16.518434140973646	5.8414364551004432e-006	-1	
45.453547987560334	12.813553737547222	6.0097840440262586e-006	-1	
41.766999005390225	16.173470442646174	5.8577883017608286e-006	-1	
42.775989605172882	16.017253876259218	5.8631589205919906e-006	-1	
43.814169998860194	15.395438803877068	5.8969234800703561e-006	-1	
45.194320620273011	14.951033973897605	5.918503373302376e-006	-1	
45.644121445390667	14.189015998817853	5.9536070606974561e-006	-1	
0.18349560020355388	15.241249218749999	2.0618041918606281e-009	-1	
0.076990776401748756	15.076990776401749	3.7139678510651908e-010	-1	
0	15.309465625	0	-1	
0.036600000000000001	15	8.4949488547203501e-011	-1	
0	14.9634	0	-1	
0	20.4939125	0	-1	
4.3966504138057108	23.829279377093357	3.6819861693115066e-007	-1	
5.2213801849347359	24.755395288267035	4.6273346975894766e-007	-1	
6.0557490017499553	25.672836596385409	5.5387518952201084e-007	-1	
3.3106357734457905	24.245577403443516	2.046029827972671e-007	-1	
2.4130289029193479	23.527617831123752	1.181364683442022e-007	-1	
0	21.585374999999999	0	-1	
0.97351911675508529	22.173757471072779	2.2686582981014881e-008	-1	
1.2664372746978403	23.447046871130691	3.359822180811745e-008	-1	
18.06001742316252	23.863851977565428	3.4859037911295717e-006	-1	
16.967360402242239	25.066093377621446	2.979020757574495e-006	-1	
11.748710528736478	25.739613015495273	1.7283751592382014e-006	-1	
13.183464272447983	26.251018045793948	1.9578196348155004e-006	-1	
15.964926106771019	25.644282572206169	2.6541219265866866e-006	-1	
14.167609004084811	26.708801866637259	2.0833890358299961e-006	-1	
15.240892088004641	26.547029491968523	2.3299428367762226e-006	-1	
8.3246717677569446	26.405531014907737	9.1963828534250012e-007	-1	
9.3485044866795413	26.82005490462851	1.0798190494750277e-006	-1	
7.2466813692649241	26.646363305609569	6.9955923507714827e-007	-1	
10.270178005740581	27.672670612091483	1.1688243154789945e-006	-1	
11.672765221668776	26.937672373526222	1.5367545447531575e-006	-1	
47.674820435376603	8.276076031734668	6.0850227223187015e-006	-1	
47.009698742329839	10.421799303627061	6.0649941203215551e-006	-1	
47.623098465182323	9.6890288884226017	6.0723734691795827e-006	-1	
48.567297883216305	7.2584313014680477	6.0793043718268044e-006	-1	
46.617346153584528	12.056065451322384	6.0286445458678753e-006	-1	
47.255945528588455	11.345148761661083	6.0443363744802252e-006	-1	
49.513403437078658	6.9586550480032914	6.0747626242634203e-006	-1	
19.756089399116938	15.153055077713628	7.0961139278170225e-006	-1	
19.807721874999999	15	7.1720975443720523e-006	-1	
33.55052293836485	21.556828196358872	5.2453142436730521e-006	-1	
32.458972638281359	21.926337616397412	5.1633849425853305e-006	-1	
35.513645029036546	20.658899401031352	5.4035224731109093e-006	-1	
35.130013581471545	21.509107881723974	5.2803494898254356e-006	-1	
36.803528579537847	19.197858127021615	5.5989152261269176e-006	-1	
36.395360762527012	20.354588846633643	5.4508335880893906e-006	-1	
25.17227302002815	23.83329908133123	4.4155080682189304e-006	-1	
24.11283606572978	24.121530991689912	4.2500494590529166e-006	-1	
27.269299027281708	23.788806040265289	4.5845615134303492e-006	-1	
25.635607612808872	24.828691139474525	4.2356489797986958e-006	-1	
27.054483749542872	24.864346619230488	4.3472220403348575e-006	-1	
28.804392984228084	24.243470164819207	4.5923763844499102e-006	-1	
22.456694951516631	23.845659157279012	4.1404015856060236e-006	-1	
29.852614131801136	24.594445230288908	4.5888368045837058e-006	-1	
32.408275595642252	23.526549684551441	4.8976426060258956e-006	-1	
32.223694596573253	24.501276637744009	4.7303482300200985e-006	-1	
30.818940616901049	25.39761873131868	4.5066608642523496e-006	-1	
20.938764645279118	24.613251949565676	3.7534298587063632e-006	-1	
19.777562217937326	24.602680560253003	3.5813628553383263e-006	-1	
21.872428121663827	24.569112850995563	3.8900479859279448e-006	-1	
19.9634	15	7.1860007905874292e-006	-1	
19.885560937499999	15.056468897913087	7.1517000230717279e-006	-1	
39.856901090648257	18.426492461413407	5.6767201087649935e-006	-1	
40.915690650097183	17.972982322048285	5.717375576699761e-006	-1	
37.740903663081689	19.989031228996613	5.506032434601196e-006	-1	
39.211973257142198	19.380837717216671	5.5802212242099145e-006	-1	
41.642068424353894	17.18681046257306	5.7816557304629494e-006	-1	
46.831218501588381	12.987446318719664	5.9990819357913906e-006	-1	
42.71173118637671	17.22570055265507	5.7790650520651268e-006	-1	
43.665530804350091	16.837734813907829	5.8085821187692833e-006	-1	
45.195583761257616	15.835901523927562	5.8731040311471733e-006	-1	
46.078611370798619	14.98300341486912	5.9199963075948182e-006	-1	
47.084465886478249	13.94705419865657	5.966366802947529e-006	-1	
0	15.173032812500002	0	-1	
0	15.0366	0	-1	
0	15	0	-1	
4.5212074209756548	25.778932281699849	3.1608257634864568e-007	-1	
5.3811797899491891	27.06669699445068	3.8584186299726123e-007	-1	
2.8187371326374957	25.232519557358604	1.3413997850909794e-007	-1	
1.7160967834627583	25.246779584547088	4.9542992386807468e-008	-1	
0.98904939263482894	24.472391269113398	1.802031325692691e-008	-1	
0	22.676837499999998	0	-1	
0	23.7683	0	-1	
18.07925080908133	24.97898357159081	3.2078485150396889e-006	-1	
17.064684223912682	26.392907117015998	2.7113739913237777e-006	-1	
12.691516298831461	27.173851459262455	1.7111233745992835e-006	-1	
13.694775620561268	27.685805178228424	1.8329983161238437e-006	-1	
14.857654275665793	27.645676767063694	2.0648152741750511e-006	-1	
16.552194101184902	27.620612496745665	2.3841550237485493e-006	-1	
7.9833916823361761	27.410940587507326	7.7500300872794583e-007	-1	
8.8773140487101223	27.983848353448845	8.8777263165020761e-007	-1	
6.6408224521833503	27.967358303869389	5.2663570547936029e-007	-1	
10.4490178365108	29.088621848695659	1.0681363091863789e-006	-1	
11.431232005049669	28.502643623820898	1.298510684918103e-006	-1	
12.607021570030179	28.216202148121113	1.5546424347017512e-006	-1	
48.57061140768225	8.1279328376413105	6.0794317474329531e-006	-1	
48.284396398319402	8.9489839135601361	6.076679688000486e-006	-1	
47.942667814052257	10.628633567238849	6.0577164378069656e-006	-1	
48.907380036690427	10.395584540887995	6.0612370346337661e-006	-1	
49.08135917238333	9.5404497688272674	6.0708806399074344e-006	-1	
49.384417029757017	7.8217232520115649	6.0779021897818013e-006	-1	
47.54252847405553	12.295333868131371	6.0210598236743503e-006	-1	
48.514786313799974	12.096094779983421	6.028872459316494e-006	-1	
48.718503239261899	11.24755271719328	6.0472911540641716e-006	-1	
34.632485803704881	22.292161273683629	5.1571392810175012e-006	-1	
33.827642935638565	22.835328444185883	5.0549397868759098e-006	-1	
36.303743520599582	21.454277824101176	5.3079231862823479e-006	-1	
35.603352408297226	22.307015682994422	5.1793085368833945e-006	-1	
37.537818638668952	21.368478416062803	5.3396029510112603e-006	-1	
24.41730445663854	25.201403574267658	4.0370237619932196e-006	-1	
23.179724361171925	24.614188492437663	4.0352510346704759e-006	-1	
25.055621185294381	26.124104798708053	3.911628502353174e-006	-1	
26.086607502028553	26.17445482770276	4.0018773268673709e-006	-1	
27.442733192032939	25.884656406201163	4.1791436637555246e-006	-1	
28.847160468148729	25.348061497901231	4.3860853002625987e-006	-1	
29.821869631443153	25.817705515594387	4.3708213438203054e-006	-1	
33.122246928704925	24.080840572547277	4.8377338122969186e-006	-1	
32.484189712344858	25.458514890822375	4.5934850101389488e-006	-1	
31.297365872526541	26.544065300407897	4.3522625233569621e-006	-1	
30.114664539005378	26.859288252812465	4.217518332806199e-006	-1	
20.349550069410888	25.554091385228979	3.446488298963356e-006	-1	
21.448458654119381	25.396761850275109	3.638661137927493e-006	-1	
18.537899313213224	25.995610319608524	3.057886183806546e-006	-1	
22.447261830868108	25.30008424727643	3.7903613624030102e-006	-1	
40.8826391755264	19.431284058938562	5.5877798251102609e-006	-1	
42.086327492668623	18.843238455955348	5.6503555355635898e-006	-1	
38.722722456420541	20.979056443873588	5.4048136339441954e-006	-1	
40.308974306873452	20.641892093971361	5.4648433558174897e-006	-1	
48.063084796916087	13.781867790850001	5.9788357674975566e-006	-1	
48.296291314453555	12.940952255126076	6.0061719185805608e-006	-1	
43.467482253678163	18.447575371996251	5.6952249271244685e-006	-1	
44.028006771351478	17.801509839022231	5.7464729444455733e-006	-1	
44.643424639909298	17.160186007211777	5.7936046997180469e-006	-1	
46.290005844122533	16.39215079195834	5.8536586062334697e-006	-1	
45.521081046155047	17.01963479674351	5.8106952281634174e-006	-1	
46.966735938873114	14.808554959125724	5.9322335903384462e-006	-1	
46.711945741126584	15.629598409815758	5.8947211789018326e-006	-1	
47.815237798151905	14.61858523613688	5.9477540450001856e-006	-1	
4.0190636063972827	27.045293290852612	2.2101365035252931e-007	-1	
2.7230589155747587	26.331093527004391	1.1045218640982478e-007	-1	
5.7405841198936596	28.534358117567578	3.7995907488104989e-007	-1	
4.6775855826582804	28.490177199820792	2.5721773276514789e-007	-1	
1.0864156614857334	26.155326925065218	1.8233632691452068e-008	-1	
0	24.859762500000002	0	-1	
18.181943747527175	26.790987528506509	2.8297544341002185e-006	-1	
17.432088802939834	27.234887101895733	2.6128876205455604e-006	-1	
14.3111183988376	28.677205834035558	1.8089310099065907e-006	-1	
15.559118339965753	28.328088240921137	2.0851480123168274e-006	-1	
16.467830562478674	28.691377863415557	2.1909702139581286e-006	-1	
17.387424520680671	28.152449918011602	2.4397250241679351e-006	-1	
7.5116533685368347	29.130864353685066	5.9284014341789768e-007	-1	
8.4629448158726692	29.657406236390916	7.0243859941510997e-007	-1	
9.5425903226254025	29.786120461581316	8.5958530538648308e-007	-1	
6.2692535045444346	29.45762759360937	4.1084443528029319e-007	-1	
10.698334579846522	30.204845981385127	1.0106933594404981e-006	-1	
11.795663333712502	30.319735065839062	1.1802117977922634e-006	-1	
12.622192574063904	29.42628464975261	1.4120803751734595e-006	-1	
49.240387650610536	8.6824088833465414	6.0765981960114902e-006	-1	
34.758691278414922	23.254904643196944	5.0227906914567115e-006	-1	
33.968967641561584	23.764521924077066	4.9196210168095088e-006	-1	
36.853371873453042	22.411157252201484	5.1971524902003777e-006	-1	
35.769145321910194	23.402816202404512	5.0361917858490458e-006	-1	
38.105893762334624	22.478855461763168	5.2217618085006669e-006	-1	
23.388284310660435	25.648553811701237	3.8272797123679645e-006	-1	
25.523975494000126	27.043948346399524	3.7811900966016839e-006	-1	
24.489865617188688	26.98746367418816	3.6782937921969118e-006	-1	
27.505422661478445	26.974537005809495	3.9842393776950887e-006	-1	
26.235490106344439	27.796491177030649	3.7170239720493624e-006	-1	
28.423105943137941	26.36490525822769	4.1705664440429786e-006	-1	
28.979094397756331	27.316046841499094	4.0532047004186758e-006	-1	
33.792177308042227	24.687624504265546	4.7763398477576529e-006	-1	
32.288039174968105	27.293596399713511	4.306462444713886e-006	-1	
33.695078450110373	26.017966256406613	4.5799689432037689e-006	-1	
30.963895174992725	27.74073892127662	4.1439904724872258e-006	-1	
29.385914264680014	28.353630758243781	3.921328070274174e-006	-1	
19.688531267308498	26.77934688643224	3.0782351552181154e-006	-1	
21.080194293020799	26.740994274695606	3.2960379368776107e-006	-1	
22.472480024314681	26.676807882413296	3.4985155695064085e-006	-1	
18.938224323060393	27.171735159842928	2.8798790744485576e-006	-1	
42.070628130455233	20.050433022419607	5.5499523635610428e-006	-1	
43.44759788342197	19.30267362344425	5.6317769431746471e-006	-1	
39.635611004413605	21.536344496467137	5.3620676996729598e-006	-1	
39.221048396098013	22.522282282743213	5.2463874509808153e-006	-1	
41.295065961803708	22.042325664281403	5.3536425579348135e-006	-1	
40.324378336317615	22.354595703079283	5.2965121277121223e-006	-1	
42.304131967995197	21.234933401958951	5.4519542683386973e-006	-1	
44.311629057372834	18.585432477805018	5.6974432404211194e-006	-1	
44.912318263184368	18.007376440084048	5.7444524238319995e-006	-1	
47.27592877996598	16.278407722857882	5.872657814552984e-006	-1	
46.984631039295557	17.101007166283487	5.8284644406879457e-006	-1	
46.679021324860223	17.918397477265067	5.7800585009914696e-006	-1	
45.819334755471225	18.048715945887928	5.7567558938733135e-006	-1	
47.55282581475781	15.450849718747417	5.9123581649026049e-006	-1	
2.8861687198306907	27.801843217832314	1.0792067074951218e-007	-1	
1.3577594510385829	27.226928125702802	2.5267494595756937e-008	-1	
5.2383677292316992	29.434924391680937	2.9337775931491655e-007	-1	
3.4211342339024853	29.084858155001172	1.3173538018064953e-007	-1	
4.4154602222077033	30.056265000367908	1.9919457089034249e-007	-1	
0	25.951225000000004	0	-1	
0	27.0426875	0	-1	
18.246461726599936	27.659990807875225	2.6733205195377159e-006	-1	
13.801473241543116	29.727451278831438	1.583099940612996e-006	-1	
15.597002288161388	29.305995219946048	1.9487915602902347e-006	-1	
16.575084421102233	29.889392222343467	2.0317608943816442e-006	-1	
17.433984386791629	29.141536908714443	2.2860101555936717e-006	-1	
18.331294379046138	28.670066528939618	2.508671699715527e-006	-1	
7.238314281619453	30.300985671384709	4.9933997934831265e-007	-1	
8.3570538525445563	30.739528630532718	6.2746329636589333e-007	-1	
9.237461858556145	31.47642176294779	7.0664452468176886e-007	-1	
10.252219962156303	31.350296808316457	8.5868184067156183e-007	-1	
5.8980161417450709	30.687470859020021	3.2944940291185037e-007	-1	
11.273092005134947	31.291459873763827	1.0150154463010187e-006	-1	
13.108903653163344	30.541863672790768	1.3755578588444739e-006	-1	
12.336761433246147	31.281266522666556	1.1795961658866617e-006	-1	
35.039283069305426	24.236822893484629	4.8957916789505186e-006	-1	
37.382256110347541	23.5485558602848	5.0721014913189965e-006	-1	
36.361378330581388	24.339579850281591	4.9358085085326323e-006	-1	
38.673635796794429	23.494802304186514	5.1233479821096987e-006	-1	
23.437590656721721	27.115156511048049	3.5312486150033915e-006	-1	
25.039696968391286	28.088867648777818	3.5379080824996337e-006	-1	
23.848004742584909	28.801229087671587	3.2737446740385325e-006	-1	
27.51866264663585	28.487204205483653	3.7275589010271355e-006	-1	
26.72379306382166	29.169508466634689	3.5371846312558578e-006	-1	
25.676597972999211	29.142320229740335	3.4297985093549426e-006	-1	
35.719593732364686	25.375098902977228	4.7735395341368786e-006	-1	
34.987301454215157	26.34871854039547	4.606586707912264e-006	-1	
33.185908598276072	27.965777362864195	4.2742035803377005e-006	-1	
31.577026731951268	28.996670233539444	4.0086211705311044e-006	-1	
34.291129303196662	27.774769661583829	4.3752069253326659e-006	-1	
30.31035217312537	28.976123603054251	3.9056689651343976e-006	-1	
29.130927700170908	29.438556857262004	3.7318430852426016e-006	-1	
19.334908654658644	28.077176293933849	2.7736807588691063e-006	-1	
20.4315477812622	28.472325722606854	2.8695219557535556e-006	-1	
21.580142040575563	27.915474646341192	3.1368345794881815e-006	-1	
22.85380719614507	27.999907845699905	3.2918790275244943e-006	-1	
43.225186637005258	20.403363392645428	5.5431068701748048e-006	-1	
44.567957124653823	19.378699284527791	5.6478121791500398e-006	-1	
44.685188319046041	20.364213550407246	5.5815274959437016e-006	-1	
39.71842598484691	24.00753270827018	5.1062795968215811e-006	-1	
42.219358721022253	22.472941431130248	5.3420535270550747e-006	-1	
41.530370369641062	23.034484360788653	5.2680787763727289e-006	-1	
40.930235993576254	23.599425759939482	5.1927814750944826e-006	-1	
43.544946445511513	21.250093087998565	5.4847448922898072e-006	-1	
43.1076020932394	22.440397278035917	5.3739737247248015e-006	-1	
45.368668113326919	18.792317639343793	5.7030655007059768e-006	-1	
46.359192728339508	18.730329670795658	5.7282275794235968e-006	-1	
2.4951870541445089	28.856868218190396	7.2151734848714583e-008	-1	
1.8960464400552193	28.11498674818495	4.4982297824233504e-008	-1	
0	28.134149999999998	0	-1	
0.95032545478819896	28.352355602696289	1.1190173989314531e-008	-1	
2.6315623466206866	30.297293539725281	7.0881951582384339e-008	-1	
4.6750836452145599	31.354882248972071	1.9917009467792605e-007	-1	
3.3973081037648178	31.524915942067551	1.0467459383578233e-007	-1	
15.537721522428409	30.359365559501494	1.7995153668207859e-006	-1	
14.611827336293777	30.865155276205112	1.5849236595832464e-006	-1	
17.838914847210706	30.473737270196342	2.1541990498782638e-006	-1	
15.925190923606248	31.340676287350693	1.7413920513567258e-006	-1	
19.059602055687911	29.37506118803249	2.5104051378951267e-006	-1	
7.4783047638268814	31.478399244867628	4.8212672549453804e-007	-1	
8.3583444378121143	31.887626222220575	5.7221627254227679e-007	-1	
9.7449119488260152	32.648908476698963	7.1099750028868395e-007	-1	
10.751206417355638	32.242851585644182	8.7151323493955391e-007	-1	
6.653214468460793	32.110871146317237	3.6712490439734413e-007	-1	
5.6267690379990549	32.275808952519455	2.6328662185128934e-007	-1	
11.792842052954743	32.19540451249545	1.0230782943213008e-006	-1	
13.35716767301165	31.581712295731556	1.3107785250519358e-006	-1	
12.623106138415032	32.826211591161446	1.0959667940991132e-006	-1	
37.413173100163071	24.839661794633905	4.9185672558036159e-006	-1	
38.562797318385456	24.653333199772177	4.9888523277818463e-006	-1	
36.84652533346852	25.837929698665452	4.7709482861605131e-006	-1	
23.957479986079388	30.073455351055529	3.078040244817119e-006	-1	
22.97792203531769	29.735841615244691	3.0077724867895708e-006	-1	
27.482186419351045	29.892139961074932	3.5033114432612852e-006	-1	
26.395844488436044	30.272964939119984	3.3303626691544199e-006	-1	
25.253269668638197	30.413283276948892	3.1794769231320563e-006	-1	
35.801070048311445	26.942206523043286	4.5772553899896496e-006	-1	
35.48012397317693	27.896900676759849	4.4381285293165612e-006	-1	
32.874799784651756	29.043371003629971	4.1047803798876314e-006	-1	
34.135702509185933	29.354047970115879	4.1607417599924738e-006	-1	
31.014928239691432	30.028957478090277	3.8193688637376628e-006	-1	
31.870793647082401	30.834603848835286	3.7870721627037304e-006	-1	
32.863326104191543	30.341933367515239	3.935147098663681e-006	-1	
35.217798470274204	29.063009436968876	4.2765198873010367e-006	-1	
28.584907218825929	30.763450371262504	3.4881108955425851e-006	-1	
30.345501880453156	30.995104475094408	3.6266416106613151e-006	-1	
20.422262120624143	29.952098951830816	2.6223480982964849e-006	-1	
21.969306813094473	29.498750605275497	2.9131754007428899e-006	-1	
45.677272882130183	20.336832153790073	5.610538340057708e-006	-1	
46.025242672622156	19.536556424463747	5.6715553470609829e-006	-1	
45.315389351832636	21.130913087035037	5.5462073676348161e-006	-1	
44.448706378884104	21.200945402812355	5.5141385463772296e-006	-1	
40.280737053335372	25.155940754561989	5.0116896375049843e-006	-1	
40.927515646590983	24.423630014673392	5.112428226502582e-006	-1	
42.383001510211542	23.346586924299338	5.2709769309525055e-006	-1	
41.716342440882393	23.847128620869505	5.1997469346516739e-006	-1	
44.082128618771875	21.978538573165476	5.4442022703122819e-006	-1	
44.147379642946483	23.473578139294606	5.3298108029438041e-006	-1	
44.550326209418522	22.699524986977409	5.4058632586680012e-006	-1	
43.278219220677059	23.49815579606836	5.2929154678716046e-006	-1	
1.5736670612545236	29.102140502993983	2.8186106209912095e-008	-1	
0	29.225612499999997	0	-1	
2.2390734469214686	31.314523151906631	4.6806474647352402e-008	-1	
1.4685597106337682	30.432893392054858	2.1997150401688401e-008	-1	
4.1506272635488175	32.570923606770442	1.4259701830726716e-007	-1	
2.4384716486315225	32.386457840887502	5.082781273449698e-008	-1	
14.631959681461998	32.261808000828246	1.441375871920781e-006	-1	
18.521444229478035	31.602001705147771	2.1072994728920607e-006	-1	
19.14534545510055	30.697788688608963	2.3228476863422094e-006	-1	
17.44245418906506	31.80848272437494	1.9195150428092266e-006	-1	
15.709901678604732	32.913756457023787	1.5377001129950214e-006	-1	
7.5591647568516658	32.438306151327694	4.548551570280091e-007	-1	
8.3279401268444211	33.018774960166041	5.1991405760041354e-007	-1	
10.828819180466303	33.325204123022239	8.1456960988378039e-007	-1	
9.4960503295856284	33.902024027040184	6.1924097775841893e-007	-1	
6.8675809163628827	33.128142854192973	3.602969465042376e-007	-1	
4.9458276954755602	33.618346134676088	1.8454594411399589e-007	-1	
14.596742167145949	33.503562900519157	1.3236433290517525e-006	-1	
12.126124774818022	33.977884907489496	9.4639431218087559e-007	-1	
13.862012597518513	34.505245466872424	1.1408726009981774e-006	-1	
37.994352805962571	25.848911187972028	4.827830265660162e-006	-1	
39.064556598966398	25.878393816200031	4.8785341535924984e-006	-1	
36.807352281792539	26.985141087966422	4.6308538791686096e-006	-1	
24.133141746207734	31.148039942814851	2.9377029414540467e-006	-1	
23.175507794029457	30.752933883164815	2.8757130719951353e-006	-1	
22.248935257616235	31.216220964251178	2.6868216546847451e-006	-1	
27.469128465661136	31.297488488074976	3.2979702658026917e-006	-1	
26.194329880671631	31.542515890092417	3.1238146977002175e-006	-1	
24.940472978905269	31.878659802611324	2.9315422909142807e-006	-1	
36.298762404375935	28.767794142732257	4.3878881654339961e-006	-1	
34.519939322725854	30.918407693933272	4.0019853848153305e-006	-1	
35.544693923529067	30.13481840288641	4.1741885088658557e-006	-1	
32.745925793717682	31.514301287041995	3.780030741411729e-006	-1	
31.580834939202848	31.90407513377194	3.6258229027203096e-006	-1	
33.898724219293513	31.757786731421621	3.8518677725987616e-006	-1	
29.505634983165756	31.861513016771674	3.4314344298619676e-006	-1	
28.340525449069911	32.175455590834915	3.2717348837122056e-006	-1	
30.517336147286393	32.519161038716121	3.4490379514760792e-006	-1	
21.414161993393421	30.470634937466066	2.6829423984314773e-006	-1	
20.255226050005586	31.422443804079332	2.383986297250148e-006	-1	
44.939702314958488	21.918557339453937	5.4779998300042872e-006	-1	
40.035865350226857	26.328687824212412	4.8808513894648558e-006	-1	
40.967071885500715	25.750358427732156	4.9863853973330276e-006	-1	
41.874084972739396	24.665721070362835	5.131164997638596e-006	-1	
42.740289529207203	24.181292347489229	5.212570327654379e-006	-1	
43.730985356969917	24.240481012316927	5.2511534106402849e-006	-1	
0	30.317074999999999	0	-1	
1.1784484371968043	31.567264539558668	1.2970286574075562e-008	-1	
3.6307898916478543	33.628988192969913	1.0104772457776841e-007	-1	
1.8999825479992887	33.311959672832451	2.8728536420475661e-008	-1	
0.90849965610477756	33.045731250000003	6.6778640716884167e-009	-1	
18.962425946477712	32.608177158974541	2.0464473160739512e-006	-1	
17.2915982203134	33.005870560406208	1.7605870889229446e-006	-1	
16.486939035970838	33.905325256450887	1.554063068758504e-006	-1	
15.273518784605011	34.545277311613511	1.328487622370376e-006	-1	
7.6843426721822468	34.229566393619855	4.0971545580832992e-007	-1	
11.133764901961957	34.745064016987328	7.7521459697946137e-007	-1	
9.5490198300252374	34.918016081306511	5.8142668417026673e-007	-1	
8.5904122061022257	35.258775594256349	4.6743377894545653e-007	-1	
6.0694022439862181	34.573580096457398	2.5505331317708563e-007	-1	
4.5120008564377896	34.859809767905517	1.4052743437588102e-007	-1	
12.116228852350247	35.232175134679082	8.6836742132295291e-007	-1	
13.923956870617351	36.395311744509662	1.0218376287255811e-006	-1	
12.83875772447524	36.095571562874255	9.0697824359706221e-007	-1	
15.123479421462351	35.94935724320024	1.202005488247778e-006	-1	
38.378900608673113	27.438776723463885	4.6710240455066601e-006	-1	
39.214355585286967	26.938471948992298	4.7729587686990785e-006	-1	
37.842575736724342	28.251577755105121	4.5485656787153652e-006	-1	
23.600486061081611	32.097706736969918	2.7384899306478805e-006	-1	
22.012829013425982	32.385893899908964	2.495393165242162e-006	-1	
27.095636051088157	32.476751966895144	3.0985872335852308e-006	-1	
25.916885157768128	32.822145762421393	2.9200829391052738e-006	-1	
24.756119373330232	33.223858764661891	2.733134358799093e-006	-1	
36.834561731117965	30.154188685705599	4.2693844583964261e-006	-1	
37.527569796516119	29.603977818933316	4.3798985369841438e-006	-1	
34.724194759599136	32.397367657024368	3.8514560624081254e-006	-1	
35.5285667424018	32.019186320268538	3.9616549307551869e-006	-1	
36.51863280529372	30.980736379700769	4.1555730920920275e-006	-1	
32.53815884205266	32.674069481738968	3.62429523291585e-006	-1	
30.931984929270843	33.617072908755929	3.360457655729179e-006	-1	
33.96937086100376	32.799647770774946	3.740342591167937e-006	-1	
29.166512398485274	32.921914357622406	3.2633346240893916e-006	-1	
27.989485430529761	33.394119072423933	3.0812019797452669e-006	-1	
29.747696078842747	33.871483028548603	3.210796169016442e-006	-1	
20.144354763428531	32.599195248045071	2.2139391071031104e-006	-1	
40.949374647296857	27.103799819038706	4.8551738288673194e-006	-1	
40.05148808210528	27.526625122490408	4.7612466716386542e-006	-1	
41.870338367086575	25.658176351036293	5.0400635329949068e-006	-1	
41.533647165987389	26.45985143232199	4.9486413350181926e-006	-1	
42.858365035105749	25.751903745502798	5.0816955222542654e-006	-1	
43.301270189222066	25.000000000000082	5.1683474172062742e-006	-1	
0	31.408537500000001	0	-1	
0	32.5	0	-1	
3.414383973968004	34.787823832992913	8.1531139252528532e-008	-1	
2.5521935255732022	34.104762762366938	4.8030730620982302e-008	-1	
1.2014325307642519	34.064252017246694	1.0866117769134884e-008	-1	
0	33.591462499999999	0	-1	
18.781499047806655	33.661897780238505	1.901102396461567e-006	-1	
17.848013060579841	34.076803648285619	1.7266461939856527e-006	-1	
16.481127881770938	35.277146516607779	1.4311485691243623e-006	-1	
6.992192075190383	34.9429304941618	3.2570081129421514e-007	-1	
10.364395945085422	35.526462803130606	6.4699220878444983e-007	-1	
11.315434043578254	35.826502400704065	7.4220418533754189e-007	-1	
9.5167227501344396	36.60149820219322	5.1595360857577866e-007	-1	
8.4465369996368889	36.883661790521984	4.0646181023897664e-007	-1	
7.0009939616453227	35.936853688202994	3.0405822025622481e-007	-1	
5.8304473931841621	35.736807622233883	2.173858986902862e-007	-1	
3.7355634712609853	35.839864006192855	8.9952560216501638e-008	-1	
4.8499871521677349	36.406804199263888	1.4474129337189947e-007	-1	
14.25131258871467	37.6324730117068	9.8759945587393652e-007	-1	
12.942531791796066	37.216612287480672	8.5929721864392211e-007	-1	
11.630191692558295	36.772771309263078	7.3262281403563811e-007	-1	
16.541019093826048	36.483826961705653	1.3441663282361911e-006	-1	
15.602387534319373	37.386619787818987	1.1644781197625028e-006	-1	
39.200534448856786	27.961469480227311	4.6658041907362508e-006	-1	
39.066424435027322	28.907633422462002	4.5595204155264235e-006	-1	
23.623373306046801	33.230239536145604	2.5939076782193976e-006	-1	
22.483349323071863	33.482475667570036	2.4174343801656527e-006	-1	
21.153778901437487	33.214093054731336	2.2753183765751123e-006	-1	
26.762118189792037	33.713398624445666	2.9068030148028318e-006	-1	
24.95216499096151	34.379829433012226	2.6178849583395063e-006	-1	
23.519155760405248	34.358199229738979	2.4461322746887832e-006	-1	
37.648661444132131	30.500936193110409	4.2937933413256365e-006	-1	
38.958958528321624	29.894260302334263	4.4518063116638062e-006	-1	
35.475994667598478	32.906469582332683	3.8629715487639541e-006	-1	
34.708046225684349	33.230863625566833	3.7605129272656637e-006	-1	
36.398298633564337	32.202494387966453	4.0152920099572951e-006	-1	
37.34102193056242	31.892245606361101	4.1253910484223747e-006	-1	
32.0919982491463	33.795154868782824	3.4543524324498674e-006	-1	
33.644367395108176	33.590824840062062	3.6241698198705782e-006	-1	
31.004819281665203	34.788413697718219	3.2376232363927795e-006	-1	
28.320721517741287	34.620338759516919	2.9740665135955031e-006	-1	
29.880982970679622	35.421758876132799	3.053669993396073e-006	-1	
19.664445288205282	34.175657358499272	1.9654214416547857e-006	-1	
41.451878627752222	27.959645173537435	4.8051071821504076e-006	-1	
41.933528397271338	27.231951750751445	4.9005161919191619e-006	-1	
40.957602214449729	28.6788218175524	4.7064906691615356e-006	-1	
39.97852042226701	28.516401481981923	4.6591109640831553e-006	-1	
42.402404807821434	26.495963211660335	4.9927253668108235e-006	-1	
2.6360299627520627	35.600495981425965	4.6304234130713956e-008	-1	
1.2227285969581805	35.415452543864461	1.009564848905153e-008	-1	
0	34.682924999999997	0	-1	
18.725987062541169	34.681927871549853	1.7879372186410027e-006	-1	
17.585679421663198	35.876908966169012	1.5254905760422548e-006	-1	
10.607396709303654	36.413497814064051	6.3690482703381454e-007	-1	
10.372911429761343	37.302821790863462	5.781031202286753e-007	-1	
9.5952646100705117	38.423969683020559	4.6832199084752726e-007	-1	
7.8055352067100481	37.832465166464068	3.2927901792346034e-007	-1	
5.8752479071056207	36.854759559720428	2.0375709123557331e-007	-1	
6.6777632817840757	37.634370163792909	2.4737588465276327e-007	-1	
3.9192114362391983	37.076648040713245	9.1391131403009872e-008	-1	
2.0613729802844381	36.567987759228728	2.6381958044032036e-008	-1	
4.9985162081027976	37.464121155551396	1.4301836902044418e-007	-1	
15.200109580040229	38.625262811003886	1.0425467912196111e-006	-1	
13.281799389856008	38.945345874380372	8.1418127676501774e-007	-1	
12.239148310182109	38.831813202339589	7.0902800874268735e-007	-1	
11.445796097033384	38.14580794911052	6.5526046581638692e-007	-1	
18.153613105703503	36.99815846147078	1.5071811149452744e-006	-1	
16.87908574101986	37.643730231775265	1.3020573046265894e-006	-1	
16.318350817902505	38.611322167252474	1.1719084385976744e-006	-1	
40.450849718747513	29.389262614623757	4.6060489718209811e-006	-1	
39.931775502364786	30.090751157602522	4.5019533186261248e-006	-1	
21.429872717015503	34.336860694037092	2.182932818907031e-006	-1	
22.295165351785691	35.103739839069156	2.2095690775085547e-006	-1	
27.075654183330421	35.489202646080216	2.7390149743727473e-006	-1	
25.77046607980057	35.219523066597446	2.6186727933783416e-006	-1	
24.456471062850646	35.442368655776619	2.439633026779621e-006	-1	
23.322102364966863	35.615896767375439	2.283174361987344e-006	-1	
38.540313892563873	30.656349909797385	4.344205049840481e-006	-1	
38.008211093172967	31.331551363934658	4.235760273453047e-006	-1	
39.400537680336242	30.783073766283024	4.3964843863246102e-006	-1	
36.307952757377478	33.27010897633685	3.8986113245544451e-006	-1	
35.620736187234158	33.802816481983704	3.7838789265167552e-006	-1	
34.663067693092145	34.063301753195546	3.6698256619367348e-006	-1	
37.157241273869843	33.456530317943034	3.9539236690955518e-006	-1	
37.735479011138736	32.802951449525487	4.0677918006791757e-006	-1	
38.302222155949039	32.139380484327084	4.1793817200476997e-006	-1	
33.04227667314656	34.538702201899824	3.4665848935777782e-006	-1	
32.279438362091767	34.987110372887237	3.344964856626788e-006	-1	
34.419335714840742	35.02537048461145	3.5497591871752132e-006	-1	
30.726595722744339	36.652198606255482	3.0170418854043526e-006	-1	
31.851550829191506	35.761645353252703	3.2229934009906199e-006	-1	
28.15229574046538	35.705499670584139	2.8367524426311621e-006	-1	
29.14899450640247	36.166512702220686	2.897449260019818e-006	-1	
29.877419163422971	36.914752565066777	2.9010911364072184e-006	-1	
19.97781211192364	35.920513156431198	1.8317266334545076e-006	-1	
21.01891230866498	35.417576433554665	2.0151428647749175e-006	-1	
0	35.774387500000003	0	-1	
0.99403237609929862	36.463251949194806	6.1795894361343631e-009	-1	
18.835364720735232	35.742611708321732	1.7007588251775617e-006	-1	
8.4102327805010226	38.804808721482466	3.5689500938003031e-007	-1	
9.3264232449354445	39.647384441040558	4.1258822253287369e-007	-1	
11.275949524861373	39.246854214195672	5.9896676804729202e-007	-1	
10.510421002237651	40.056247083565111	5.0297891512431273e-007	-1	
7.4379944964484785	39.582041974330004	2.6999870353573438e-007	-1	
6.0851110560223258	39.39432507480025	1.8512642284422782e-007	-1	
5.0263429812194298	38.531456949576857	1.3481404252597691e-007	-1	
2.3248189201251708	37.604736509791891	3.1177944915692047e-008	-1	
3.3008785992312966	38.042411318109771	6.0991394610296404e-008	-1	
1.3729401761821276	38.092771950966259	1.0587570273859819e-008	-1	
14.959535794210597	39.771459916959429	9.5577286444550974e-007	-1	
13.807619176351329	39.98295851655039	8.2243538279674204e-007	-1	
12.66512143222835	39.764268444222132	7.1582329720707235e-007	-1	
18.713316872434461	38.179704752887965	1.4870539535603316e-006	-1	
19.569187915811792	37.191370445903367	1.6689060338215889e-006	-1	
17.90818714219407	39.022568438818631	1.3317029130082048e-006	-1	
16.882757474283267	39.576776948087421	1.1793829258608861e-006	-1	
21.987619032675532	36.30578953916045	2.0499891011110884e-006	-1	
26.30932201097264	36.799871224402082	2.516393064290423e-006	-1	
27.674148146167735	36.88452414918914	2.6631455588591543e-006	-1	
25.171259389399776	36.409982811135151	2.4240176544349852e-006	-1	
23.86596822503116	36.626398758719404	2.2482723761429884e-006	-1	
38.857298072848685	31.466019552491986	4.2889303191036947e-006	-1	
36.567685080958654	34.099918003125048	3.8400082703608396e-006	-1	
35.966990016932684	34.732918522949987	3.7242974486702488e-006	-1	
35.355339059327505	35.355339059327498	3.6065201392045661e-006	-1	
33.037357386805674	35.443784138936842	3.3738437164161303e-006	-1	
34.732918522949994	35.966990016932684	3.4888459853050227e-006	-1	
33.898702926019816	35.721779416243272	3.4307093005637012e-006	-1	
30.551049312747701	37.523530269932209	2.9154019831710233e-006	-1	
31.562351890716311	36.954766016736464	3.075389232723329e-006	-1	
32.53907895439739	36.778738279537215	3.1931192342293978e-006	-1	
29.07395458823574	37.208066533757446	2.7859660423196164e-006	-1	
29.745427567350422	37.737889566598341	2.8090215304921783e-006	-1	
20.816691246553081	36.716199504407584	1.8648358615319863e-006	-1	
0	36.865850000000002	0	-1	
8.2087656298533958	40.544526420015607	3.0803207988800812e-007	-1	
9.3899746410251765	40.898376275467889	3.8964185827674674e-007	-1	
11.761983299936675	40.249312146192125	6.1039398042192414e-007	-1	
11.844405485024364	41.512992836411847	5.7936766651930715e-007	-1	
10.780061257774367	42.013008929408095	4.7435891791684123e-007	-1	
6.8700689873826626	41.257460533781973	2.1013446154617883e-007	-1	
6.0182974573819301	40.51939743619549	1.6951628900563209e-007	-1	
4.7803332614778462	39.798164330707863	1.1273424030666115e-007	-1	
3.5785751516778577	39.328221975573683	6.5598035272768562e-008	-1	
2.3570851553433192	38.839973462065316	2.9575615910288682e-008	-1	
0	37.9573125	0	-1	
1.0732090349827776	39.126179065892771	6.0726823653334624e-009	-1	
15.608378694342948	40.631519535736878	9.8195031422123426e-007	-1	
14.558133558907182	40.871696163236884	8.6233839510300305e-007	-1	
12.848169741283737	40.900373831489787	6.9119175868892155e-007	-1	
18.989578028134432	39.457593527040807	1.4286525950345796e-006	-1	
20.22057072752613	38.356596782910778	1.6548049235888564e-006	-1	
17.854257804243286	40.292039934295026	1.2466821705869434e-006	-1	
16.705158263103506	40.659441996215463	1.099669920458918e-006	-1	
21.62861020861331	37.493485158472588	1.8964791244695744e-006	-1	
22.738417088996332	37.67156962501226	2.01434555776509e-006	-1	
27.075157635255358	37.932749105537589	2.4966471342371252e-006	-1	
25.209432356950732	37.612373068069004	2.3125305712655109e-006	-1	
28.642003467587806	37.946312182021536	2.6690904217621838e-006	-1	
23.986695447916258	37.943989675431418	2.1391141372277277e-006	-1	
33.277808634349981	36.316355459622528	3.3122796596648078e-006	-1	
34.099918003125055	36.567685080958654	3.3705455553831468e-006	-1	
31.324302021492283	37.999416937574459	2.9537524764676528e-006	-1	
30.569634840303674	38.431298109297508	2.8348152236448168e-006	-1	
32.139380484327098	38.302222155949039	3.0120384608543389e-006	-1	
32.802951449525494	37.735479011138736	3.132363945733535e-006	-1	
33.456530317943042	37.157241273869843	3.2517238956896526e-006	-1	
29.585033767166031	38.555966661734594	2.7176487258732868e-006	-1	
8.2959159420034077	41.774513928638832	2.9385779574525914e-007	-1	
9.4993964783313221	42.295733955423039	3.6906088373149461e-007	-1	
12.183618791491492	42.63894978943059	5.7537350579133424e-007	-1	
10.169299709384712	43.423238003604368	3.9640753765589874e-007	-1	
11.397808935526916	43.420191759509116	4.8983122764176525e-007	-1	
7.335633828623342	42.198113219449496	2.265536497057694e-007	-1	
5.8821702066760366	42.408303594417362	1.459220212726981e-007	-1	
5.0314799143527074	41.063863240547342	1.1603095989397644e-007	-1	
3.2769054048829176	40.60862026749583	5.0869907070053785e-008	-1	
2.5913469700571214	39.946584561499044	3.3319400456105971e-008	-1	
1.6428048456331406	40.03904796922717	1.3360273002062071e-008	-1	
0	39.048775000000006	0	-1	
0	40.140237500000005	0	-1	
0.90727736210813814	40.753661433715756	3.933780679326865e-009	-1	
16.113289222694444	41.583236413418248	9.9097991078356656e-007	-1	
14.013961132170643	41.852377546773845	7.6870866033042746e-007	-1	
14.893102643593338	42.548775284370492	8.2663806243871633e-007	-1	
13.289508575324454	42.70854814829864	6.7140572825880474e-007	-1	
20.023361440488063	39.374769853495081	1.555752599569969e-006	-1	
19.574029878035127	40.259449718936274	1.4437646982018148e-006	-1	
18.863862295611963	40.952428306057605	1.3206889935363105e-006	-1	
21.8548743623927	38.594480127435986	1.8315524963646528e-006	-1	
20.938570079092635	39.862582371149863	1.627167577970922e-006	-1	
17.216917514652735	41.638823321120334	1.1038240040836108e-006	-1	
23.138425781785578	38.884996421696442	1.9587706885324976e-006	-1	
27.913853219366857	38.801170033697801	2.5121645805109029e-006	-1	
26.705127514074373	39.081941387400619	2.3524401956611125e-006	-1	
25.431973521492452	39.303500282944185	2.1892175660022829e-006	-1	
24.431381638388867	39.130290360332467	2.0888293119287889e-006	-1	
29.209779683084598	39.474751671174097	2.5972079910523337e-006	-1	
31.466019552492011	38.857298072848678	2.8932855250832746e-006	-1	
30.783073766283046	39.400537680336235	2.774349576660181e-006	-1	
30.090751157602547	39.931775502364786	2.6547250343737251e-006	-1	
8.1461331329886697	42.735222090021743	2.6943528179693835e-007	-1	
8.708494048484873	43.528408866226656	2.9389476827942148e-007	-1	
12.601652964278619	43.665148393953828	5.8270642664976762e-007	-1	
9.5130284207673483	44.505498130550102	3.3160956596855015e-007	-1	
10.896146748544385	45.313790625807705	4.1272758011395645e-007	-1	
11.841837408721425	44.565653637230142	4.9887568613876422e-007	-1	
7.2714500986913206	43.245709775984977	2.1107215151627952e-007	-1	
6.3580866273532033	43.250094978822347	1.6231720636332424e-007	-1	
4.3511655533523266	41.975615958739567	8.2764830862886048e-008	-1	
5.3660689285604084	43.18870530096131	1.169595844684011e-007	-1	
2.2776699769775695	40.846522552467327	2.4448152884892465e-008	-1	
3.2732165505056265	42.339135691596077	4.605461133877975e-008	-1	
0	41.231700000000004	0	-1	
0.9670138326626645	41.777431250000006	4.1563960351651591e-009	-1	
2.0747860052466409	41.853452059230598	1.9069978482519139e-008	-1	
16.086459853159727	42.756532740739623	9.3601123413788405e-007	-1	
14.435940543611331	44.036096168873314	7.3188617761916412e-007	-1	
15.715198706075324	43.86986523709507	8.5569007205193265e-007	-1	
13.478262964080168	44.452412187026233	6.3492338886430393e-007	-1	
20.363005347682559	40.89852495374712	1.4919463941417338e-006	-1	
19.548845505705245	42.287019428406374	1.319634960415815e-006	-1	
17.928933674091716	42.48387852630897	1.1366144467030818e-006	-1	
22.113934670033039	39.711024221105369	1.7750809635836479e-006	-1	
21.692496491282622	40.776938297189474	1.650493636826659e-006	-1	
17.095294798036189	43.356196096941737	1.0109903853315212e-006	-1	
22.961675213075072	40.482463737714092	1.8149490362153537e-006	-1	
27.783018747382101	39.69675914320576	2.4216102163665057e-006	-1	
26.030784959149198	40.123628721638639	2.1906946539109823e-006	-1	
26.823437835729166	40.525793895961094	2.2476726655491674e-006	-1	
25.155940754562018	40.280737053335407	2.0798939358524297e-006	-1	
24.373680751864406	40.488665902649579	1.9754338264312264e-006	-1	
29.389262614623792	40.45084971874752	2.5367248810011229e-006	-1	
28.597292266223867	40.091925119273832	2.4786937833006053e-006	-1	
7.6900054760198149	44.051535056530867	2.2553921600314181e-007	-1	
8.2848398245371442	44.860058388259574	2.5018696090878401e-007	-1	
8.9196154733290403	45.623460589871819	2.7812378782681949e-007	-1	
10.133551941347957	46.247861789296358	3.4519891456994473e-007	-1	
11.346099896868999	46.432531857164079	4.2391123394842349e-007	-1	
12.341464438389552	45.912691343121196	5.0687461796082749e-007	-1	
13.018514230816679	45.390013635174647	5.7203638968291169e-007	-1	
6.7819938334303993	44.059140553196599	1.7672380646140013e-007	-1	
5.8345933758038031	43.998564668496535	1.3213669327462758e-007	-1	
4.3096083562811431	43.112450884437159	7.6091790864451978e-008	-1	
4.9459917083462894	44.024721139272081	9.5351609855621613e-008	-1	
2.1532274246670178	42.985470527854147	1.9339816110683225e-008	-1	
2.8628417987559809	43.870945716479902	3.2470956507942417e-008	-1	
0	42.323162500000002	0	-1	
1.0324041660878831	42.978232045842667	4.4062845117033306e-009	-1	
14.759048198836675	45.493712133060605	7.1457750485093855e-007	-1	
13.87335095925916	45.419040786527006	6.4119397273776522e-007	-1	
16.822571853561477	44.531574297889328	9.36242143498911e-007	-1	
16.135695531009784	45.089421135416522	8.5152762565357387e-007	-1	
20.463536996603839	42.308232510167052	1.4175540074447159e-006	-1	
21.246930591689779	42.001275229226145	1.5215325158308445e-006	-1	
19.208887895462382	43.13645414726242	1.2384309047119333e-006	-1	
20.059445210292257	43.046228530061342	1.3331095176785182e-006	-1	
18.611169782491324	43.748272310801418	1.1466049471987076e-006	-1	
22.284819970562062	41.937404923130629	1.6401000666143168e-006	-1	
17.697839876609944	44.401581742525366	1.0263988508237305e-006	-1	
24.115970483374042	41.255966714399584	1.8903821316844107e-006	-1	
23.47179167382145	41.774936415356244	1.7826344641809226e-006	-1	
27.899691483405658	40.594303005530911	2.3620687059000243e-006	-1	
25.75035842773217	40.967071885500751	2.094568785863966e-006	-1	
27.231951750751481	41.933528397271353	2.1876726494747459e-006	-1	
27.959645173537471	41.451878627752244	2.3036702165175486e-006	-1	
26.459851432322015	41.533647165987396	2.1317288635578881e-006	-1	
24.92461783792205	41.081652787330768	1.993668427795685e-006	-1	
28.678821817552436	40.957602214449743	2.4195952318076593e-006	-1	
7.2920335428794365	44.867722122766281	1.9553110253853032e-007	-1	
7.7745292271164441	45.711707459113121	2.1273468623047685e-007	-1	
9.5374781647123772	46.840738003128791	2.9971869491906078e-007	-1	
8.4265297650897786	46.89640406487738	2.3551555219702878e-007	-1	
10.889298701410791	47.21389616397412	3.7964294699066239e-007	-1	
10.090859168096667	47.473648436929885	3.2484815960166941e-007	-1	
12.295333868131406	47.542528474055587	4.7051229591726872e-007	-1	
13.442617934383859	46.132795202279326	5.8775753961109312e-007	-1	
12.9874463187197	46.831218501588445	5.3619240329990379e-007	-1	
6.298969285986824	44.876406942744836	1.4696994090890618e-007	-1	
5.3537676555677809	44.814667885096966	1.0719027393912587e-007	-1	
4.0922843190585327	44.27267431599541	6.4849674730729709e-008	-1	
4.5728877262030956	45.350806271431566	7.6519138691869769e-008	-1	
1.5725238011707987	43.960356250000004	9.762832932966136e-009	-1	
2.1439432091882491	44.928173986066291	1.7323167248418199e-008	-1	
3.2540585816957193	45.103773444567999	3.949596516656141e-008	-1	
0	43.414625000000001	0	-1	
14.269877815495263	46.235835940959248	6.5233633134371724e-007	-1	
15.420604077215941	46.087327521986964	7.5426745611213724e-007	-1	
17.354229132542962	45.238916304507931	9.598501276780153e-007	-1	
16.392150791958382	46.290005844122604	8.337528549490778e-007	-1	
20.946915148068328	42.996907948839777	1.4305523169383845e-006	-1	
21.998191487551086	42.720233395690855	1.5603758654993513e-006	-1	
19.732239464969936	43.812983187661935	1.2593220719297596e-006	-1	
20.565789008912802	43.79988881800211	1.3469771619809466e-006	-1	
19.37869928452783	44.56795712465388	1.1871995037534007e-006	-1	
18.792317639343832	45.368668113326983	1.0935880934887892e-006	-1	
22.829913374456094	42.663532358951421	1.6545428386244934e-006	-1	
24.665721070362867	41.874084972739432	1.9088076318852994e-006	-1	
24.181292347489265	42.740289529207246	1.797990427364195e-006	-1	
25.658176351036321	41.87033836708661	2.0189887386056524e-006	-1	
26.495963211660371	42.402404807821462	2.0745478201243767e-006	-1	
6.802640285632326	45.688357540553945	1.6431814761402748e-007	-1	
7.3079159109592844	46.564576350831345	1.8135981148593606e-007	-1	
9.2591184405229807	47.634036191750248	2.7379587944231061e-007	-1	
8.02110442596409	47.932229992072401	2.0502107435254607e-007	-1	
11.496248181153424	47.885319905860669	4.0890432669418711e-007	-1	
10.661249929812971	48.089790718073822	3.5172096746949235e-007	-1	
9.8203381192853421	48.268503954501838	2.9860069467295658e-007	-1	
12.940952255126112	48.296291314453619	5.0213036054297961e-007	-1	
12.096094779983456	48.51478631380003	4.3893217619885621e-007	-1	
13.947054198656605	47.084465886478313	6.0475173171661183e-007	-1	
13.781867790850036	48.063084796916144	5.6981514886150485e-007	-1	
5.8500175278769513	45.762236702521392	1.2193311813736412e-007	-1	
4.7837481399676474	46.15852336508523	8.0463109399522554e-008	-1	
3.6438369333923704	46.318897255961438	4.6614251723463817e-008	-1	
0	44.506087499999992	0	-1	
1.2359094036026852	45.590492578601101	5.6093122905947276e-009	-1	
2.5626466596776889	45.877986243829469	2.3642175232661336e-008	-1	
14.808554959125761	46.966735938873171	6.7738911968208131e-007	-1	
15.450849718747456	47.552825814757881	7.146261017899149e-007	-1	
16.278407722857921	47.275928779966044	7.9341717110326753e-007	-1	
18.048715945887967	45.819334755471282	1.0034471824033372e-006	-1	
17.250300677122002	46.138024967730907	9.1725372265231896e-007	-1	
17.101007166283527	46.984631039295621	8.749499604078552e-007	-1	
21.684648104570105	43.492675530554678	1.4819432955619386e-006	-1	
22.674947164059322	43.558168232173443	1.5843133389297609e-006	-1	
20.364213550407285	44.685188319046105	1.281911498333019e-006	-1	
21.200945402812394	44.448706378884147	1.3800142999681396e-006	-1	
20.336832153790112	45.677272882130232	1.2336087810696478e-006	-1	
19.536556424463786	46.025242672622205	1.1387032288460413e-006	-1	
18.730329670795697	46.359192728339565	1.0476076632416461e-006	-1	
23.498155796068403	43.278219220677116	1.6895960399248397e-006	-1	
25.751903745502833	42.858365035105784	1.9626087893615116e-006	-1	
25.000000000000124	43.301270189222109	1.8512670118797738e-006	-1	
24.24048101231697	43.730985356969967	1.7427224869640725e-006	-1	
6.3873134141379451	46.511651866999387	1.3992817073031254e-007	-1	
6.7539110324096514	47.980344964968438	1.4619051993800854e-007	-1	
8.9764409353817243	48.432541231113341	2.4965878042489184e-007	-1	
8.6824088833465751	49.240387650610629	2.2685191061865268e-007	-1	
7.8217232520115969	49.384417029757103	1.8382317995253043e-007	-1	
7.2807054372307034	48.716337605677587	1.6432512366523872e-007	-1	
11.247552717193315	48.71850323926197	3.7970930972343955e-007	-1	
10.395584540888031	48.907380036690498	3.2456599038889693e-007	-1	
9.5404497688273011	49.081359172383415	2.7356116684722725e-007	-1	
14.618585236136918	47.815237798151976	6.4049020258552463e-007	-1	
5.5069091324777801	46.575545182721974	1.0420400800093755e-007	-1	
4.7283191737861481	46.991467929375887	7.5796728927514133e-008	-1	
2.8163753122942436	46.80188812361186	2.7299766478546915e-008	-1	
3.4760908196778848	47.58393254471838	4.0052249145073573e-008	-1	
0	45.597549999999998	0	-1	
1.0780760053509646	46.816302710516581	4.0623719818622384e-009	-1	
1.8701812713069788	46.651256953450314	1.2195482087959988e-008	-1	
17.918397477265106	46.679021324860287	9.5967866039885022e-007	-1	
22.699524986977455	44.550326209418579	1.5321250383543133e-006	-1	
21.918557339453983	44.939702314958531	1.4292812774097911e-006	-1	
23.473578139294656	44.147379642946532	1.6363079799648882e-006	-1	
21.130913087035079	45.315389351832685	1.3302765746253199e-006	-1	
6.0474344530499424	47.414581449933223	1.206165349537348e-007	-1	
6.427891627905181	48.824684268812184	1.2827691066176296e-007	-1	
5.5590354089107867	48.791027596861312	9.645778319682761e-008	-1	
6.9586550480033225	49.513403437078736	1.4569845802198554e-007	-1	
4.6579820757823569	48.374993449165835	6.9186782074151116e-008	-1	
2.0958483929631502	47.926824859152582	1.4431423894900704e-008	-1	
3.8528666880114857	48.955312959061125	4.6367632371029499e-008	-1	
2.6462473432589388	48.777888696879899	2.2095927701058917e-008	-1	
0	46.689012499999997	0	-1	
0.52710237725539966	47.408838713999948	9.4123156328711441e-010	-1	
1.1353102426910671	47.623393223629535	4.2975308111717541e-009	-1	
6.093467170257421	49.627307582066322	1.1183741361204117e-007	-1	
5.2264231633827167	49.726094768413887	8.2357919279050782e-008	-1	
4.3577871373829478	49.809734904587501	5.7102893119230675e-008	-1	
1.6562129742999372	48.840044087503948	8.6536529975687833e-009	-1	
1.1739101133415586	48.347869356732375	4.4430611557738523e-009	-1	
3.4878236872063004	49.878202512991443	3.6667445680244205e-008	-1	
2.6167978121472233	49.931476737728921	2.056124707888854e-008	-1	
1.8669870725101907	49.391716665236061	1.0722755365893981e-008	-1	
0	47.780474999999996	0	-1	
0.55092950250136496	48.053340624999997	9.9345167503610792e-010	-1	
1.0682153386840916	49.028810345298062	3.5746285943187813e-009	-1	
1.2797023397105505	49.329547572284724	5.0606882708348181e-009	-1	
0.54365827767693176	48.668097565036135	9.4113396246129214e-010	-1	
1.7449748351250765	49.969541350955019	9.1464726672921749e-009	-1	
0	48.326206250000006	0	-1	
0.91945652985518733	49.4029818134835	2.6048693892985607e-009	-1	
0.73315781529046919	49.252126101180998	1.6679025388761467e-009	-1	
1.3087975784946377	49.980963054387402	5.1349174907009302e-009	-1	
1.0412968635172259	49.609426939548221	3.308552903926979e-009	-1	
0	48.871937500000001	0	-1	
0.21219658898235938	49.144803125000003	1.4015097083891777e-010	-1	
0.79451648500199867	49.60756588464946	1.9295278101175019e-009	-1	
0.54822054764461048	49.623132836396699	9.1740883435733373e-010	-1	
0.37013184448209951	49.452275882740622	4.2124550755134001e-010	-1	
0.87262032186419947	49.992384757819792	2.2847535248016672e-009	-1	
0	49.417668750000004	0	-1	
0.68485757526319113	49.82865171020223	1.4187303648696254e-009	-1	
0.43614665132926289	49.843012636677287	5.7571671139866985e-010	-1	
0.25866353004688092	49.704794047668827	2.0355714973781633e-010	-1	
0.13489823715290233	49.596691112978398	5.5620521176235283e-011	-1	
0.49998096153208688	49.995636732250944	7.526168026937163e-010	-1	
0	49.690534374999999	0	-1	
0.37498572114906514	49.996727549188208	4.2263114300493347e-010	-1	
0.27516799063368069	49.881154536333746	2.2851474219204058e-010	-1	
0.16510393888286334	49.834999789048119	8.2383856149785304e-011	-1	
0.1076814016734904	49.758750781250001	3.5180404702739221e-011	-1	
0	49.826967187500003	0	-1	
0.24999048076604344	49.997818366125472	1.8722485997932492e-010	-1	
0.16647110862476822	49.930442912512596	8.3275965696017981e-011	-1	
0.083083854908799423	49.883825650992861	2.0798395355647083e-011	-1	
0	49.895183593750012	0	-1	
0.12499524038302172	49.998909183062743	4.6545198191244323e-011	-1	
0.093432448444886129	49.96320313181252	2.6100243493161434e-011	-1	
0.046484232647413463	49.955017964480867	6.4589073664190631e-012	-1	
0	49.9634	0	-1	
0.06249762019151086	49.999454591531368	1.1581961292770925e-011	-1	
0.031248810095755458	49.99972729576568	2.8842642059426267e-012	-1	
0	50	0	-1	
7063
1	0	2	2	-1	-1	-1	0
4	1	2	2	-1	-1	-1	0
1	4	3	2	-1	-1	-1	0
4	2	5	2	-1	-1	-1	0
7	3	4	2	-1	-1	-1	0
3	7	6	2	-1	-1	-1	0
8	4	5	2	-1	-1	-1	0
7	4	8	2	-1	-1	-1	0
9	8	5	2	-1	-1	-1	0
6	7	11	2	-1	-1	-1	0
6	11	10	2	-1	-1	-1	0
12	7	8	2	-1	-1	-1	0
12	8	9	2	-1	-1	-1	0
7	13	11	2	-1	-1	-1	0
13	7	12	2	-1	-1	-1	0
14	12	9	2	-1	-1	-1	0
16	10	11	2	-1	-1	-1	0
16	11	13	2	-1	-1	-1	0
10	16	15	2	-1	-1	-1	0
12	17	13	2	-1	-1	-1	0
17	12	14	2	-1	-1	-1	0
18	16	13	2	-1	-1	-1	0
18	13	17	2	-1	-1	-1	0
16	21	15	2	-1	-1	-1	0
17	14	19	2	-1	-1	-1	0
18	21	16	2	-1	-1	-1	0
20	15	21	2	-1	-1	-1	0
22	18	17	2	-1	-1	-1	0
17	19	22	2	-1	-1	-1	0
18	23	21	2	-1	-1	-1	0
23	18	22	2	-1	-1	-1	0
24	22	19	2	-1	-1	-1	0
26	20	21	2	-1	-1	-1	0
25	20	26	2	-1	-1	-1	0
21	23	27	2	-1	-1	-1	0
23	22	28	2	-1	-1	-1	0
24	28	22	2	-1	-1	-1	0
27	26	21	2	-1	-1	-1	0
23	29	27	2	-1	-1	-1	0
28	29	23	2	-1	-1	-1	0
24	30	28	2	-1	-1	-1	0
25	26	32	2	-1	-1	-1	0
33	26	27	2	-1	-1	-1	0
29	28	30	2	-1	-1	-1	0
31	25	32	2	-1	-1	-1	0
27	29	34	2	-1	-1	-1	0
32	26	33	2	-1	-1	-1	0
33	27	34	2	-1	-1	-1	0
29	30	35	2	-1	-1	-1	0
29	36	34	2	-1	-1	-1	0
35	36	29	2	-1	-1	-1	0
32	38	31	2	-1	-1	-1	0
39	32	33	2	-1	-1	-1	0
38	37	31	2	-1	-1	-1	0
40	33	34	2	-1	-1	-1	0
32	39	38	2	-1	-1	-1	0
36	41	34	2	-1	-1	-1	0
40	39	33	2	-1	-1	-1	0
36	35	42	2	-1	-1	-1	0
41	40	34	2	-1	-1	-1	0
42	41	36	2	-1	-1	-1	0
37	38	44	2	-1	-1	-1	0
38	39	44	2	-1	-1	-1	0
44	43	37	2	-1	-1	-1	0
40	45	39	2	-1	-1	-1	0
47	40	41	2	-1	-1	-1	0
44	39	46	2	-1	-1	-1	0
39	45	46	2	-1	-1	-1	0
41	42	49	2	-1	-1	-1	0
43	44	46	2	-1	-1	-1	0
48	45	40	2	-1	-1	-1	0
40	47	48	2	-1	-1	-1	0
49	47	41	2	-1	-1	-1	0
50	43	46	2	-1	-1	-1	0
52	46	45	2	-1	-1	-1	0
51	43	50	2	-1	-1	-1	0
45	48	53	2	-1	-1	-1	0
53	52	45	2	-1	-1	-1	0
50	46	54	2	-1	-1	-1	0
56	48	47	2	-1	-1	-1	0
55	47	49	2	-1	-1	-1	0
46	52	54	2	-1	-1	-1	0
47	55	56	2	-1	-1	-1	0
57	53	48	2	-1	-1	-1	0
58	51	50	2	-1	-1	-1	0
57	48	56	2	-1	-1	-1	0
58	50	54	2	-1	-1	-1	0
61	52	53	2	-1	-1	-1	0
62	54	52	2	-1	-1	-1	0
51	58	60	2	-1	-1	-1	0
59	51	60	2	-1	-1	-1	0
58	54	62	2	-1	-1	-1	0
52	61	62	2	-1	-1	-1	0
57	65	53	2	-1	-1	-1	0
66	56	55	2	-1	-1	-1	0
53	64	61	2	-1	-1	-1	0
53	63	64	2	-1	-1	-1	0
67	57	56	2	-1	-1	-1	0
65	63	53	2	-1	-1	-1	0
60	58	70	2	-1	-1	-1	0
70	59	60	2	-1	-1	-1	0
62	69	58	2	-1	-1	-1	0
67	65	57	2	-1	-1	-1	0
56	66	67	2	-1	-1	-1	0
68	58	69	2	-1	-1	-1	0
72	62	61	2	-1	-1	-1	0
58	68	70	2	-1	-1	-1	0
72	61	64	2	-1	-1	-1	0
63	73	64	2	-1	-1	-1	0
70	71	59	2	-1	-1	-1	0
65	74	63	2	-1	-1	-1	0
62	72	69	2	-1	-1	-1	0
65	67	77	2	-1	-1	-1	0
63	75	73	2	-1	-1	-1	0
66	78	67	2	-1	-1	-1	0
64	76	72	2	-1	-1	-1	0
74	75	63	2	-1	-1	-1	0
64	73	76	2	-1	-1	-1	0
74	65	77	2	-1	-1	-1	0
70	68	79	2	-1	-1	-1	0
80	68	69	2	-1	-1	-1	0
69	72	81	2	-1	-1	-1	0
78	77	67	2	-1	-1	-1	0
70	82	71	2	-1	-1	-1	0
79	68	80	2	-1	-1	-1	0
81	72	76	2	-1	-1	-1	0
80	69	81	2	-1	-1	-1	0
70	79	83	2	-1	-1	-1	0
75	85	73	2	-1	-1	-1	0
73	85	76	2	-1	-1	-1	0
82	70	83	2	-1	-1	-1	0
87	75	74	2	-1	-1	-1	0
84	71	82	2	-1	-1	-1	0
77	86	74	2	-1	-1	-1	0
86	87	74	2	-1	-1	-1	0
78	92	77	2	-1	-1	-1	0
90	81	76	2	-1	-1	-1	0
88	85	75	2	-1	-1	-1	0
87	89	75	2	-1	-1	-1	0
91	76	85	2	-1	-1	-1	0
88	75	89	2	-1	-1	-1	0
79	80	94	2	-1	-1	-1	0
79	93	83	2	-1	-1	-1	0
86	77	92	2	-1	-1	-1	0
81	95	80	2	-1	-1	-1	0
90	76	91	2	-1	-1	-1	0
82	83	96	2	-1	-1	-1	0
82	96	84	2	-1	-1	-1	0
90	95	81	2	-1	-1	-1	0
94	93	79	2	-1	-1	-1	0
95	94	80	2	-1	-1	-1	0
101	85	88	2	-1	-1	-1	0
83	93	98	2	-1	-1	-1	0
102	87	86	2	-1	-1	-1	0
96	83	97	2	-1	-1	-1	0
91	85	100	2	-1	-1	-1	0
97	83	98	2	-1	-1	-1	0
99	84	96	2	-1	-1	-1	0
87	104	89	2	-1	-1	-1	0
86	92	102	2	-1	-1	-1	0
89	105	88	2	-1	-1	-1	0
100	85	101	2	-1	-1	-1	0
90	91	107	2	-1	-1	-1	0
102	103	87	2	-1	-1	-1	0
95	90	108	2	-1	-1	-1	0
101	88	105	2	-1	-1	-1	0
87	103	104	2	-1	-1	-1	0
94	111	93	2	-1	-1	-1	0
89	104	106	2	-1	-1	-1	0
89	106	105	2	-1	-1	-1	0
112	94	95	2	-1	-1	-1	0
91	100	110	2	-1	-1	-1	0
98	93	111	2	-1	-1	-1	0
107	108	90	2	-1	-1	-1	0
96	97	113	2	-1	-1	-1	0
107	91	109	2	-1	-1	-1	0
99	96	113	2	-1	-1	-1	0
114	97	98	2	-1	-1	-1	0
91	110	109	2	-1	-1	-1	0
101	110	100	2	-1	-1	-1	0
95	108	112	2	-1	-1	-1	0
94	112	111	2	-1	-1	-1	0
111	115	98	2	-1	-1	-1	0
97	114	113	2	-1	-1	-1	0
120	101	105	2	-1	-1	-1	0
116	98	115	2	-1	-1	-1	0
103	122	104	2	-1	-1	-1	0
114	98	117	2	-1	-1	-1	0
99	113	119	2	-1	-1	-1	0
117	98	116	2	-1	-1	-1	0
110	101	121	2	-1	-1	-1	0
106	104	122	2	-1	-1	-1	0
106	123	105	2	-1	-1	-1	0
99	119	118	2	-1	-1	-1	0
101	120	121	2	-1	-1	-1	0
107	127	108	2	-1	-1	-1	0
127	107	109	2	-1	-1	-1	0
129	109	110	2	-1	-1	-1	0
128	112	108	2	-1	-1	-1	0
120	105	124	2	-1	-1	-1	0
112	128	111	2	-1	-1	-1	0
105	123	124	2	-1	-1	-1	0
106	122	125	2	-1	-1	-1	0
111	128	115	2	-1	-1	-1	0
106	126	123	2	-1	-1	-1	0
106	125	126	2	-1	-1	-1	0
113	114	131	2	-1	-1	-1	0
110	121	129	2	-1	-1	-1	0
131	119	113	2	-1	-1	-1	0
128	108	127	2	-1	-1	-1	0
114	117	132	2	-1	-1	-1	0
115	133	116	2	-1	-1	-1	0
109	130	127	2	-1	-1	-1	0
117	116	134	2	-1	-1	-1	0
109	129	130	2	-1	-1	-1	0
138	118	119	2	-1	-1	-1	0
133	115	128	2	-1	-1	-1	0
131	114	132	2	-1	-1	-1	0
120	141	121	2	-1	-1	-1	0
116	133	135	2	-1	-1	-1	0
140	120	124	2	-1	-1	-1	0
135	134	116	2	-1	-1	-1	0
136	132	117	2	-1	-1	-1	0
134	136	117	2	-1	-1	-1	0
139	119	131	2	-1	-1	-1	0
124	123	144	2	-1	-1	-1	0
143	129	121	2	-1	-1	-1	0
138	137	118	2	-1	-1	-1	0
123	126	144	2	-1	-1	-1	0
138	119	139	2	-1	-1	-1	0
146	126	125	2	-1	-1	-1	0
141	120	140	2	-1	-1	-1	0
132	139	131	2	-1	-1	-1	0
129	143	130	2	-1	-1	-1	0
128	127	147	2	-1	-1	-1	0
142	121	141	2	-1	-1	-1	0
127	130	147	2	-1	-1	-1	0
143	121	142	2	-1	-1	-1	0
145	140	124	2	-1	-1	-1	0
133	128	148	2	-1	-1	-1	0
145	124	144	2	-1	-1	-1	0
144	126	146	2	-1	-1	-1	0
135	133	148	2	-1	-1	-1	0
152	132	136	2	-1	-1	-1	0
153	136	134	2	-1	-1	-1	0
128	147	148	2	-1	-1	-1	0
135	154	134	2	-1	-1	-1	0
132	152	139	2	-1	-1	-1	0
130	143	151	2	-1	-1	-1	0
149	147	130	2	-1	-1	-1	0
130	150	149	2	-1	-1	-1	0
150	130	151	2	-1	-1	-1	0
138	159	137	2	-1	-1	-1	0
160	138	139	2	-1	-1	-1	0
156	135	148	2	-1	-1	-1	0
154	153	134	2	-1	-1	-1	0
162	141	140	2	-1	-1	-1	0
154	135	155	2	-1	-1	-1	0
148	147	149	2	-1	-1	-1	0
157	152	136	2	-1	-1	-1	0
141	163	142	2	-1	-1	-1	0
135	156	155	2	-1	-1	-1	0
153	157	136	2	-1	-1	-1	0
140	145	162	2	-1	-1	-1	0
143	142	165	2	-1	-1	-1	0
161	139	152	2	-1	-1	-1	0
148	149	156	2	-1	-1	-1	0
159	158	137	2	-1	-1	-1	0
167	145	144	2	-1	-1	-1	0
146	166	144	2	-1	-1	-1	0
160	159	138	2	-1	-1	-1	0
165	151	143	2	-1	-1	-1	0
139	161	160	2	-1	-1	-1	0
162	164	141	2	-1	-1	-1	0
169	149	150	2	-1	-1	-1	0
163	141	164	2	-1	-1	-1	0
163	165	142	2	-1	-1	-1	0
157	161	152	2	-1	-1	-1	0
170	150	151	2	-1	-1	-1	0
149	169	156	2	-1	-1	-1	0
168	162	145	2	-1	-1	-1	0
144	166	167	2	-1	-1	-1	0
145	167	168	2	-1	-1	-1	0
153	154	173	2	-1	-1	-1	0
157	153	173	2	-1	-1	-1	0
175	154	155	2	-1	-1	-1	0
155	156	176	2	-1	-1	-1	0
151	165	172	2	-1	-1	-1	0
171	169	150	2	-1	-1	-1	0
150	170	171	2	-1	-1	-1	0
151	172	170	2	-1	-1	-1	0
177	161	157	2	-1	-1	-1	0
158	159	179	2	-1	-1	-1	0
159	160	180	2	-1	-1	-1	0
176	156	169	2	-1	-1	-1	0
154	174	173	2	-1	-1	-1	0
161	181	160	2	-1	-1	-1	0
174	154	175	2	-1	-1	-1	0
155	176	175	2	-1	-1	-1	0
157	173	177	2	-1	-1	-1	0
162	185	164	2	-1	-1	-1	0
163	164	186	2	-1	-1	-1	0
165	163	186	2	-1	-1	-1	0
184	162	168	2	-1	-1	-1	0
179	178	158	2	-1	-1	-1	0
171	176	169	2	-1	-1	-1	0
183	161	177	2	-1	-1	-1	0
180	179	159	2	-1	-1	-1	0
167	166	188	2	-1	-1	-1	0
180	160	181	2	-1	-1	-1	0
172	165	186	2	-1	-1	-1	0
168	167	188	2	-1	-1	-1	0
161	182	181	2	-1	-1	-1	0
183	182	161	2	-1	-1	-1	0
162	184	185	2	-1	-1	-1	0
171	170	191	2	-1	-1	-1	0
172	192	170	2	-1	-1	-1	0
185	187	164	2	-1	-1	-1	0
187	186	164	2	-1	-1	-1	0
171	193	176	2	-1	-1	-1	0
184	168	190	2	-1	-1	-1	0
173	174	196	2	-1	-1	-1	0
189	168	188	2	-1	-1	-1	0
175	197	174	2	-1	-1	-1	0
173	196	177	2	-1	-1	-1	0
168	189	190	2	-1	-1	-1	0
199	175	176	2	-1	-1	-1	0
172	186	195	2	-1	-1	-1	0
192	191	170	2	-1	-1	-1	0
193	171	191	2	-1	-1	-1	0
194	192	172	2	-1	-1	-1	0
194	172	195	2	-1	-1	-1	0
204	178	179	2	-1	-1	-1	0
201	183	177	2	-1	-1	-1	0
180	205	179	2	-1	-1	-1	0
180	181	205	2	-1	-1	-1	0
181	182	205	2	-1	-1	-1	0
176	193	199	2	-1	-1	-1	0
196	174	198	2	-1	-1	-1	0
198	174	197	2	-1	-1	-1	0
206	182	183	2	-1	-1	-1	0
200	197	175	2	-1	-1	-1	0
200	175	199	2	-1	-1	-1	0
202	177	196	2	-1	-1	-1	0
185	184	208	2	-1	-1	-1	0
177	202	201	2	-1	-1	-1	0
210	187	185	2	-1	-1	-1	0
184	190	209	2	-1	-1	-1	0
211	186	187	2	-1	-1	-1	0
203	178	204	2	-1	-1	-1	0
204	179	205	2	-1	-1	-1	0
201	207	183	2	-1	-1	-1	0
186	211	195	2	-1	-1	-1	0
214	190	189	2	-1	-1	-1	0
206	205	182	2	-1	-1	-1	0
202	196	198	2	-1	-1	-1	0
207	206	183	2	-1	-1	-1	0
215	191	192	2	-1	-1	-1	0
191	215	193	2	-1	-1	-1	0
184	209	208	2	-1	-1	-1	0
194	216	192	2	-1	-1	-1	0
208	210	185	2	-1	-1	-1	0
218	194	195	2	-1	-1	-1	0
210	212	187	2	-1	-1	-1	0
217	199	193	2	-1	-1	-1	0
187	213	211	2	-1	-1	-1	0
213	187	212	2	-1	-1	-1	0
214	209	190	2	-1	-1	-1	0
200	199	217	2	-1	-1	-1	0
197	221	198	2	-1	-1	-1	0
200	221	197	2	-1	-1	-1	0
213	195	211	2	-1	-1	-1	0
202	198	223	2	-1	-1	-1	0
215	192	216	2	-1	-1	-1	0
217	193	215	2	-1	-1	-1	0
194	219	216	2	-1	-1	-1	0
195	213	220	2	-1	-1	-1	0
227	201	202	2	-1	-1	-1	0
218	219	194	2	-1	-1	-1	0
218	195	220	2	-1	-1	-1	0
226	207	201	2	-1	-1	-1	0
203	204	230	2	-1	-1	-1	0
231	204	205	2	-1	-1	-1	0
200	217	224	2	-1	-1	-1	0
221	222	198	2	-1	-1	-1	0
206	231	205	2	-1	-1	-1	0
222	223	198	2	-1	-1	-1	0
207	232	206	2	-1	-1	-1	0
200	225	221	2	-1	-1	-1	0
224	225	200	2	-1	-1	-1	0
223	227	202	2	-1	-1	-1	0
235	208	209	2	-1	-1	-1	0
208	236	210	2	-1	-1	-1	0
201	227	226	2	-1	-1	-1	0
214	237	209	2	-1	-1	-1	0
229	228	203	2	-1	-1	-1	0
238	212	210	2	-1	-1	-1	0
203	230	229	2	-1	-1	-1	0
239	213	212	2	-1	-1	-1	0
204	231	230	2	-1	-1	-1	0
207	226	233	2	-1	-1	-1	0
225	222	221	2	-1	-1	-1	0
232	231	206	2	-1	-1	-1	0
216	242	215	2	-1	-1	-1	0
232	207	234	2	-1	-1	-1	0
207	233	234	2	-1	-1	-1	0
213	241	220	2	-1	-1	-1	0
215	243	217	2	-1	-1	-1	0
219	244	216	2	-1	-1	-1	0
208	235	236	2	-1	-1	-1	0
237	235	209	2	-1	-1	-1	0
218	246	219	2	-1	-1	-1	0
210	236	238	2	-1	-1	-1	0
246	218	220	2	-1	-1	-1	0
245	224	217	2	-1	-1	-1	0
238	240	212	2	-1	-1	-1	0
239	212	240	2	-1	-1	-1	0
213	239	241	2	-1	-1	-1	0
232	230	231	2	-1	-1	-1	0
250	223	222	2	-1	-1	-1	0
230	232	234	2	-1	-1	-1	0
225	251	222	2	-1	-1	-1	0
243	215	242	2	-1	-1	-1	0
216	244	242	2	-1	-1	-1	0
253	227	223	2	-1	-1	-1	0
254	225	224	2	-1	-1	-1	0
243	245	217	2	-1	-1	-1	0
255	226	227	2	-1	-1	-1	0
241	249	220	2	-1	-1	-1	0
219	248	244	2	-1	-1	-1	0
219	246	247	2	-1	-1	-1	0
219	247	248	2	-1	-1	-1	0
228	229	257	2	-1	-1	-1	0
226	255	233	2	-1	-1	-1	0
246	220	249	2	-1	-1	-1	0
259	229	230	2	-1	-1	-1	0
251	250	222	2	-1	-1	-1	0
245	254	224	2	-1	-1	-1	0
234	259	230	2	-1	-1	-1	0
250	252	223	2	-1	-1	-1	0
260	234	233	2	-1	-1	-1	0
223	252	253	2	-1	-1	-1	0
254	251	225	2	-1	-1	-1	0
255	227	253	2	-1	-1	-1	0
235	237	264	2	-1	-1	-1	0
235	265	236	2	-1	-1	-1	0
236	266	238	2	-1	-1	-1	0
258	256	228	2	-1	-1	-1	0
257	258	228	2	-1	-1	-1	0
240	238	267	2	-1	-1	-1	0
229	259	257	2	-1	-1	-1	0
268	239	240	2	-1	-1	-1	0
241	239	268	2	-1	-1	-1	0
255	261	233	2	-1	-1	-1	0
261	260	233	2	-1	-1	-1	0
234	262	259	2	-1	-1	-1	0
260	263	234	2	-1	-1	-1	0
242	273	243	2	-1	-1	-1	0
273	242	244	2	-1	-1	-1	0
263	262	234	2	-1	-1	-1	0
245	243	274	2	-1	-1	-1	0
241	272	249	2	-1	-1	-1	0
264	265	235	2	-1	-1	-1	0
265	266	236	2	-1	-1	-1	0
244	248	275	2	-1	-1	-1	0
277	247	246	2	-1	-1	-1	0
266	267	238	2	-1	-1	-1	0
249	277	246	2	-1	-1	-1	0
278	248	247	2	-1	-1	-1	0
254	245	276	2	-1	-1	-1	0
269	240	267	2	-1	-1	-1	0
240	270	268	2	-1	-1	-1	0
270	240	269	2	-1	-1	-1	0
268	271	241	2	-1	-1	-1	0
251	282	250	2	-1	-1	-1	0
241	271	272	2	-1	-1	-1	0
250	282	252	2	-1	-1	-1	0
251	254	283	2	-1	-1	-1	0
253	252	284	2	-1	-1	-1	0
243	273	274	2	-1	-1	-1	0
275	273	244	2	-1	-1	-1	0
255	253	286	2	-1	-1	-1	0
245	274	276	2	-1	-1	-1	0
272	281	249	2	-1	-1	-1	0
286	261	255	2	-1	-1	-1	0
258	289	256	2	-1	-1	-1	0
247	277	279	2	-1	-1	-1	0
275	248	280	2	-1	-1	-1	0
247	279	278	2	-1	-1	-1	0
258	257	290	2	-1	-1	-1	0
278	280	248	2	-1	-1	-1	0
259	290	257	2	-1	-1	-1	0
277	249	281	2	-1	-1	-1	0
259	262	290	2	-1	-1	-1	0
293	260	261	2	-1	-1	-1	0
263	290	262	2	-1	-1	-1	0
293	263	260	2	-1	-1	-1	0
251	283	282	2	-1	-1	-1	0
287	254	276	2	-1	-1	-1	0
285	252	282	2	-1	-1	-1	0
284	252	285	2	-1	-1	-1	0
253	284	286	2	-1	-1	-1	0
287	283	254	2	-1	-1	-1	0
265	264	298	2	-1	-1	-1	0
265	298	266	2	-1	-1	-1	0
267	266	300	2	-1	-1	-1	0
256	289	288	2	-1	-1	-1	0
269	267	301	2	-1	-1	-1	0
292	289	258	2	-1	-1	-1	0
258	290	291	2	-1	-1	-1	0
302	268	270	2	-1	-1	-1	0
268	302	271	2	-1	-1	-1	0
286	294	261	2	-1	-1	-1	0
291	292	258	2	-1	-1	-1	0
304	270	269	2	-1	-1	-1	0
291	290	263	2	-1	-1	-1	0
294	293	261	2	-1	-1	-1	0
272	271	306	2	-1	-1	-1	0
263	296	291	2	-1	-1	-1	0
263	293	297	2	-1	-1	-1	0
263	295	296	2	-1	-1	-1	0
273	308	274	2	-1	-1	-1	0
295	263	297	2	-1	-1	-1	0
308	273	275	2	-1	-1	-1	0
276	274	309	2	-1	-1	-1	0
281	272	307	2	-1	-1	-1	0
266	298	299	2	-1	-1	-1	0
300	266	299	2	-1	-1	-1	0
275	280	310	2	-1	-1	-1	0
277	312	279	2	-1	-1	-1	0
301	267	300	2	-1	-1	-1	0
277	281	312	2	-1	-1	-1	0
279	313	278	2	-1	-1	-1	0
278	313	280	2	-1	-1	-1	0
269	301	303	2	-1	-1	-1	0
311	287	276	2	-1	-1	-1	0
303	304	269	2	-1	-1	-1	0
270	305	302	2	-1	-1	-1	0
304	305	270	2	-1	-1	-1	0
306	271	302	2	-1	-1	-1	0
294	297	293	2	-1	-1	-1	0
282	283	319	2	-1	-1	-1	0
307	272	306	2	-1	-1	-1	0
282	318	285	2	-1	-1	-1	0
283	287	319	2	-1	-1	-1	0
321	284	285	2	-1	-1	-1	0
320	286	284	2	-1	-1	-1	0
308	309	274	2	-1	-1	-1	0
308	275	310	2	-1	-1	-1	0
311	276	309	2	-1	-1	-1	0
294	286	323	2	-1	-1	-1	0
288	289	326	2	-1	-1	-1	0
317	281	307	2	-1	-1	-1	0
279	312	314	2	-1	-1	-1	0
280	316	310	2	-1	-1	-1	0
279	315	313	2	-1	-1	-1	0
292	326	289	2	-1	-1	-1	0
315	279	314	2	-1	-1	-1	0
316	280	313	2	-1	-1	-1	0
281	317	312	2	-1	-1	-1	0
291	327	292	2	-1	-1	-1	0
302	305	306	2	-1	-1	-1	0
296	327	291	2	-1	-1	-1	0
318	282	319	2	-1	-1	-1	0
329	297	294	2	-1	-1	-1	0
297	330	295	2	-1	-1	-1	0
287	311	324	2	-1	-1	-1	0
295	331	296	2	-1	-1	-1	0
320	284	321	2	-1	-1	-1	0
285	318	322	2	-1	-1	-1	0
321	285	322	2	-1	-1	-1	0
320	323	286	2	-1	-1	-1	0
287	324	319	2	-1	-1	-1	0
299	332	300	2	-1	-1	-1	0
300	332	301	2	-1	-1	-1	0
333	303	301	2	-1	-1	-1	0
288	326	325	2	-1	-1	-1	0
303	335	304	2	-1	-1	-1	0
336	305	304	2	-1	-1	-1	0
292	328	326	2	-1	-1	-1	0
294	323	329	2	-1	-1	-1	0
292	327	328	2	-1	-1	-1	0
337	306	305	2	-1	-1	-1	0
306	339	307	2	-1	-1	-1	0
331	327	296	2	-1	-1	-1	0
297	329	330	2	-1	-1	-1	0
295	330	331	2	-1	-1	-1	0
340	309	308	2	-1	-1	-1	0
340	308	310	2	-1	-1	-1	0
340	311	309	2	-1	-1	-1	0
307	339	317	2	-1	-1	-1	0
301	332	333	2	-1	-1	-1	0
316	340	310	2	-1	-1	-1	0
312	342	314	2	-1	-1	-1	0
333	334	303	2	-1	-1	-1	0
342	312	317	2	-1	-1	-1	0
315	343	313	2	-1	-1	-1	0
335	303	334	2	-1	-1	-1	0
313	344	316	2	-1	-1	-1	0
314	345	315	2	-1	-1	-1	0
336	304	335	2	-1	-1	-1	0
311	341	324	2	-1	-1	-1	0
337	305	336	2	-1	-1	-1	0
337	338	306	2	-1	-1	-1	0
338	339	306	2	-1	-1	-1	0
318	319	350	2	-1	-1	-1	0
318	349	322	2	-1	-1	-1	0
340	341	311	2	-1	-1	-1	0
351	320	321	2	-1	-1	-1	0
350	319	324	2	-1	-1	-1	0
323	320	351	2	-1	-1	-1	0
321	322	352	2	-1	-1	-1	0
340	316	341	2	-1	-1	-1	0
313	343	344	2	-1	-1	-1	0
342	345	314	2	-1	-1	-1	0
315	346	343	2	-1	-1	-1	0
316	347	341	2	-1	-1	-1	0
339	348	317	2	-1	-1	-1	0
354	329	323	2	-1	-1	-1	0
315	345	346	2	-1	-1	-1	0
347	316	344	2	-1	-1	-1	0
317	348	342	2	-1	-1	-1	0
325	326	358	2	-1	-1	-1	0
358	326	328	2	-1	-1	-1	0
359	328	327	2	-1	-1	-1	0
331	359	327	2	-1	-1	-1	0
350	349	318	2	-1	-1	-1	0
361	330	329	2	-1	-1	-1	0
356	324	341	2	-1	-1	-1	0
353	322	349	2	-1	-1	-1	0
321	352	351	2	-1	-1	-1	0
331	330	364	2	-1	-1	-1	0
322	353	352	2	-1	-1	-1	0
351	355	323	2	-1	-1	-1	0
356	350	324	2	-1	-1	-1	0
355	354	323	2	-1	-1	-1	0
335	334	366	2	-1	-1	-1	0
335	367	336	2	-1	-1	-1	0
325	358	357	2	-1	-1	-1	0
368	337	336	2	-1	-1	-1	0
337	368	338	2	-1	-1	-1	0
356	341	347	2	-1	-1	-1	0
362	329	354	2	-1	-1	-1	0
360	358	328	2	-1	-1	-1	0
338	370	339	2	-1	-1	-1	0
360	328	359	2	-1	-1	-1	0
362	361	329	2	-1	-1	-1	0
363	330	361	2	-1	-1	-1	0
359	331	365	2	-1	-1	-1	0
363	364	330	2	-1	-1	-1	0
339	372	348	2	-1	-1	-1	0
365	331	364	2	-1	-1	-1	0
345	342	374	2	-1	-1	-1	0
375	344	343	2	-1	-1	-1	0
342	348	373	2	-1	-1	-1	0
377	343	346	2	-1	-1	-1	0
366	367	335	2	-1	-1	-1	0
344	379	347	2	-1	-1	-1	0
345	380	346	2	-1	-1	-1	0
368	336	367	2	-1	-1	-1	0
369	338	368	2	-1	-1	-1	0
338	369	371	2	-1	-1	-1	0
338	371	370	2	-1	-1	-1	0
339	370	372	2	-1	-1	-1	0
360	359	365	2	-1	-1	-1	0
385	349	350	2	-1	-1	-1	0
382	356	347	2	-1	-1	-1	0
353	349	385	2	-1	-1	-1	0
374	342	373	2	-1	-1	-1	0
352	386	351	2	-1	-1	-1	0
385	350	356	2	-1	-1	-1	0
351	386	355	2	-1	-1	-1	0
387	352	353	2	-1	-1	-1	0
375	343	376	2	-1	-1	-1	0
377	376	343	2	-1	-1	-1	0
344	375	378	2	-1	-1	-1	0
390	354	355	2	-1	-1	-1	0
381	345	374	2	-1	-1	-1	0
379	344	378	2	-1	-1	-1	0
383	348	372	2	-1	-1	-1	0
380	377	346	2	-1	-1	-1	0
384	373	348	2	-1	-1	-1	0
345	381	380	2	-1	-1	-1	0
354	391	362	2	-1	-1	-1	0
347	379	382	2	-1	-1	-1	0
358	395	357	2	-1	-1	-1	0
360	396	358	2	-1	-1	-1	0
348	383	384	2	-1	-1	-1	0
362	399	361	2	-1	-1	-1	0
365	397	360	2	-1	-1	-1	0
356	382	385	2	-1	-1	-1	0
399	363	361	2	-1	-1	-1	0
352	387	386	2	-1	-1	-1	0
385	388	353	2	-1	-1	-1	0
400	364	363	2	-1	-1	-1	0
378	375	376	2	-1	-1	-1	0
364	400	365	2	-1	-1	-1	0
353	389	387	2	-1	-1	-1	0
353	388	389	2	-1	-1	-1	0
373	384	374	2	-1	-1	-1	0
386	392	355	2	-1	-1	-1	0
354	390	391	2	-1	-1	-1	0
402	367	366	2	-1	-1	-1	0
355	393	390	2	-1	-1	-1	0
404	368	367	2	-1	-1	-1	0
393	355	392	2	-1	-1	-1	0
369	368	404	2	-1	-1	-1	0
369	405	371	2	-1	-1	-1	0
394	357	395	2	-1	-1	-1	0
371	406	370	2	-1	-1	-1	0
406	372	370	2	-1	-1	-1	0
396	395	358	2	-1	-1	-1	0
399	362	391	2	-1	-1	-1	0
360	398	396	2	-1	-1	-1	0
397	398	360	2	-1	-1	-1	0
400	363	399	2	-1	-1	-1	0
401	397	365	2	-1	-1	-1	0
409	383	372	2	-1	-1	-1	0
392	386	387	2	-1	-1	-1	0
412	376	377	2	-1	-1	-1	0
411	381	374	2	-1	-1	-1	0
365	400	401	2	-1	-1	-1	0
414	378	376	2	-1	-1	-1	0
374	384	410	2	-1	-1	-1	0
378	414	379	2	-1	-1	-1	0
403	367	402	2	-1	-1	-1	0
377	380	415	2	-1	-1	-1	0
404	367	403	2	-1	-1	-1	0
415	380	381	2	-1	-1	-1	0
417	382	379	2	-1	-1	-1	0
405	369	404	2	-1	-1	-1	0
405	408	371	2	-1	-1	-1	0
407	406	371	2	-1	-1	-1	0
371	408	407	2	-1	-1	-1	0
419	385	382	2	-1	-1	-1	0
383	420	384	2	-1	-1	-1	0
372	406	409	2	-1	-1	-1	0
385	419	388	2	-1	-1	-1	0
374	410	411	2	-1	-1	-1	0
422	387	389	2	-1	-1	-1	0
421	392	387	2	-1	-1	-1	0
388	423	389	2	-1	-1	-1	0
414	376	413	2	-1	-1	-1	0
376	412	413	2	-1	-1	-1	0
416	412	377	2	-1	-1	-1	0
391	390	426	2	-1	-1	-1	0
415	416	377	2	-1	-1	-1	0
426	390	393	2	-1	-1	-1	0
418	381	411	2	-1	-1	-1	0
414	417	379	2	-1	-1	-1	0
409	420	383	2	-1	-1	-1	0
420	410	384	2	-1	-1	-1	0
381	418	415	2	-1	-1	-1	0
393	392	429	2	-1	-1	-1	0
428	399	391	2	-1	-1	-1	0
417	419	382	2	-1	-1	-1	0
432	394	395	2	-1	-1	-1	0
395	396	432	2	-1	-1	-1	0
396	398	433	2	-1	-1	-1	0
397	434	398	2	-1	-1	-1	0
423	388	419	2	-1	-1	-1	0
422	421	387	2	-1	-1	-1	0
397	401	434	2	-1	-1	-1	0
399	436	400	2	-1	-1	-1	0
389	425	422	2	-1	-1	-1	0
389	423	424	2	-1	-1	-1	0
424	425	389	2	-1	-1	-1	0
401	400	437	2	-1	-1	-1	0
392	421	429	2	-1	-1	-1	0
391	426	427	2	-1	-1	-1	0
440	403	402	2	-1	-1	-1	0
391	427	428	2	-1	-1	-1	0
404	403	441	2	-1	-1	-1	0
393	430	426	2	-1	-1	-1	0
441	405	404	2	-1	-1	-1	0
393	429	430	2	-1	-1	-1	0
405	444	408	2	-1	-1	-1	0
431	394	432	2	-1	-1	-1	0
407	445	406	2	-1	-1	-1	0
406	445	409	2	-1	-1	-1	0
446	407	408	2	-1	-1	-1	0
432	396	433	2	-1	-1	-1	0
428	436	399	2	-1	-1	-1	0
435	433	398	2	-1	-1	-1	0
398	434	435	2	-1	-1	-1	0
450	411	410	2	-1	-1	-1	0
400	436	437	2	-1	-1	-1	0
439	434	401	2	-1	-1	-1	0
437	438	401	2	-1	-1	-1	0
452	413	412	2	-1	-1	-1	0
420	409	448	2	-1	-1	-1	0
439	401	438	2	-1	-1	-1	0
449	410	420	2	-1	-1	-1	0
411	451	418	2	-1	-1	-1	0
452	412	416	2	-1	-1	-1	0
413	454	414	2	-1	-1	-1	0
403	440	441	2	-1	-1	-1	0
414	455	417	2	-1	-1	-1	0
415	456	416	2	-1	-1	-1	0
418	456	415	2	-1	-1	-1	0
443	405	441	2	-1	-1	-1	0
443	442	405	2	-1	-1	-1	0
444	405	442	2	-1	-1	-1	0
417	458	419	2	-1	-1	-1	0
445	407	446	2	-1	-1	-1	0
408	444	447	2	-1	-1	-1	0
458	423	419	2	-1	-1	-1	0
408	447	446	2	-1	-1	-1	0
448	409	445	2	-1	-1	-1	0
459	421	422	2	-1	-1	-1	0
422	425	459	2	-1	-1	-1	0
461	424	423	2	-1	-1	-1	0
434	439	435	2	-1	-1	-1	0
449	450	410	2	-1	-1	-1	0
429	421	459	2	-1	-1	-1	0
425	424	462	2	-1	-1	-1	0
451	411	450	2	-1	-1	-1	0
448	449	420	2	-1	-1	-1	0
453	413	452	2	-1	-1	-1	0
465	427	426	2	-1	-1	-1	0
413	453	454	2	-1	-1	-1	0
426	430	465	2	-1	-1	-1	0
467	428	427	2	-1	-1	-1	0
455	414	454	2	-1	-1	-1	0
441	440	443	2	-1	-1	-1	0
457	452	416	2	-1	-1	-1	0
418	451	456	2	-1	-1	-1	0
469	430	429	2	-1	-1	-1	0
457	416	456	2	-1	-1	-1	0
458	417	455	2	-1	-1	-1	0
428	468	436	2	-1	-1	-1	0
432	471	431	2	-1	-1	-1	0
433	471	432	2	-1	-1	-1	0
435	472	433	2	-1	-1	-1	0
460	423	458	2	-1	-1	-1	0
423	460	461	2	-1	-1	-1	0
474	437	436	2	-1	-1	-1	0
461	462	424	2	-1	-1	-1	0
439	473	435	2	-1	-1	-1	0
459	425	464	2	-1	-1	-1	0
474	438	437	2	-1	-1	-1	0
425	462	463	2	-1	-1	-1	0
425	463	464	2	-1	-1	-1	0
438	476	439	2	-1	-1	-1	0
469	429	459	2	-1	-1	-1	0
427	465	466	2	-1	-1	-1	0
467	427	466	2	-1	-1	-1	0
467	468	428	2	-1	-1	-1	0
469	465	430	2	-1	-1	-1	0
444	442	478	2	-1	-1	-1	0
478	447	444	2	-1	-1	-1	0
446	479	445	2	-1	-1	-1	0
448	445	479	2	-1	-1	-1	0
431	471	470	2	-1	-1	-1	0
480	446	447	2	-1	-1	-1	0
472	471	433	2	-1	-1	-1	0
468	474	436	2	-1	-1	-1	0
449	448	483	2	-1	-1	-1	0
473	472	435	2	-1	-1	-1	0
484	450	449	2	-1	-1	-1	0
451	450	485	2	-1	-1	-1	0
475	438	474	2	-1	-1	-1	0
473	439	477	2	-1	-1	-1	0
438	475	476	2	-1	-1	-1	0
476	477	439	2	-1	-1	-1	0
469	459	464	2	-1	-1	-1	0
451	487	456	2	-1	-1	-1	0
489	453	452	2	-1	-1	-1	0
452	457	488	2	-1	-1	-1	0
454	453	491	2	-1	-1	-1	0
454	493	455	2	-1	-1	-1	0
480	479	446	2	-1	-1	-1	0
493	458	455	2	-1	-1	-1	0
478	481	447	2	-1	-1	-1	0
494	457	456	2	-1	-1	-1	0
447	482	480	2	-1	-1	-1	0
482	447	481	2	-1	-1	-1	0
479	483	448	2	-1	-1	-1	0
493	460	458	2	-1	-1	-1	0
460	495	461	2	-1	-1	-1	0
483	484	449	2	-1	-1	-1	0
484	485	450	2	-1	-1	-1	0
496	462	461	2	-1	-1	-1	0
451	485	486	2	-1	-1	-1	0
463	462	498	2	-1	-1	-1	0
486	487	451	2	-1	-1	-1	0
499	464	463	2	-1	-1	-1	0
488	490	452	2	-1	-1	-1	0
490	489	452	2	-1	-1	-1	0
464	500	469	2	-1	-1	-1	0
492	453	489	2	-1	-1	-1	0
465	503	466	2	-1	-1	-1	0
491	453	492	2	-1	-1	-1	0
469	502	465	2	-1	-1	-1	0
504	467	466	2	-1	-1	-1	0
487	494	456	2	-1	-1	-1	0
493	454	491	2	-1	-1	-1	0
494	488	457	2	-1	-1	-1	0
467	505	468	2	-1	-1	-1	0
474	468	506	2	-1	-1	-1	0
495	460	493	2	-1	-1	-1	0
470	471	508	2	-1	-1	-1	0
471	472	508	2	-1	-1	-1	0
495	497	461	2	-1	-1	-1	0
509	472	473	2	-1	-1	-1	0
461	497	496	2	-1	-1	-1	0
506	475	474	2	-1	-1	-1	0
462	496	498	2	-1	-1	-1	0
498	499	463	2	-1	-1	-1	0
511	473	477	2	-1	-1	-1	0
512	476	475	2	-1	-1	-1	0
464	499	500	2	-1	-1	-1	0
477	476	513	2	-1	-1	-1	0
502	501	465	2	-1	-1	-1	0
503	465	501	2	-1	-1	-1	0
469	500	502	2	-1	-1	-1	0
479	480	514	2	-1	-1	-1	0
503	504	466	2	-1	-1	-1	0
514	483	479	2	-1	-1	-1	0
505	467	504	2	-1	-1	-1	0
480	482	515	2	-1	-1	-1	0
516	482	481	2	-1	-1	-1	0
506	468	505	2	-1	-1	-1	0
507	470	508	2	-1	-1	-1	0
483	519	484	2	-1	-1	-1	0
472	509	508	2	-1	-1	-1	0
485	484	520	2	-1	-1	-1	0
521	486	485	2	-1	-1	-1	0
473	510	509	2	-1	-1	-1	0
512	475	506	2	-1	-1	-1	0
510	473	511	2	-1	-1	-1	0
486	522	487	2	-1	-1	-1	0
476	512	513	2	-1	-1	-1	0
477	513	511	2	-1	-1	-1	0
488	525	490	2	-1	-1	-1	0
487	524	494	2	-1	-1	-1	0
526	489	490	2	-1	-1	-1	0
492	489	526	2	-1	-1	-1	0
525	488	494	2	-1	-1	-1	0
480	515	514	2	-1	-1	-1	0
491	492	528	2	-1	-1	-1	0
493	491	528	2	-1	-1	-1	0
517	515	482	2	-1	-1	-1	0
518	483	514	2	-1	-1	-1	0
482	516	517	2	-1	-1	-1	0
528	495	493	2	-1	-1	-1	0
483	518	519	2	-1	-1	-1	0
484	519	520	2	-1	-1	-1	0
495	532	497	2	-1	-1	-1	0
520	521	485	2	-1	-1	-1	0
497	533	496	2	-1	-1	-1	0
534	498	496	2	-1	-1	-1	0
521	522	486	2	-1	-1	-1	0
523	487	522	2	-1	-1	-1	0
499	498	536	2	-1	-1	-1	0
524	487	523	2	-1	-1	-1	0
499	538	500	2	-1	-1	-1	0
538	502	500	2	-1	-1	-1	0
525	527	490	2	-1	-1	-1	0
502	539	501	2	-1	-1	-1	0
490	527	526	2	-1	-1	-1	0
524	525	494	2	-1	-1	-1	0
540	503	501	2	-1	-1	-1	0
504	503	541	2	-1	-1	-1	0
530	492	526	2	-1	-1	-1	0
492	531	528	2	-1	-1	-1	0
542	505	504	2	-1	-1	-1	0
492	530	529	2	-1	-1	-1	0
531	492	529	2	-1	-1	-1	0
505	544	506	2	-1	-1	-1	0
495	528	532	2	-1	-1	-1	0
547	507	508	2	-1	-1	-1	0
506	545	512	2	-1	-1	-1	0
533	534	496	2	-1	-1	-1	0
508	509	547	2	-1	-1	-1	0
532	535	497	2	-1	-1	-1	0
535	533	497	2	-1	-1	-1	0
510	548	509	2	-1	-1	-1	0
498	534	536	2	-1	-1	-1	0
510	511	549	2	-1	-1	-1	0
499	536	537	2	-1	-1	-1	0
499	537	538	2	-1	-1	-1	0
551	511	513	2	-1	-1	-1	0
513	512	552	2	-1	-1	-1	0
502	538	539	2	-1	-1	-1	0
539	540	501	2	-1	-1	-1	0
514	515	554	2	-1	-1	-1	0
541	503	540	2	-1	-1	-1	0
554	518	514	2	-1	-1	-1	0
515	517	555	2	-1	-1	-1	0
541	543	504	2	-1	-1	-1	0
517	516	556	2	-1	-1	-1	0
542	504	543	2	-1	-1	-1	0
542	544	505	2	-1	-1	-1	0
528	531	532	2	-1	-1	-1	0
519	518	557	2	-1	-1	-1	0
545	506	544	2	-1	-1	-1	0
520	519	558	2	-1	-1	-1	0
547	546	507	2	-1	-1	-1	0
521	520	560	2	-1	-1	-1	0
548	547	509	2	-1	-1	-1	0
521	561	522	2	-1	-1	-1	0
522	562	523	2	-1	-1	-1	0
550	548	510	2	-1	-1	-1	0
510	549	550	2	-1	-1	-1	0
512	545	552	2	-1	-1	-1	0
523	563	524	2	-1	-1	-1	0
549	511	551	2	-1	-1	-1	0
565	525	524	2	-1	-1	-1	0
525	565	527	2	-1	-1	-1	0
551	513	553	2	-1	-1	-1	0
553	513	552	2	-1	-1	-1	0
566	526	527	2	-1	-1	-1	0
526	566	530	2	-1	-1	-1	0
555	554	515	2	-1	-1	-1	0
530	568	529	2	-1	-1	-1	0
556	555	517	2	-1	-1	-1	0
554	557	518	2	-1	-1	-1	0
569	531	529	2	-1	-1	-1	0
558	519	557	2	-1	-1	-1	0
531	571	532	2	-1	-1	-1	0
520	558	559	2	-1	-1	-1	0
532	571	535	2	-1	-1	-1	0
560	520	559	2	-1	-1	-1	0
533	572	534	2	-1	-1	-1	0
533	535	573	2	-1	-1	-1	0
560	561	521	2	-1	-1	-1	0
562	522	561	2	-1	-1	-1	0
575	536	534	2	-1	-1	-1	0
575	537	536	2	-1	-1	-1	0
562	564	523	2	-1	-1	-1	0
523	564	563	2	-1	-1	-1	0
524	563	565	2	-1	-1	-1	0
578	538	537	2	-1	-1	-1	0
578	539	538	2	-1	-1	-1	0
539	578	540	2	-1	-1	-1	0
567	527	565	2	-1	-1	-1	0
540	579	541	2	-1	-1	-1	0
567	566	527	2	-1	-1	-1	0
580	543	541	2	-1	-1	-1	0
570	530	566	2	-1	-1	-1	0
568	569	529	2	-1	-1	-1	0
542	543	581	2	-1	-1	-1	0
544	542	581	2	-1	-1	-1	0
530	570	568	2	-1	-1	-1	0
544	581	545	2	-1	-1	-1	0
571	531	569	2	-1	-1	-1	0
573	572	533	2	-1	-1	-1	0
585	546	547	2	-1	-1	-1	0
583	552	545	2	-1	-1	-1	0
572	574	534	2	-1	-1	-1	0
548	585	547	2	-1	-1	-1	0
535	571	576	2	-1	-1	-1	0
574	575	534	2	-1	-1	-1	0
576	573	535	2	-1	-1	-1	0
548	550	586	2	-1	-1	-1	0
588	550	549	2	-1	-1	-1	0
549	551	587	2	-1	-1	-1	0
537	575	577	2	-1	-1	-1	0
587	551	553	2	-1	-1	-1	0
577	578	537	2	-1	-1	-1	0
552	590	553	2	-1	-1	-1	0
540	578	579	2	-1	-1	-1	0
580	541	579	2	-1	-1	-1	0
554	555	592	2	-1	-1	-1	0
554	592	557	2	-1	-1	-1	0
556	593	555	2	-1	-1	-1	0
580	582	543	2	-1	-1	-1	0
582	581	543	2	-1	-1	-1	0
581	583	545	2	-1	-1	-1	0
558	557	594	2	-1	-1	-1	0
559	558	597	2	-1	-1	-1	0
546	585	584	2	-1	-1	-1	0
598	560	559	2	-1	-1	-1	0
585	548	586	2	-1	-1	-1	0
561	560	600	2	-1	-1	-1	0
600	562	561	2	-1	-1	-1	0
588	549	587	2	-1	-1	-1	0
552	583	590	2	-1	-1	-1	0
550	589	586	2	-1	-1	-1	0
601	564	562	2	-1	-1	-1	0
589	550	588	2	-1	-1	-1	0
602	563	564	2	-1	-1	-1	0
563	602	565	2	-1	-1	-1	0
553	591	587	2	-1	-1	-1	0
591	553	590	2	-1	-1	-1	0
604	567	565	2	-1	-1	-1	0
567	605	566	2	-1	-1	-1	0
593	592	555	2	-1	-1	-1	0
605	570	566	2	-1	-1	-1	0
592	595	557	2	-1	-1	-1	0
568	607	569	2	-1	-1	-1	0
570	607	568	2	-1	-1	-1	0
595	594	557	2	-1	-1	-1	0
594	596	558	2	-1	-1	-1	0
608	571	569	2	-1	-1	-1	0
596	597	558	2	-1	-1	-1	0
598	559	597	2	-1	-1	-1	0
572	573	612	2	-1	-1	-1	0
599	560	598	2	-1	-1	-1	0
574	572	612	2	-1	-1	-1	0
611	576	571	2	-1	-1	-1	0
560	599	600	2	-1	-1	-1	0
611	573	576	2	-1	-1	-1	0
601	562	600	2	-1	-1	-1	0
615	575	574	2	-1	-1	-1	0
616	577	575	2	-1	-1	-1	0
603	564	601	2	-1	-1	-1	0
603	602	564	2	-1	-1	-1	0
565	602	604	2	-1	-1	-1	0
577	617	578	2	-1	-1	-1	0
579	578	617	2	-1	-1	-1	0
606	567	604	2	-1	-1	-1	0
605	567	606	2	-1	-1	-1	0
580	579	619	2	-1	-1	-1	0
580	621	582	2	-1	-1	-1	0
605	609	570	2	-1	-1	-1	0
569	607	608	2	-1	-1	-1	0
583	581	623	2	-1	-1	-1	0
570	610	607	2	-1	-1	-1	0
581	582	624	2	-1	-1	-1	0
609	610	570	2	-1	-1	-1	0
571	608	611	2	-1	-1	-1	0
627	584	585	2	-1	-1	-1	0
573	611	613	2	-1	-1	-1	0
573	613	612	2	-1	-1	-1	0
583	625	590	2	-1	-1	-1	0
586	627	585	2	-1	-1	-1	0
614	574	612	2	-1	-1	-1	0
574	614	615	2	-1	-1	-1	0
586	589	629	2	-1	-1	-1	0
630	588	587	2	-1	-1	-1	0
575	615	616	2	-1	-1	-1	0
588	632	589	2	-1	-1	-1	0
587	591	631	2	-1	-1	-1	0
577	616	618	2	-1	-1	-1	0
577	618	617	2	-1	-1	-1	0
619	579	617	2	-1	-1	-1	0
591	590	634	2	-1	-1	-1	0
620	580	619	2	-1	-1	-1	0
592	593	635	2	-1	-1	-1	0
635	595	592	2	-1	-1	-1	0
580	620	622	2	-1	-1	-1	0
636	594	595	2	-1	-1	-1	0
622	621	580	2	-1	-1	-1	0
594	636	596	2	-1	-1	-1	0
624	582	621	2	-1	-1	-1	0
624	623	581	2	-1	-1	-1	0
623	625	583	2	-1	-1	-1	0
596	639	597	2	-1	-1	-1	0
598	597	640	2	-1	-1	-1	0
626	584	628	2	-1	-1	-1	0
599	598	642	2	-1	-1	-1	0
628	584	627	2	-1	-1	-1	0
643	600	599	2	-1	-1	-1	0
629	627	586	2	-1	-1	-1	0
644	601	600	2	-1	-1	-1	0
631	630	587	2	-1	-1	-1	0
601	645	603	2	-1	-1	-1	0
625	634	590	2	-1	-1	-1	0
589	632	629	2	-1	-1	-1	0
646	602	603	2	-1	-1	-1	0
588	630	633	2	-1	-1	-1	0
602	646	604	2	-1	-1	-1	0
632	588	633	2	-1	-1	-1	0
618	619	617	2	-1	-1	-1	0
591	634	631	2	-1	-1	-1	0
606	604	646	2	-1	-1	-1	0
605	606	651	2	-1	-1	-1	0
605	650	609	2	-1	-1	-1	0
637	595	635	2	-1	-1	-1	0
607	652	608	2	-1	-1	-1	0
607	610	652	2	-1	-1	-1	0
595	638	636	2	-1	-1	-1	0
595	637	638	2	-1	-1	-1	0
639	596	636	2	-1	-1	-1	0
608	653	611	2	-1	-1	-1	0
610	609	654	2	-1	-1	-1	0
639	640	597	2	-1	-1	-1	0
598	640	641	2	-1	-1	-1	0
611	657	613	2	-1	-1	-1	0
641	642	598	2	-1	-1	-1	0
612	613	658	2	-1	-1	-1	0
658	614	612	2	-1	-1	-1	0
627	629	628	2	-1	-1	-1	0
642	643	599	2	-1	-1	-1	0
600	643	644	2	-1	-1	-1	0
615	614	659	2	-1	-1	-1	0
644	645	601	2	-1	-1	-1	0
661	616	615	2	-1	-1	-1	0
661	618	616	2	-1	-1	-1	0
648	603	645	2	-1	-1	-1	0
603	649	646	2	-1	-1	-1	0
647	603	648	2	-1	-1	-1	0
603	647	649	2	-1	-1	-1	0
618	663	619	2	-1	-1	-1	0
663	620	619	2	-1	-1	-1	0
606	646	651	2	-1	-1	-1	0
650	605	651	2	-1	-1	-1	0
664	622	620	2	-1	-1	-1	0
665	621	622	2	-1	-1	-1	0
621	666	624	2	-1	-1	-1	0
652	653	608	2	-1	-1	-1	0
654	609	650	2	-1	-1	-1	0
668	623	624	2	-1	-1	-1	0
669	625	623	2	-1	-1	-1	0
652	610	655	2	-1	-1	-1	0
654	656	610	2	-1	-1	-1	0
611	653	657	2	-1	-1	-1	0
610	656	655	2	-1	-1	-1	0
628	672	626	2	-1	-1	-1	0
658	613	657	2	-1	-1	-1	0
669	634	625	2	-1	-1	-1	0
628	629	673	2	-1	-1	-1	0
658	659	614	2	-1	-1	-1	0
629	632	673	2	-1	-1	-1	0
659	660	615	2	-1	-1	-1	0
631	674	630	2	-1	-1	-1	0
662	615	660	2	-1	-1	-1	0
630	674	633	2	-1	-1	-1	0
615	662	661	2	-1	-1	-1	0
634	675	631	2	-1	-1	-1	0
663	618	661	2	-1	-1	-1	0
632	633	677	2	-1	-1	-1	0
646	649	651	2	-1	-1	-1	0
664	620	663	2	-1	-1	-1	0
665	666	621	2	-1	-1	-1	0
664	667	622	2	-1	-1	-1	0
665	622	667	2	-1	-1	-1	0
636	638	680	2	-1	-1	-1	0
680	639	636	2	-1	-1	-1	0
637	681	638	2	-1	-1	-1	0
623	668	669	2	-1	-1	-1	0
624	666	670	2	-1	-1	-1	0
624	670	668	2	-1	-1	-1	0
639	684	640	2	-1	-1	-1	0
640	685	641	2	-1	-1	-1	0
641	686	642	2	-1	-1	-1	0
672	671	626	2	-1	-1	-1	0
672	628	673	2	-1	-1	-1	0
642	689	643	2	-1	-1	-1	0
689	644	643	2	-1	-1	-1	0
675	634	669	2	-1	-1	-1	0
644	690	645	2	-1	-1	-1	0
674	631	676	2	-1	-1	-1	0
631	675	676	2	-1	-1	-1	0
677	673	632	2	-1	-1	-1	0
691	648	645	2	-1	-1	-1	0
633	674	679	2	-1	-1	-1	0
647	648	693	2	-1	-1	-1	0
692	649	647	2	-1	-1	-1	0
678	677	633	2	-1	-1	-1	0
679	678	633	2	-1	-1	-1	0
649	695	651	2	-1	-1	-1	0
650	651	696	2	-1	-1	-1	0
680	638	681	2	-1	-1	-1	0
650	696	654	2	-1	-1	-1	0
682	639	680	2	-1	-1	-1	0
653	652	698	2	-1	-1	-1	0
652	655	697	2	-1	-1	-1	0
639	682	683	2	-1	-1	-1	0
639	683	684	2	-1	-1	-1	0
657	653	698	2	-1	-1	-1	0
640	684	685	2	-1	-1	-1	0
700	656	654	2	-1	-1	-1	0
656	701	655	2	-1	-1	-1	0
641	685	687	2	-1	-1	-1	0
687	686	641	2	-1	-1	-1	0
688	642	686	2	-1	-1	-1	0
703	658	657	2	-1	-1	-1	0
688	689	642	2	-1	-1	-1	0
658	704	659	2	-1	-1	-1	0
644	689	690	2	-1	-1	-1	0
659	705	660	2	-1	-1	-1	0
645	690	691	2	-1	-1	-1	0
706	662	660	2	-1	-1	-1	0
676	679	674	2	-1	-1	-1	0
708	661	662	2	-1	-1	-1	0
693	692	647	2	-1	-1	-1	0
708	663	661	2	-1	-1	-1	0
691	694	648	2	-1	-1	-1	0
693	648	694	2	-1	-1	-1	0
708	664	663	2	-1	-1	-1	0
692	695	649	2	-1	-1	-1	0
664	710	667	2	-1	-1	-1	0
695	696	651	2	-1	-1	-1	0
666	665	712	2	-1	-1	-1	0
680	681	682	2	-1	-1	-1	0
667	712	665	2	-1	-1	-1	0
698	652	697	2	-1	-1	-1	0
696	699	654	2	-1	-1	-1	0
670	666	713	2	-1	-1	-1	0
655	701	697	2	-1	-1	-1	0
700	654	699	2	-1	-1	-1	0
668	717	669	2	-1	-1	-1	0
668	670	716	2	-1	-1	-1	0
698	703	657	2	-1	-1	-1	0
700	702	656	2	-1	-1	-1	0
701	656	702	2	-1	-1	-1	0
675	669	717	2	-1	-1	-1	0
672	719	671	2	-1	-1	-1	0
719	672	673	2	-1	-1	-1	0
704	658	703	2	-1	-1	-1	0
659	704	705	2	-1	-1	-1	0
673	677	719	2	-1	-1	-1	0
675	720	676	2	-1	-1	-1	0
707	660	705	2	-1	-1	-1	0
660	707	706	2	-1	-1	-1	0
679	676	721	2	-1	-1	-1	0
662	706	709	2	-1	-1	-1	0
722	677	678	2	-1	-1	-1	0
662	709	708	2	-1	-1	-1	0
723	678	679	2	-1	-1	-1	0
708	711	664	2	-1	-1	-1	0
664	711	710	2	-1	-1	-1	0
714	667	710	2	-1	-1	-1	0
713	666	712	2	-1	-1	-1	0
683	725	684	2	-1	-1	-1	0
712	667	715	2	-1	-1	-1	0
725	685	684	2	-1	-1	-1	0
667	714	715	2	-1	-1	-1	0
716	670	713	2	-1	-1	-1	0
685	727	687	2	-1	-1	-1	0
728	686	687	2	-1	-1	-1	0
668	716	717	2	-1	-1	-1	0
728	688	686	2	-1	-1	-1	0
719	718	671	2	-1	-1	-1	0
731	689	688	2	-1	-1	-1	0
689	731	690	2	-1	-1	-1	0
717	720	675	2	-1	-1	-1	0
691	690	733	2	-1	-1	-1	0
676	720	721	2	-1	-1	-1	0
719	677	722	2	-1	-1	-1	0
734	694	691	2	-1	-1	-1	0
693	735	692	2	-1	-1	-1	0
695	692	736	2	-1	-1	-1	0
678	723	722	2	-1	-1	-1	0
721	724	679	2	-1	-1	-1	0
738	693	694	2	-1	-1	-1	0
679	724	723	2	-1	-1	-1	0
709	711	708	2	-1	-1	-1	0
696	695	739	2	-1	-1	-1	0
696	739	699	2	-1	-1	-1	0
725	726	685	2	-1	-1	-1	0
741	698	697	2	-1	-1	-1	0
740	697	701	2	-1	-1	-1	0
727	685	726	2	-1	-1	-1	0
742	700	699	2	-1	-1	-1	0
741	703	698	2	-1	-1	-1	0
727	729	687	2	-1	-1	-1	0
742	702	700	2	-1	-1	-1	0
730	728	687	2	-1	-1	-1	0
701	702	743	2	-1	-1	-1	0
730	687	729	2	-1	-1	-1	0
732	688	728	2	-1	-1	-1	0
704	703	741	2	-1	-1	-1	0
688	732	731	2	-1	-1	-1	0
690	731	733	2	-1	-1	-1	0
747	705	704	2	-1	-1	-1	0
734	691	733	2	-1	-1	-1	0
705	748	707	2	-1	-1	-1	0
749	706	707	2	-1	-1	-1	0
736	692	735	2	-1	-1	-1	0
709	706	749	2	-1	-1	-1	0
735	693	737	2	-1	-1	-1	0
738	694	734	2	-1	-1	-1	0
737	693	738	2	-1	-1	-1	0
736	739	695	2	-1	-1	-1	0
752	711	709	2	-1	-1	-1	0
753	710	711	2	-1	-1	-1	0
710	753	714	2	-1	-1	-1	0
740	741	697	2	-1	-1	-1	0
754	713	712	2	-1	-1	-1	0
699	739	742	2	-1	-1	-1	0
712	715	754	2	-1	-1	-1	0
716	713	755	2	-1	-1	-1	0
701	744	740	2	-1	-1	-1	0
715	714	756	2	-1	-1	-1	0
701	743	744	2	-1	-1	-1	0
702	745	743	2	-1	-1	-1	0
742	746	702	2	-1	-1	-1	0
717	716	758	2	-1	-1	-1	0
704	741	747	2	-1	-1	-1	0
746	745	702	2	-1	-1	-1	0
720	717	759	2	-1	-1	-1	0
733	731	732	2	-1	-1	-1	0
718	719	761	2	-1	-1	-1	0
747	748	705	2	-1	-1	-1	0
722	762	719	2	-1	-1	-1	0
721	720	764	2	-1	-1	-1	0
751	707	748	2	-1	-1	-1	0
707	750	749	2	-1	-1	-1	0
707	751	750	2	-1	-1	-1	0
709	749	752	2	-1	-1	-1	0
721	767	724	2	-1	-1	-1	0
768	722	723	2	-1	-1	-1	0
752	753	711	2	-1	-1	-1	0
724	770	723	2	-1	-1	-1	0
713	754	755	2	-1	-1	-1	0
753	756	714	2	-1	-1	-1	0
726	771	727	2	-1	-1	-1	0
757	754	715	2	-1	-1	-1	0
729	727	771	2	-1	-1	-1	0
756	757	715	2	-1	-1	-1	0
755	758	716	2	-1	-1	-1	0
772	728	730	2	-1	-1	-1	0
773	730	729	2	-1	-1	-1	0
732	728	772	2	-1	-1	-1	0
717	758	759	2	-1	-1	-1	0
760	718	761	2	-1	-1	-1	0
763	720	759	2	-1	-1	-1	0
732	777	733	2	-1	-1	-1	0
719	762	761	2	-1	-1	-1	0
777	734	733	2	-1	-1	-1	0
720	763	764	2	-1	-1	-1	0
734	778	738	2	-1	-1	-1	0
721	764	765	2	-1	-1	-1	0
779	736	735	2	-1	-1	-1	0
737	779	735	2	-1	-1	-1	0
768	762	722	2	-1	-1	-1	0
721	765	766	2	-1	-1	-1	0
721	766	767	2	-1	-1	-1	0
739	736	780	2	-1	-1	-1	0
737	738	783	2	-1	-1	-1	0
768	723	769	2	-1	-1	-1	0
767	770	724	2	-1	-1	-1	0
739	780	742	2	-1	-1	-1	0
769	723	770	2	-1	-1	-1	0
741	740	786	2	-1	-1	-1	0
740	744	785	2	-1	-1	-1	0
729	771	773	2	-1	-1	-1	0
747	741	786	2	-1	-1	-1	0
742	787	746	2	-1	-1	-1	0
788	744	743	2	-1	-1	-1	0
743	745	788	2	-1	-1	-1	0
730	773	774	2	-1	-1	-1	0
772	730	775	2	-1	-1	-1	0
730	774	775	2	-1	-1	-1	0
732	772	776	2	-1	-1	-1	0
763	759	758	2	-1	-1	-1	0
746	790	745	2	-1	-1	-1	0
732	776	777	2	-1	-1	-1	0
748	747	794	2	-1	-1	-1	0
778	734	777	2	-1	-1	-1	0
794	751	748	2	-1	-1	-1	0
795	749	750	2	-1	-1	-1	0
781	736	779	2	-1	-1	-1	0
795	752	749	2	-1	-1	-1	0
751	796	750	2	-1	-1	-1	0
781	780	736	2	-1	-1	-1	0
779	737	782	2	-1	-1	-1	0
784	738	778	2	-1	-1	-1	0
782	737	783	2	-1	-1	-1	0
798	753	752	2	-1	-1	-1	0
783	738	784	2	-1	-1	-1	0
753	799	756	2	-1	-1	-1	0
780	787	742	2	-1	-1	-1	0
754	801	755	2	-1	-1	-1	0
754	757	800	2	-1	-1	-1	0
740	785	786	2	-1	-1	-1	0
802	758	755	2	-1	-1	-1	0
757	756	804	2	-1	-1	-1	0
789	785	744	2	-1	-1	-1	0
789	744	788	2	-1	-1	-1	0
802	763	758	2	-1	-1	-1	0
788	745	791	2	-1	-1	-1	0
792	746	787	2	-1	-1	-1	0
745	790	791	2	-1	-1	-1	0
786	794	747	2	-1	-1	-1	0
761	807	760	2	-1	-1	-1	0
790	746	793	2	-1	-1	-1	0
761	762	807	2	-1	-1	-1	0
792	793	746	2	-1	-1	-1	0
763	810	764	2	-1	-1	-1	0
768	809	762	2	-1	-1	-1	0
811	765	764	2	-1	-1	-1	0
796	795	750	2	-1	-1	-1	0
794	797	751	2	-1	-1	-1	0
766	765	811	2	-1	-1	-1	0
751	797	796	2	-1	-1	-1	0
798	752	795	2	-1	-1	-1	0
766	813	767	2	-1	-1	-1	0
799	753	798	2	-1	-1	-1	0
767	814	770	2	-1	-1	-1	0
769	815	768	2	-1	-1	-1	0
754	800	801	2	-1	-1	-1	0
816	769	770	2	-1	-1	-1	0
755	801	802	2	-1	-1	-1	0
799	805	756	2	-1	-1	-1	0
757	804	800	2	-1	-1	-1	0
804	756	803	2	-1	-1	-1	0
805	803	756	2	-1	-1	-1	0
772	775	817	2	-1	-1	-1	0
817	776	772	2	-1	-1	-1	0
774	818	775	2	-1	-1	-1	0
776	820	777	2	-1	-1	-1	0
807	806	760	2	-1	-1	-1	0
802	810	763	2	-1	-1	-1	0
777	821	778	2	-1	-1	-1	0
762	808	807	2	-1	-1	-1	0
808	762	809	2	-1	-1	-1	0
779	822	781	2	-1	-1	-1	0
821	784	778	2	-1	-1	-1	0
782	822	779	2	-1	-1	-1	0
780	781	823	2	-1	-1	-1	0
811	764	810	2	-1	-1	-1	0
811	812	766	2	-1	-1	-1	0
780	823	787	2	-1	-1	-1	0
782	783	825	2	-1	-1	-1	0
813	766	812	2	-1	-1	-1	0
768	815	809	2	-1	-1	-1	0
784	826	783	2	-1	-1	-1	0
813	814	767	2	-1	-1	-1	0
785	828	786	2	-1	-1	-1	0
816	815	769	2	-1	-1	-1	0
770	814	816	2	-1	-1	-1	0
785	789	828	2	-1	-1	-1	0
792	787	823	2	-1	-1	-1	0
789	788	829	2	-1	-1	-1	0
828	794	786	2	-1	-1	-1	0
791	829	788	2	-1	-1	-1	0
818	817	775	2	-1	-1	-1	0
817	819	776	2	-1	-1	-1	0
791	790	831	2	-1	-1	-1	0
793	831	790	2	-1	-1	-1	0
776	819	820	2	-1	-1	-1	0
820	821	777	2	-1	-1	-1	0
793	792	834	2	-1	-1	-1	0
824	781	822	2	-1	-1	-1	0
823	781	824	2	-1	-1	-1	0
794	837	797	2	-1	-1	-1	0
838	795	796	2	-1	-1	-1	0
825	822	782	2	-1	-1	-1	0
838	798	795	2	-1	-1	-1	0
784	821	827	2	-1	-1	-1	0
796	797	840	2	-1	-1	-1	0
826	825	783	2	-1	-1	-1	0
826	784	827	2	-1	-1	-1	0
792	823	824	2	-1	-1	-1	0
843	799	798	2	-1	-1	-1	0
844	801	800	2	-1	-1	-1	0
805	799	843	2	-1	-1	-1	0
828	789	830	2	-1	-1	-1	0
829	830	789	2	-1	-1	-1	0
846	802	801	2	-1	-1	-1	0
845	800	804	2	-1	-1	-1	0
792	824	834	2	-1	-1	-1	0
829	791	833	2	-1	-1	-1	0
791	831	832	2	-1	-1	-1	0
791	832	833	2	-1	-1	-1	0
803	849	804	2	-1	-1	-1	0
805	848	803	2	-1	-1	-1	0
828	837	794	2	-1	-1	-1	0
802	847	810	2	-1	-1	-1	0
835	831	793	2	-1	-1	-1	0
793	834	836	2	-1	-1	-1	0
835	793	836	2	-1	-1	-1	0
807	853	806	2	-1	-1	-1	0
807	808	853	2	-1	-1	-1	0
808	809	854	2	-1	-1	-1	0
839	838	796	2	-1	-1	-1	0
840	839	796	2	-1	-1	-1	0
841	797	837	2	-1	-1	-1	0
811	810	856	2	-1	-1	-1	0
798	838	842	2	-1	-1	-1	0
797	841	840	2	-1	-1	-1	0
815	855	809	2	-1	-1	-1	0
811	857	812	2	-1	-1	-1	0
798	842	843	2	-1	-1	-1	0
813	812	859	2	-1	-1	-1	0
813	861	814	2	-1	-1	-1	0
844	800	845	2	-1	-1	-1	0
801	844	846	2	-1	-1	-1	0
814	861	816	2	-1	-1	-1	0
862	815	816	2	-1	-1	-1	0
802	846	847	2	-1	-1	-1	0
818	863	817	2	-1	-1	-1	0
849	845	804	2	-1	-1	-1	0
805	843	851	2	-1	-1	-1	0
817	864	819	2	-1	-1	-1	0
849	803	848	2	-1	-1	-1	0
805	850	848	2	-1	-1	-1	0
865	820	819	2	-1	-1	-1	0
805	851	850	2	-1	-1	-1	0
821	820	867	2	-1	-1	-1	0
853	852	806	2	-1	-1	-1	0
856	810	847	2	-1	-1	-1	0
854	853	808	2	-1	-1	-1	0
825	869	822	2	-1	-1	-1	0
822	870	824	2	-1	-1	-1	0
868	827	821	2	-1	-1	-1	0
809	855	854	2	-1	-1	-1	0
826	872	825	2	-1	-1	-1	0
811	856	858	2	-1	-1	-1	0
857	811	858	2	-1	-1	-1	0
874	826	827	2	-1	-1	-1	0
812	857	859	2	-1	-1	-1	0
871	834	824	2	-1	-1	-1	0
860	813	859	2	-1	-1	-1	0
815	862	855	2	-1	-1	-1	0
861	813	860	2	-1	-1	-1	0
830	876	828	2	-1	-1	-1	0
878	830	829	2	-1	-1	-1	0
862	816	861	2	-1	-1	-1	0
877	829	833	2	-1	-1	-1	0
871	836	834	2	-1	-1	-1	0
837	828	876	2	-1	-1	-1	0
832	831	880	2	-1	-1	-1	0
863	864	817	2	-1	-1	-1	0
831	835	879	2	-1	-1	-1	0
833	832	881	2	-1	-1	-1	0
866	819	864	2	-1	-1	-1	0
819	866	865	2	-1	-1	-1	0
865	867	820	2	-1	-1	-1	0
841	837	876	2	-1	-1	-1	0
835	836	883	2	-1	-1	-1	0
821	867	868	2	-1	-1	-1	0
869	870	822	2	-1	-1	-1	0
839	885	838	2	-1	-1	-1	0
885	842	838	2	-1	-1	-1	0
824	870	871	2	-1	-1	-1	0
840	887	839	2	-1	-1	-1	0
869	825	872	2	-1	-1	-1	0
888	840	841	2	-1	-1	-1	0
874	827	868	2	-1	-1	-1	0
874	873	826	2	-1	-1	-1	0
826	875	872	2	-1	-1	-1	0
826	873	875	2	-1	-1	-1	0
890	843	842	2	-1	-1	-1	0
892	844	845	2	-1	-1	-1	0
844	892	846	2	-1	-1	-1	0
878	876	830	2	-1	-1	-1	0
878	829	877	2	-1	-1	-1	0
843	891	851	2	-1	-1	-1	0
846	892	847	2	-1	-1	-1	0
845	849	893	2	-1	-1	-1	0
831	879	880	2	-1	-1	-1	0
881	877	833	2	-1	-1	-1	0
871	884	836	2	-1	-1	-1	0
881	832	880	2	-1	-1	-1	0
848	850	897	2	-1	-1	-1	0
898	849	848	2	-1	-1	-1	0
835	882	879	2	-1	-1	-1	0
896	856	847	2	-1	-1	-1	0
850	851	899	2	-1	-1	-1	0
835	883	882	2	-1	-1	-1	0
836	884	883	2	-1	-1	-1	0
841	876	889	2	-1	-1	-1	0
852	853	902	2	-1	-1	-1	0
902	853	854	2	-1	-1	-1	0
886	885	839	2	-1	-1	-1	0
886	839	887	2	-1	-1	-1	0
904	854	855	2	-1	-1	-1	0
888	887	840	2	-1	-1	-1	0
842	885	890	2	-1	-1	-1	0
889	888	841	2	-1	-1	-1	0
856	906	858	2	-1	-1	-1	0
905	855	862	2	-1	-1	-1	0
857	858	908	2	-1	-1	-1	0
859	857	907	2	-1	-1	-1	0
891	843	890	2	-1	-1	-1	0
910	860	859	2	-1	-1	-1	0
893	894	845	2	-1	-1	-1	0
911	861	860	2	-1	-1	-1	0
845	895	892	2	-1	-1	-1	0
895	845	894	2	-1	-1	-1	0
847	892	896	2	-1	-1	-1	0
862	861	912	2	-1	-1	-1	0
893	849	898	2	-1	-1	-1	0
864	863	913	2	-1	-1	-1	0
851	891	900	2	-1	-1	-1	0
898	848	897	2	-1	-1	-1	0
876	878	889	2	-1	-1	-1	0
864	914	866	2	-1	-1	-1	0
897	850	899	2	-1	-1	-1	0
915	865	866	2	-1	-1	-1	0
865	915	867	2	-1	-1	-1	0
851	900	899	2	-1	-1	-1	0
868	867	917	2	-1	-1	-1	0
901	852	903	2	-1	-1	-1	0
903	852	902	2	-1	-1	-1	0
896	906	856	2	-1	-1	-1	0
920	870	869	2	-1	-1	-1	0
904	902	854	2	-1	-1	-1	0
890	885	886	2	-1	-1	-1	0
868	919	874	2	-1	-1	-1	0
920	869	872	2	-1	-1	-1	0
871	870	921	2	-1	-1	-1	0
905	904	855	2	-1	-1	-1	0
923	872	875	2	-1	-1	-1	0
924	873	874	2	-1	-1	-1	0
908	907	857	2	-1	-1	-1	0
858	906	909	2	-1	-1	-1	0
875	873	925	2	-1	-1	-1	0
909	908	858	2	-1	-1	-1	0
910	859	907	2	-1	-1	-1	0
871	922	884	2	-1	-1	-1	0
862	912	905	2	-1	-1	-1	0
911	860	910	2	-1	-1	-1	0
877	928	878	2	-1	-1	-1	0
911	912	861	2	-1	-1	-1	0
898	894	893	2	-1	-1	-1	0
928	877	881	2	-1	-1	-1	0
879	930	880	2	-1	-1	-1	0
930	879	882	2	-1	-1	-1	0
914	864	913	2	-1	-1	-1	0
932	881	880	2	-1	-1	-1	0
878	929	889	2	-1	-1	-1	0
866	914	916	2	-1	-1	-1	0
916	915	866	2	-1	-1	-1	0
934	882	883	2	-1	-1	-1	0
915	918	867	2	-1	-1	-1	0
918	917	867	2	-1	-1	-1	0
884	935	883	2	-1	-1	-1	0
868	917	919	2	-1	-1	-1	0
902	904	903	2	-1	-1	-1	0
870	920	921	2	-1	-1	-1	0
887	938	886	2	-1	-1	-1	0
871	921	922	2	-1	-1	-1	0
940	887	888	2	-1	-1	-1	0
872	923	920	2	-1	-1	-1	0
939	890	886	2	-1	-1	-1	0
874	919	924	2	-1	-1	-1	0
941	888	889	2	-1	-1	-1	0
925	873	924	2	-1	-1	-1	0
890	942	891	2	-1	-1	-1	0
927	923	875	2	-1	-1	-1	0
875	925	926	2	-1	-1	-1	0
875	926	927	2	-1	-1	-1	0
892	895	944	2	-1	-1	-1	0
896	892	944	2	-1	-1	-1	0
943	900	891	2	-1	-1	-1	0
878	928	929	2	-1	-1	-1	0
894	946	895	2	-1	-1	-1	0
898	945	894	2	-1	-1	-1	0
881	932	928	2	-1	-1	-1	0
930	931	880	2	-1	-1	-1	0
937	884	922	2	-1	-1	-1	0
949	898	897	2	-1	-1	-1	0
880	931	933	2	-1	-1	-1	0
949	897	899	2	-1	-1	-1	0
933	932	880	2	-1	-1	-1	0
882	934	930	2	-1	-1	-1	0
900	950	899	2	-1	-1	-1	0
906	896	948	2	-1	-1	-1	0
883	936	934	2	-1	-1	-1	0
883	935	936	2	-1	-1	-1	0
884	937	935	2	-1	-1	-1	0
954	901	903	2	-1	-1	-1	0
889	929	941	2	-1	-1	-1	0
903	904	955	2	-1	-1	-1	0
886	938	939	2	-1	-1	-1	0
905	955	904	2	-1	-1	-1	0
887	940	938	2	-1	-1	-1	0
888	941	940	2	-1	-1	-1	0
942	890	939	2	-1	-1	-1	0
906	958	909	2	-1	-1	-1	0
959	907	908	2	-1	-1	-1	0
912	957	905	2	-1	-1	-1	0
942	943	891	2	-1	-1	-1	0
959	910	907	2	-1	-1	-1	0
908	909	961	2	-1	-1	-1	0
910	963	911	2	-1	-1	-1	0
946	894	945	2	-1	-1	-1	0
947	944	895	2	-1	-1	-1	0
896	944	948	2	-1	-1	-1	0
965	912	911	2	-1	-1	-1	0
947	895	946	2	-1	-1	-1	0
949	945	898	2	-1	-1	-1	0
913	966	914	2	-1	-1	-1	0
952	900	943	2	-1	-1	-1	0
966	916	914	2	-1	-1	-1	0
967	915	916	2	-1	-1	-1	0
899	951	949	2	-1	-1	-1	0
950	951	899	2	-1	-1	-1	0
969	918	915	2	-1	-1	-1	0
900	952	950	2	-1	-1	-1	0
917	918	970	2	-1	-1	-1	0
919	917	970	2	-1	-1	-1	0
953	901	954	2	-1	-1	-1	0
948	958	906	2	-1	-1	-1	0
954	903	955	2	-1	-1	-1	0
920	974	921	2	-1	-1	-1	0
905	956	955	2	-1	-1	-1	0
924	919	973	2	-1	-1	-1	0
974	920	923	2	-1	-1	-1	0
956	905	957	2	-1	-1	-1	0
921	975	922	2	-1	-1	-1	0
973	925	924	2	-1	-1	-1	0
927	974	923	2	-1	-1	-1	0
908	960	959	2	-1	-1	-1	0
961	909	958	2	-1	-1	-1	0
925	977	926	2	-1	-1	-1	0
961	960	908	2	-1	-1	-1	0
926	979	927	2	-1	-1	-1	0
910	959	964	2	-1	-1	-1	0
965	957	912	2	-1	-1	-1	0
962	963	910	2	-1	-1	-1	0
976	937	922	2	-1	-1	-1	0
910	964	962	2	-1	-1	-1	0
947	948	944	2	-1	-1	-1	0
911	963	965	2	-1	-1	-1	0
929	928	982	2	-1	-1	-1	0
928	932	981	2	-1	-1	-1	0
983	931	930	2	-1	-1	-1	0
932	933	981	2	-1	-1	-1	0
930	934	984	2	-1	-1	-1	0
931	985	933	2	-1	-1	-1	0
916	966	967	2	-1	-1	-1	0
915	967	968	2	-1	-1	-1	0
915	968	969	2	-1	-1	-1	0
982	941	929	2	-1	-1	-1	0
934	936	987	2	-1	-1	-1	0
918	969	971	2	-1	-1	-1	0
935	988	936	2	-1	-1	-1	0
918	971	970	2	-1	-1	-1	0
937	988	935	2	-1	-1	-1	0
972	919	970	2	-1	-1	-1	0
973	919	972	2	-1	-1	-1	0
991	939	938	2	-1	-1	-1	0
940	992	938	2	-1	-1	-1	0
975	921	974	2	-1	-1	-1	0
975	976	922	2	-1	-1	-1	0
939	993	942	2	-1	-1	-1	0
973	977	925	2	-1	-1	-1	0
995	940	941	2	-1	-1	-1	0
974	927	975	2	-1	-1	-1	0
943	942	993	2	-1	-1	-1	0
926	977	978	2	-1	-1	-1	0
975	927	979	2	-1	-1	-1	0
926	978	979	2	-1	-1	-1	0
998	946	945	2	-1	-1	-1	0
980	928	981	2	-1	-1	-1	0
980	982	928	2	-1	-1	-1	0
943	997	952	2	-1	-1	-1	0
999	947	946	2	-1	-1	-1	0
949	998	945	2	-1	-1	-1	0
1001	948	947	2	-1	-1	-1	0
984	983	930	2	-1	-1	-1	0
931	983	985	2	-1	-1	-1	0
981	933	986	2	-1	-1	-1	0
976	988	937	2	-1	-1	-1	0
949	951	1002	2	-1	-1	-1	0
951	950	1003	2	-1	-1	-1	0
985	986	933	2	-1	-1	-1	0
952	1003	950	2	-1	-1	-1	0
934	987	984	2	-1	-1	-1	0
1001	958	948	2	-1	-1	-1	0
936	988	989	2	-1	-1	-1	0
987	936	990	2	-1	-1	-1	0
936	989	990	2	-1	-1	-1	0
954	1009	953	2	-1	-1	-1	0
954	955	1009	2	-1	-1	-1	0
996	941	982	2	-1	-1	-1	0
991	938	992	2	-1	-1	-1	0
1010	955	956	2	-1	-1	-1	0
957	1011	956	2	-1	-1	-1	0
939	991	994	2	-1	-1	-1	0
939	994	993	2	-1	-1	-1	0
940	995	992	2	-1	-1	-1	0
996	995	941	2	-1	-1	-1	0
961	958	1013	2	-1	-1	-1	0
997	943	993	2	-1	-1	-1	0
959	960	1014	2	-1	-1	-1	0
957	965	1012	2	-1	-1	-1	0
1014	964	959	2	-1	-1	-1	0
961	1016	960	2	-1	-1	-1	0
1012	965	963	2	-1	-1	-1	0
963	962	1017	2	-1	-1	-1	0
999	946	998	2	-1	-1	-1	0
1018	962	964	2	-1	-1	-1	0
947	999	1000	2	-1	-1	-1	0
1000	1001	947	2	-1	-1	-1	0
998	949	1002	2	-1	-1	-1	0
1006	952	997	2	-1	-1	-1	0
951	1004	1002	2	-1	-1	-1	0
968	1020	969	2	-1	-1	-1	0
1005	951	1003	2	-1	-1	-1	0
1005	1004	951	2	-1	-1	-1	0
971	969	1020	2	-1	-1	-1	0
1006	1003	952	2	-1	-1	-1	0
970	971	1021	2	-1	-1	-1	0
1021	972	970	2	-1	-1	-1	0
953	1008	1007	2	-1	-1	-1	0
973	972	1024	2	-1	-1	-1	0
1009	1008	953	2	-1	-1	-1	0
958	1001	1013	2	-1	-1	-1	0
1010	1009	955	2	-1	-1	-1	0
977	973	1025	2	-1	-1	-1	0
975	1026	976	2	-1	-1	-1	0
1010	956	1011	2	-1	-1	-1	0
1025	978	977	2	-1	-1	-1	0
957	1012	1011	2	-1	-1	-1	0
1026	975	979	2	-1	-1	-1	0
979	978	1029	2	-1	-1	-1	0
960	1015	1014	2	-1	-1	-1	0
1016	961	1013	2	-1	-1	-1	0
1027	988	976	2	-1	-1	-1	0
1016	1015	960	2	-1	-1	-1	0
982	980	1030	2	-1	-1	-1	0
1012	963	1017	2	-1	-1	-1	0
981	1031	980	2	-1	-1	-1	0
1019	964	1014	2	-1	-1	-1	0
1018	1017	962	2	-1	-1	-1	0
981	986	1031	2	-1	-1	-1	0
983	984	1032	2	-1	-1	-1	0
1018	964	1019	2	-1	-1	-1	0
983	1033	985	2	-1	-1	-1	0
986	985	1033	2	-1	-1	-1	0
1027	989	988	2	-1	-1	-1	0
987	1034	984	2	-1	-1	-1	0
1030	996	982	2	-1	-1	-1	0
987	990	1034	2	-1	-1	-1	0
971	1020	1022	2	-1	-1	-1	0
1023	1021	971	2	-1	-1	-1	0
989	1037	990	2	-1	-1	-1	0
1023	971	1022	2	-1	-1	-1	0
972	1021	1024	2	-1	-1	-1	0
973	1024	1025	2	-1	-1	-1	0
991	992	1040	2	-1	-1	-1	0
994	991	1040	2	-1	-1	-1	0
992	995	1041	2	-1	-1	-1	0
976	1026	1027	2	-1	-1	-1	0
994	1042	993	2	-1	-1	-1	0
1025	1028	978	2	-1	-1	-1	0
997	993	1042	2	-1	-1	-1	0
1026	979	1029	2	-1	-1	-1	0
978	1028	1029	2	-1	-1	-1	0
996	1045	995	2	-1	-1	-1	0
1030	980	1031	2	-1	-1	-1	0
998	1048	999	2	-1	-1	-1	0
999	1049	1000	2	-1	-1	-1	0
983	1032	1033	2	-1	-1	-1	0
1048	998	1002	2	-1	-1	-1	0
997	1047	1006	2	-1	-1	-1	0
1032	984	1034	2	-1	-1	-1	0
1001	1000	1051	2	-1	-1	-1	0
986	1035	1031	2	-1	-1	-1	0
989	1027	1037	2	-1	-1	-1	0
1036	986	1033	2	-1	-1	-1	0
1036	1035	986	2	-1	-1	-1	0
1052	1002	1004	2	-1	-1	-1	0
1054	1005	1003	2	-1	-1	-1	0
1034	990	1038	2	-1	-1	-1	0
1003	1006	1054	2	-1	-1	-1	0
1055	1004	1005	2	-1	-1	-1	0
1001	1051	1013	2	-1	-1	-1	0
990	1037	1039	2	-1	-1	-1	0
1039	1038	990	2	-1	-1	-1	0
1046	996	1030	2	-1	-1	-1	0
992	1041	1040	2	-1	-1	-1	0
1059	1007	1008	2	-1	-1	-1	0
1043	994	1040	2	-1	-1	-1	0
1008	1009	1060	2	-1	-1	-1	0
1016	1013	1051	2	-1	-1	-1	0
994	1044	1042	2	-1	-1	-1	0
1010	1061	1009	2	-1	-1	-1	0
1043	1044	994	2	-1	-1	-1	0
1045	1041	995	2	-1	-1	-1	0
1011	1062	1010	2	-1	-1	-1	0
1063	1011	1012	2	-1	-1	-1	0
1047	997	1042	2	-1	-1	-1	0
996	1046	1045	2	-1	-1	-1	0
1012	1017	1064	2	-1	-1	-1	0
1015	1065	1014	2	-1	-1	-1	0
999	1048	1049	2	-1	-1	-1	0
1067	1015	1016	2	-1	-1	-1	0
1019	1014	1065	2	-1	-1	-1	0
1049	1050	1000	2	-1	-1	-1	0
1064	1017	1018	2	-1	-1	-1	0
1051	1000	1050	2	-1	-1	-1	0
1048	1002	1053	2	-1	-1	-1	0
1069	1018	1019	2	-1	-1	-1	0
1053	1002	1052	2	-1	-1	-1	0
1047	1057	1006	2	-1	-1	-1	0
1055	1052	1004	2	-1	-1	-1	0
1054	1056	1005	2	-1	-1	-1	0
1023	1072	1021	2	-1	-1	-1	0
1055	1005	1056	2	-1	-1	-1	0
1057	1054	1006	2	-1	-1	-1	0
1073	1024	1021	2	-1	-1	-1	0
1023	1022	1074	2	-1	-1	-1	0
1059	1058	1007	2	-1	-1	-1	0
1025	1024	1075	2	-1	-1	-1	0
1060	1059	1008	2	-1	-1	-1	0
1028	1025	1076	2	-1	-1	-1	0
1009	1061	1060	2	-1	-1	-1	0
1026	1078	1027	2	-1	-1	-1	0
1029	1077	1026	2	-1	-1	-1	0
1061	1010	1062	2	-1	-1	-1	0
1047	1042	1044	2	-1	-1	-1	0
1016	1051	1068	2	-1	-1	-1	0
1063	1062	1011	2	-1	-1	-1	0
1079	1029	1028	2	-1	-1	-1	0
1012	1064	1063	2	-1	-1	-1	0
1037	1027	1078	2	-1	-1	-1	0
1030	1031	1081	2	-1	-1	-1	0
1066	1065	1015	2	-1	-1	-1	0
1033	1032	1082	2	-1	-1	-1	0
1081	1031	1035	2	-1	-1	-1	0
1066	1015	1067	2	-1	-1	-1	0
1032	1034	1083	2	-1	-1	-1	0
1053	1049	1048	2	-1	-1	-1	0
1016	1068	1067	2	-1	-1	-1	0
1064	1018	1069	2	-1	-1	-1	0
1033	1084	1036	2	-1	-1	-1	0
1019	1065	1070	2	-1	-1	-1	0
1038	1083	1034	2	-1	-1	-1	0
1036	1085	1035	2	-1	-1	-1	0
1081	1046	1030	2	-1	-1	-1	0
1071	1069	1019	2	-1	-1	-1	0
1070	1071	1019	2	-1	-1	-1	0
1087	1039	1037	2	-1	-1	-1	0
1089	1038	1039	2	-1	-1	-1	0
1073	1021	1072	2	-1	-1	-1	0
1050	1068	1051	2	-1	-1	-1	0
1072	1023	1074	2	-1	-1	-1	0
1073	1075	1024	2	-1	-1	-1	0
1091	1040	1041	2	-1	-1	-1	0
1043	1040	1091	2	-1	-1	-1	0
1025	1075	1076	2	-1	-1	-1	0
1092	1041	1045	2	-1	-1	-1	0
1043	1093	1044	2	-1	-1	-1	0
1026	1077	1078	2	-1	-1	-1	0
1092	1045	1046	2	-1	-1	-1	0
1079	1028	1076	2	-1	-1	-1	0
1044	1094	1047	2	-1	-1	-1	0
1077	1029	1080	2	-1	-1	-1	0
1080	1029	1079	2	-1	-1	-1	0
1049	1098	1050	2	-1	-1	-1	0
1083	1082	1032	2	-1	-1	-1	0
1084	1033	1082	2	-1	-1	-1	0
1057	1047	1097	2	-1	-1	-1	0
1081	1035	1085	2	-1	-1	-1	0
1053	1099	1049	2	-1	-1	-1	0
1078	1088	1037	2	-1	-1	-1	0
1052	1100	1053	2	-1	-1	-1	0
1084	1086	1036	2	-1	-1	-1	0
1100	1052	1055	2	-1	-1	-1	0
1085	1036	1086	2	-1	-1	-1	0
1089	1083	1038	2	-1	-1	-1	0
1054	1102	1056	2	-1	-1	-1	0
1087	1037	1088	2	-1	-1	-1	0
1057	1102	1054	2	-1	-1	-1	0
1104	1055	1056	2	-1	-1	-1	0
1039	1087	1090	2	-1	-1	-1	0
1050	1098	1068	2	-1	-1	-1	0
1089	1039	1090	2	-1	-1	-1	0
1095	1046	1081	2	-1	-1	-1	0
1041	1092	1091	2	-1	-1	-1	0
1109	1058	1059	2	-1	-1	-1	0
1093	1043	1091	2	-1	-1	-1	0
1094	1044	1093	2	-1	-1	-1	0
1060	1109	1059	2	-1	-1	-1	0
1111	1060	1061	2	-1	-1	-1	0
1046	1096	1092	2	-1	-1	-1	0
1112	1061	1062	2	-1	-1	-1	0
1095	1096	1046	2	-1	-1	-1	0
1063	1112	1062	2	-1	-1	-1	0
1097	1047	1094	2	-1	-1	-1	0
1064	1113	1063	2	-1	-1	-1	0
1066	1115	1065	2	-1	-1	-1	0
1113	1064	1069	2	-1	-1	-1	0
1049	1099	1098	2	-1	-1	-1	0
1065	1114	1070	2	-1	-1	-1	0
1067	1116	1066	2	-1	-1	-1	0
1118	1067	1068	2	-1	-1	-1	0
1101	1099	1053	2	-1	-1	-1	0
1100	1101	1053	2	-1	-1	-1	0
1100	1055	1103	2	-1	-1	-1	0
1097	1106	1057	2	-1	-1	-1	0
1071	1121	1069	2	-1	-1	-1	0
1103	1055	1104	2	-1	-1	-1	0
1105	1056	1102	2	-1	-1	-1	0
1105	1104	1056	2	-1	-1	-1	0
1070	1123	1071	2	-1	-1	-1	0
1102	1057	1107	2	-1	-1	-1	0
1057	1106	1107	2	-1	-1	-1	0
1126	1073	1072	2	-1	-1	-1	0
1072	1074	1126	2	-1	-1	-1	0
1109	1108	1058	2	-1	-1	-1	0
1073	1128	1075	2	-1	-1	-1	0
1109	1060	1110	2	-1	-1	-1	0
1076	1075	1129	2	-1	-1	-1	0
1060	1111	1110	2	-1	-1	-1	0
1111	1061	1112	2	-1	-1	-1	0
1130	1079	1076	2	-1	-1	-1	0
1131	1078	1077	2	-1	-1	-1	0
1120	1068	1098	2	-1	-1	-1	0
1112	1063	1113	2	-1	-1	-1	0
1077	1080	1131	2	-1	-1	-1	0
1134	1080	1079	2	-1	-1	-1	0
1115	1114	1065	2	-1	-1	-1	0
1088	1078	1132	2	-1	-1	-1	0
1066	1117	1115	2	-1	-1	-1	0
1117	1066	1116	2	-1	-1	-1	0
1067	1119	1116	2	-1	-1	-1	0
1081	1085	1137	2	-1	-1	-1	0
1113	1069	1121	2	-1	-1	-1	0
1118	1119	1067	2	-1	-1	-1	0
1139	1082	1083	2	-1	-1	-1	0
1068	1120	1118	2	-1	-1	-1	0
1140	1084	1082	2	-1	-1	-1	0
1114	1122	1070	2	-1	-1	-1	0
1084	1140	1086	2	-1	-1	-1	0
1139	1083	1089	2	-1	-1	-1	0
1085	1086	1141	2	-1	-1	-1	0
1081	1138	1095	2	-1	-1	-1	0
1107	1105	1102	2	-1	-1	-1	0
1123	1070	1122	2	-1	-1	-1	0
1071	1125	1121	2	-1	-1	-1	0
1088	1143	1087	2	-1	-1	-1	0
1123	1124	1071	2	-1	-1	-1	0
1071	1124	1125	2	-1	-1	-1	0
1144	1090	1087	2	-1	-1	-1	0
1126	1127	1073	2	-1	-1	-1	0
1090	1148	1089	2	-1	-1	-1	0
1128	1073	1127	2	-1	-1	-1	0
1075	1128	1129	2	-1	-1	-1	0
1091	1092	1149	2	-1	-1	-1	0
1149	1093	1091	2	-1	-1	-1	0
1076	1129	1130	2	-1	-1	-1	0
1096	1150	1092	2	-1	-1	-1	0
1151	1094	1093	2	-1	-1	-1	0
1078	1131	1132	2	-1	-1	-1	0
1130	1133	1079	2	-1	-1	-1	0
1094	1152	1097	2	-1	-1	-1	0
1153	1096	1095	2	-1	-1	-1	0
1133	1135	1079	2	-1	-1	-1	0
1136	1131	1080	2	-1	-1	-1	0
1079	1135	1134	2	-1	-1	-1	0
1080	1134	1136	2	-1	-1	-1	0
1154	1098	1099	2	-1	-1	-1	0
1106	1097	1152	2	-1	-1	-1	0
1155	1099	1101	2	-1	-1	-1	0
1137	1138	1081	2	-1	-1	-1	0
1100	1156	1101	2	-1	-1	-1	0
1103	1156	1100	2	-1	-1	-1	0
1139	1140	1082	2	-1	-1	-1	0
1137	1085	1141	2	-1	-1	-1	0
1088	1132	1145	2	-1	-1	-1	0
1159	1103	1104	2	-1	-1	-1	0
1086	1140	1142	2	-1	-1	-1	0
1086	1142	1141	2	-1	-1	-1	0
1105	1161	1104	2	-1	-1	-1	0
1154	1120	1098	2	-1	-1	-1	0
1143	1144	1087	2	-1	-1	-1	0
1107	1162	1105	2	-1	-1	-1	0
1089	1147	1139	2	-1	-1	-1	0
1106	1164	1107	2	-1	-1	-1	0
1146	1143	1088	2	-1	-1	-1	0
1088	1145	1146	2	-1	-1	-1	0
1148	1090	1144	2	-1	-1	-1	0
1108	1109	1166	2	-1	-1	-1	0
1089	1148	1147	2	-1	-1	-1	0
1166	1109	1110	2	-1	-1	-1	0
1095	1138	1153	2	-1	-1	-1	0
1110	1111	1167	2	-1	-1	-1	0
1150	1149	1092	2	-1	-1	-1	0
1112	1169	1111	2	-1	-1	-1	0
1093	1149	1151	2	-1	-1	-1	0
1170	1112	1113	2	-1	-1	-1	0
1094	1151	1152	2	-1	-1	-1	0
1150	1096	1153	2	-1	-1	-1	0
1114	1115	1173	2	-1	-1	-1	0
1170	1113	1121	2	-1	-1	-1	0
1117	1174	1115	2	-1	-1	-1	0
1117	1116	1175	2	-1	-1	-1	0
1099	1155	1154	2	-1	-1	-1	0
1122	1114	1172	2	-1	-1	-1	0
1145	1132	1131	2	-1	-1	-1	0
1119	1175	1116	2	-1	-1	-1	0
1101	1157	1155	2	-1	-1	-1	0
1118	1177	1119	2	-1	-1	-1	0
1120	1177	1118	2	-1	-1	-1	0
1101	1156	1158	2	-1	-1	-1	0
1158	1157	1101	2	-1	-1	-1	0
1160	1156	1103	2	-1	-1	-1	0
1159	1160	1103	2	-1	-1	-1	0
1164	1106	1152	2	-1	-1	-1	0
1159	1104	1161	2	-1	-1	-1	0
1121	1125	1180	2	-1	-1	-1	0
1123	1122	1181	2	-1	-1	-1	0
1163	1161	1105	2	-1	-1	-1	0
1182	1124	1123	2	-1	-1	-1	0
1105	1162	1163	2	-1	-1	-1	0
1125	1124	1183	2	-1	-1	-1	0
1162	1107	1164	2	-1	-1	-1	0
1166	1165	1108	2	-1	-1	-1	0
1127	1186	1128	2	-1	-1	-1	0
1186	1129	1128	2	-1	-1	-1	0
1110	1168	1166	2	-1	-1	-1	0
1168	1110	1167	2	-1	-1	-1	0
1129	1188	1130	2	-1	-1	-1	0
1169	1167	1111	2	-1	-1	-1	0
1150	1151	1149	2	-1	-1	-1	0
1133	1130	1189	2	-1	-1	-1	0
1171	1169	1112	2	-1	-1	-1	0
1154	1179	1120	2	-1	-1	-1	0
1170	1171	1112	2	-1	-1	-1	0
1190	1131	1136	2	-1	-1	-1	0
1172	1114	1173	2	-1	-1	-1	0
1133	1191	1135	2	-1	-1	-1	0
1134	1135	1192	2	-1	-1	-1	0
1192	1136	1134	2	-1	-1	-1	0
1115	1174	1173	2	-1	-1	-1	0
1131	1190	1145	2	-1	-1	-1	0
1174	1117	1176	2	-1	-1	-1	0
1117	1175	1176	2	-1	-1	-1	0
1196	1138	1137	2	-1	-1	-1	0
1121	1180	1170	2	-1	-1	-1	0
1175	1119	1178	2	-1	-1	-1	0
1158	1156	1160	2	-1	-1	-1	0
1119	1177	1178	2	-1	-1	-1	0
1137	1141	1196	2	-1	-1	-1	0
1172	1181	1122	2	-1	-1	-1	0
1177	1120	1179	2	-1	-1	-1	0
1199	1140	1139	2	-1	-1	-1	0
1199	1142	1140	2	-1	-1	-1	0
1141	1142	1200	2	-1	-1	-1	0
1199	1139	1147	2	-1	-1	-1	0
1123	1181	1182	2	-1	-1	-1	0
1138	1198	1153	2	-1	-1	-1	0
1182	1184	1124	2	-1	-1	-1	0
1185	1180	1125	2	-1	-1	-1	0
1204	1144	1143	2	-1	-1	-1	0
1124	1184	1183	2	-1	-1	-1	0
1204	1143	1146	2	-1	-1	-1	0
1125	1183	1185	2	-1	-1	-1	0
1207	1146	1145	2	-1	-1	-1	0
1148	1144	1206	2	-1	-1	-1	0
1186	1187	1129	2	-1	-1	-1	0
1129	1187	1188	2	-1	-1	-1	0
1210	1147	1148	2	-1	-1	-1	0
1189	1130	1188	2	-1	-1	-1	0
1191	1133	1189	2	-1	-1	-1	0
1150	1213	1151	2	-1	-1	-1	0
1150	1153	1212	2	-1	-1	-1	0
1151	1214	1152	2	-1	-1	-1	0
1192	1135	1193	2	-1	-1	-1	0
1191	1194	1135	2	-1	-1	-1	0
1190	1136	1195	2	-1	-1	-1	0
1135	1194	1193	2	-1	-1	-1	0
1195	1136	1192	2	-1	-1	-1	0
1155	1216	1154	2	-1	-1	-1	0
1157	1217	1155	2	-1	-1	-1	0
1152	1214	1164	2	-1	-1	-1	0
1197	1138	1196	2	-1	-1	-1	0
1198	1138	1197	2	-1	-1	-1	0
1218	1157	1158	2	-1	-1	-1	0
1160	1219	1158	2	-1	-1	-1	0
1201	1196	1141	2	-1	-1	-1	0
1160	1159	1220	2	-1	-1	-1	0
1220	1159	1161	2	-1	-1	-1	0
1200	1201	1141	2	-1	-1	-1	0
1190	1207	1145	2	-1	-1	-1	0
1202	1142	1199	2	-1	-1	-1	0
1203	1200	1142	2	-1	-1	-1	0
1163	1222	1161	2	-1	-1	-1	0
1142	1202	1203	2	-1	-1	-1	0
1215	1179	1154	2	-1	-1	-1	0
1162	1164	1223	2	-1	-1	-1	0
1162	1224	1163	2	-1	-1	-1	0
1204	1205	1144	2	-1	-1	-1	0
1206	1144	1205	2	-1	-1	-1	0
1210	1199	1147	2	-1	-1	-1	0
1227	1165	1166	2	-1	-1	-1	0
1209	1204	1146	2	-1	-1	-1	0
1208	1146	1207	2	-1	-1	-1	0
1168	1228	1166	2	-1	-1	-1	0
1208	1209	1146	2	-1	-1	-1	0
1153	1198	1212	2	-1	-1	-1	0
1167	1229	1168	2	-1	-1	-1	0
1229	1167	1169	2	-1	-1	-1	0
1206	1211	1148	2	-1	-1	-1	0
1229	1169	1171	2	-1	-1	-1	0
1148	1211	1210	2	-1	-1	-1	0
1170	1232	1171	2	-1	-1	-1	0
1213	1150	1212	2	-1	-1	-1	0
1151	1213	1214	2	-1	-1	-1	0
1172	1173	1234	0	-1	-1	-1	9.0000000000000036
1180	1232	1170	2	-1	-1	-1	0
1173	1174	1237	0	-1	-1	-1	9.0000000000000036
1215	1154	1216	2	-1	-1	-1	0
1155	1217	1216	2	-1	-1	-1	0
1181	1172	1235	0	-1	-1	-1	9.0000000000000036
1174	1176	1239	2	-1	-1	-1	0
1176	1175	1240	2	-1	-1	-1	0
1195	1207	1190	2	-1	-1	-1	0
1218	1217	1157	2	-1	-1	-1	0
1178	1240	1175	2	-1	-1	-1	0
1219	1218	1158	2	-1	-1	-1	0
1241	1178	1177	2	-1	-1	-1	0
1177	1179	1241	2	-1	-1	-1	0
1221	1219	1160	2	-1	-1	-1	0
1214	1223	1164	2	-1	-1	-1	0
1160	1220	1221	2	-1	-1	-1	0
1222	1220	1161	2	-1	-1	-1	0
1182	1181	1245	0	-1	-1	-1	9.0000000000000036
1162	1223	1224	2	-1	-1	-1	0
1244	1180	1185	2	-1	-1	-1	0
1222	1163	1225	2	-1	-1	-1	0
1184	1182	1246	0	-1	-1	-1	9.0000000000000036
1224	1225	1163	2	-1	-1	-1	0
1185	1183	1247	2	-1	-1	-1	0
1248	1183	1184	2	-1	-1	-1	0
1165	1227	1226	2	-1	-1	-1	0
1166	1228	1227	2	-1	-1	-1	0
1188	1187	1250	2	-1	-1	-1	0
1231	1228	1168	2	-1	-1	-1	0
1230	1168	1229	2	-1	-1	-1	0
1189	1188	1251	2	-1	-1	-1	0
1168	1230	1231	2	-1	-1	-1	0
1252	1191	1189	2	-1	-1	-1	0
1229	1171	1233	2	-1	-1	-1	0
1171	1232	1233	2	-1	-1	-1	0
1243	1179	1215	2	-1	-1	-1	0
1255	1194	1191	2	-1	-1	-1	0
1234	1235	1172	0	-1	-1	-1	9.0000000000000036
1193	1256	1192	2	-1	-1	-1	0
1192	1256	1195	2	-1	-1	-1	0
1173	1236	1234	0	-1	-1	-1	9.0000000000000036
1257	1193	1194	2	-1	-1	-1	0
1173	1237	1236	0	-1	-1	-1	9.0000000000000036
1238	1237	1174	0	-1	-1	-1	9.0000000000000036
1238	1174	1239	0	-1	-1	-1	9.0000000000000036
1197	1196	1260	2	-1	-1	-1	0
1239	1176	1240	2	-1	-1	-1	0
1232	1180	1244	2	-1	-1	-1	0
1197	1261	1198	2	-1	-1	-1	0
1260	1196	1201	2	-1	-1	-1	0
1178	1242	1240	2	-1	-1	-1	0
1207	1195	1259	2	-1	-1	-1	0
1241	1242	1178	2	-1	-1	-1	0
1235	1245	1181	0	-1	-1	-1	9.0000000000000036
1179	1243	1241	2	-1	-1	-1	0
1199	1263	1202	2	-1	-1	-1	0
1200	1264	1201	2	-1	-1	-1	0
1200	1203	1264	2	-1	-1	-1	0
1198	1262	1212	2	-1	-1	-1	0
1203	1202	1267	2	-1	-1	-1	0
1263	1199	1210	2	-1	-1	-1	0
1245	1246	1182	0	-1	-1	-1	9.0000000000000036
1259	1208	1207	2	-1	-1	-1	0
1247	1244	1185	2	-1	-1	-1	0
1204	1269	1205	2	-1	-1	-1	0
1247	1183	1248	2	-1	-1	-1	0
1246	1249	1184	0	-1	-1	-1	9.0000000000000036
1206	1205	1270	2	-1	-1	-1	0
1249	1248	1184	0	-1	-1	-1	9.0000000000000036
1204	1209	1269	2	-1	-1	-1	0
1206	1271	1211	2	-1	-1	-1	0
1188	1250	1251	2	-1	-1	-1	0
1272	1209	1208	2	-1	-1	-1	0
1189	1251	1252	2	-1	-1	-1	0
1211	1275	1210	2	-1	-1	-1	0
1253	1191	1252	2	-1	-1	-1	0
1191	1253	1254	2	-1	-1	-1	0
1191	1254	1255	2	-1	-1	-1	0
1276	1213	1212	2	-1	-1	-1	0
1214	1213	1277	2	-1	-1	-1	0
1256	1193	1257	2	-1	-1	-1	0
1194	1255	1258	2	-1	-1	-1	0
1194	1258	1257	2	-1	-1	-1	0
1259	1195	1256	2	-1	-1	-1	0
1280	1215	1216	2	-1	-1	-1	0
1216	1217	1281	2	-1	-1	-1	0
1278	1223	1214	2	-1	-1	-1	0
1218	1282	1217	2	-1	-1	-1	0
1260	1261	1197	2	-1	-1	-1	0
1218	1219	1284	2	-1	-1	-1	0
1198	1261	1262	2	-1	-1	-1	0
1221	1284	1219	2	-1	-1	-1	0
1220	1285	1221	2	-1	-1	-1	0
1260	1201	1266	2	-1	-1	-1	0
1286	1220	1222	2	-1	-1	-1	0
1265	1201	1264	2	-1	-1	-1	0
1201	1265	1266	2	-1	-1	-1	0
1267	1202	1263	2	-1	-1	-1	0
1286	1222	1225	2	-1	-1	-1	0
1203	1268	1264	2	-1	-1	-1	0
1223	1289	1224	2	-1	-1	-1	0
1279	1243	1215	2	-1	-1	-1	0
1268	1203	1267	2	-1	-1	-1	0
1225	1224	1290	2	-1	-1	-1	0
1208	1259	1272	2	-1	-1	-1	0
1270	1205	1269	2	-1	-1	-1	0
1270	1271	1206	2	-1	-1	-1	0
1227	1294	1226	2	-1	-1	-1	0
1275	1263	1210	2	-1	-1	-1	0
1227	1228	1295	2	-1	-1	-1	0
1262	1276	1212	2	-1	-1	-1	0
1274	1269	1209	2	-1	-1	-1	0
1273	1209	1272	2	-1	-1	-1	0
1228	1231	1297	2	-1	-1	-1	0
1273	1274	1209	2	-1	-1	-1	0
1275	1211	1271	2	-1	-1	-1	0
1229	1298	1230	2	-1	-1	-1	0
1233	1298	1229	2	-1	-1	-1	0
1230	1299	1231	2	-1	-1	-1	0
1213	1276	1277	2	-1	-1	-1	0
1233	1232	1303	2	-1	-1	-1	0
1214	1277	1278	2	-1	-1	-1	0
1279	1215	1280	2	-1	-1	-1	0
1234	1306	1235	0	-1	-1	-1	9.0000000000000036
1306	1234	1236	0	-1	-1	-1	9.0000000000000036
1280	1216	1281	2	-1	-1	-1	0
1217	1282	1281	2	-1	-1	-1	0
1304	1232	1244	2	-1	-1	-1	0
1236	1237	1308	0	-1	-1	-1	9.0000000000000036
1218	1283	1282	2	-1	-1	-1	0
1238	1309	1237	0	-1	-1	-1	9.0000000000000036
1283	1218	1284	2	-1	-1	-1	0
1245	1235	1307	0	-1	-1	-1	9.0000000000000036
1310	1238	1239	0	-1	-1	-1	9.0000000000000036
1278	1289	1223	2	-1	-1	-1	0
1286	1285	1220	2	-1	-1	-1	0
1240	1312	1239	2	-1	-1	-1	0
1284	1221	1288	2	-1	-1	-1	0
1287	1221	1285	2	-1	-1	-1	0
1240	1242	1312	2	-1	-1	-1	0
1288	1221	1287	2	-1	-1	-1	0
1242	1241	1313	2	-1	-1	-1	0
1241	1243	1313	2	-1	-1	-1	0
1225	1292	1286	2	-1	-1	-1	0
1224	1289	1291	2	-1	-1	-1	0
1291	1290	1224	2	-1	-1	-1	0
1292	1225	1290	2	-1	-1	-1	0
1317	1244	1247	2	-1	-1	-1	0
1318	1246	1245	0	-1	-1	-1	9.0000000000000036
1294	1293	1226	2	-1	-1	-1	0
1246	1319	1249	0	-1	-1	-1	9.0000000000000036
1248	1320	1247	2	-1	-1	-1	0
1227	1296	1294	2	-1	-1	-1	0
1321	1248	1249	0	-1	-1	-1	9.0000000000000036
1296	1227	1295	2	-1	-1	-1	0
1228	1297	1295	2	-1	-1	-1	0
1324	1251	1250	2	-1	-1	-1	0
1324	1252	1251	2	-1	-1	-1	0
1300	1230	1298	2	-1	-1	-1	0
1299	1230	1300	2	-1	-1	-1	0
1252	1324	1253	2	-1	-1	-1	0
1297	1231	1302	2	-1	-1	-1	0
1301	1231	1299	2	-1	-1	-1	0
1254	1325	1255	2	-1	-1	-1	0
1231	1301	1302	2	-1	-1	-1	0
1298	1233	1305	2	-1	-1	-1	0
1258	1255	1325	2	-1	-1	-1	0
1279	1316	1243	2	-1	-1	-1	0
1304	1303	1232	2	-1	-1	-1	0
1257	1326	1256	2	-1	-1	-1	0
1303	1305	1233	2	-1	-1	-1	0
1259	1256	1326	2	-1	-1	-1	0
1258	1327	1257	2	-1	-1	-1	0
1306	1307	1235	0	-1	-1	-1	9.0000000000000036
1306	1236	1308	0	-1	-1	-1	9.0000000000000036
1330	1261	1260	2	-1	-1	-1	0
1308	1237	1309	0	-1	-1	-1	9.0000000000000036
1261	1331	1262	2	-1	-1	-1	0
1260	1266	1330	2	-1	-1	-1	0
1326	1272	1259	2	-1	-1	-1	0
1309	1238	1311	0	-1	-1	-1	9.0000000000000036
1310	1311	1238	0	-1	-1	-1	9.0000000000000036
1310	1239	1312	0	-1	-1	-1	9.0000000000000036
1263	1332	1267	2	-1	-1	-1	0
1333	1264	1268	2	-1	-1	-1	0
1265	1264	1333	2	-1	-1	-1	0
1266	1265	1334	2	-1	-1	-1	0
1304	1244	1317	2	-1	-1	-1	0
1276	1262	1331	2	-1	-1	-1	0
1242	1313	1314	2	-1	-1	-1	0
1242	1315	1312	2	-1	-1	-1	0
1318	1245	1307	0	-1	-1	-1	9.0000000000000036
1263	1275	1332	2	-1	-1	-1	0
1242	1314	1315	2	-1	-1	-1	0
1268	1267	1336	2	-1	-1	-1	0
1243	1316	1313	2	-1	-1	-1	0
1269	1338	1270	2	-1	-1	-1	0
1269	1274	1338	2	-1	-1	-1	0
1271	1270	1341	2	-1	-1	-1	0
1246	1318	1319	0	-1	-1	-1	9.0000000000000036
1247	1320	1317	2	-1	-1	-1	0
1341	1275	1271	2	-1	-1	-1	0
1272	1342	1273	2	-1	-1	-1	0
1248	1321	1320	0	-1	-1	-1	9.0000000000000036
1319	1323	1249	0	-1	-1	-1	9.0000000000000036
1321	1249	1322	0	-1	-1	-1	9.0000000000000036
1345	1274	1273	2	-1	-1	-1	0
1322	1249	1323	0	-1	-1	-1	9.0000000000000036
1276	1348	1277	2	-1	-1	-1	0
1298	1305	1300	2	-1	-1	-1	0
1278	1277	1350	2	-1	-1	-1	0
1327	1326	1257	2	-1	-1	-1	0
1258	1325	1328	2	-1	-1	-1	0
1279	1280	1352	2	-1	-1	-1	0
1329	1327	1258	2	-1	-1	-1	0
1281	1353	1280	2	-1	-1	-1	0
1329	1258	1328	2	-1	-1	-1	0
1289	1278	1351	2	-1	-1	-1	0
1281	1282	1355	2	-1	-1	-1	0
1330	1331	1261	2	-1	-1	-1	0
1283	1357	1282	2	-1	-1	-1	0
1283	1284	1359	2	-1	-1	-1	0
1359	1284	1288	2	-1	-1	-1	0
1286	1360	1285	2	-1	-1	-1	0
1335	1330	1266	2	-1	-1	-1	0
1334	1265	1333	2	-1	-1	-1	0
1285	1361	1287	2	-1	-1	-1	0
1335	1266	1334	2	-1	-1	-1	0
1332	1336	1267	2	-1	-1	-1	0
1287	1362	1288	2	-1	-1	-1	0
1333	1268	1337	2	-1	-1	-1	0
1360	1286	1292	2	-1	-1	-1	0
1272	1326	1343	2	-1	-1	-1	0
1336	1337	1268	2	-1	-1	-1	0
1291	1289	1364	2	-1	-1	-1	0
1290	1291	1365	2	-1	-1	-1	0
1279	1352	1316	2	-1	-1	-1	0
1270	1338	1339	2	-1	-1	-1	0
1365	1292	1290	2	-1	-1	-1	0
1339	1340	1270	2	-1	-1	-1	0
1340	1341	1270	2	-1	-1	-1	0
1275	1347	1332	2	-1	-1	-1	0
1331	1349	1276	2	-1	-1	-1	0
1293	1294	1370	2	-1	-1	-1	0
1272	1343	1342	2	-1	-1	-1	0
1274	1346	1338	2	-1	-1	-1	0
1273	1342	1344	2	-1	-1	-1	0
1294	1296	1370	2	-1	-1	-1	0
1345	1273	1344	2	-1	-1	-1	0
1296	1295	1371	2	-1	-1	-1	0
1347	1275	1341	2	-1	-1	-1	0
1295	1297	1371	2	-1	-1	-1	0
1345	1346	1274	2	-1	-1	-1	0
1276	1349	1348	2	-1	-1	-1	0
1297	1302	1374	2	-1	-1	-1	0
1299	1300	1375	2	-1	-1	-1	0
1350	1277	1348	2	-1	-1	-1	0
1301	1299	1375	2	-1	-1	-1	0
1350	1351	1278	2	-1	-1	-1	0
1302	1301	1377	2	-1	-1	-1	0
1376	1300	1305	2	-1	-1	-1	0
1353	1352	1280	2	-1	-1	-1	0
1353	1281	1354	2	-1	-1	-1	0
1304	1381	1303	2	-1	-1	-1	0
1305	1303	1381	2	-1	-1	-1	0
1355	1354	1281	2	-1	-1	-1	0
1356	1355	1282	2	-1	-1	-1	0
1357	1356	1282	2	-1	-1	-1	0
1326	1327	1343	2	-1	-1	-1	0
1384	1306	1308	0	-1	-1	-1	9.0000000000000036
1306	1385	1307	0	-1	-1	-1	9.0000000000000036
1358	1357	1283	2	-1	-1	-1	0
1283	1359	1358	2	-1	-1	-1	0
1382	1304	1317	2	-1	-1	-1	0
1308	1309	1387	0	-1	-1	-1	9.0000000000000036
1351	1364	1289	2	-1	-1	-1	0
1361	1285	1360	2	-1	-1	-1	0
1311	1388	1309	0	-1	-1	-1	9.0000000000000036
1389	1311	1310	0	-1	-1	-1	9.0000000000000036
1361	1362	1287	2	-1	-1	-1	0
1359	1288	1363	2	-1	-1	-1	0
1386	1318	1307	0	-1	-1	-1	9.0000000000000036
1310	1312	1390	0	-1	-1	-1	9.0000000000000036
1363	1288	1362	2	-1	-1	-1	0
1390	1312	1315	0	-1	-1	-1	9.0000000000000036
1313	1393	1314	2	-1	-1	-1	0
1360	1292	1368	2	-1	-1	-1	0
1364	1366	1291	2	-1	-1	-1	0
1365	1291	1366	2	-1	-1	-1	0
1313	1316	1394	2	-1	-1	-1	0
1315	1314	1395	2	-1	-1	-1	0
1367	1292	1365	2	-1	-1	-1	0
1368	1292	1367	2	-1	-1	-1	0
1293	1370	1369	2	-1	-1	-1	0
1320	1398	1317	2	-1	-1	-1	0
1319	1318	1399	0	-1	-1	-1	9.0000000000000036
1373	1370	1296	2	-1	-1	-1	0
1296	1371	1372	2	-1	-1	-1	0
1400	1320	1321	0	-1	-1	-1	9.0000000000000036
1319	1399	1323	0	-1	-1	-1	9.0000000000000036
1296	1372	1373	2	-1	-1	-1	0
1297	1374	1371	2	-1	-1	-1	0
1322	1400	1321	0	-1	-1	-1	9.0000000000000036
1402	1322	1323	0	-1	-1	-1	9.0000000000000036
1349	1350	1348	2	-1	-1	-1	0
1375	1300	1376	2	-1	-1	-1	0
1375	1378	1301	2	-1	-1	-1	0
1374	1302	1380	2	-1	-1	-1	0
1377	1301	1378	2	-1	-1	-1	0
1377	1379	1302	2	-1	-1	-1	0
1327	1329	1404	2	-1	-1	-1	0
1302	1379	1380	2	-1	-1	-1	0
1305	1381	1376	2	-1	-1	-1	0
1352	1394	1316	2	-1	-1	-1	0
1329	1328	1405	2	-1	-1	-1	0
1383	1381	1304	2	-1	-1	-1	0
1304	1382	1383	2	-1	-1	-1	0
1408	1331	1330	2	-1	-1	-1	0
1407	1330	1335	2	-1	-1	-1	0
1327	1404	1343	2	-1	-1	-1	0
1385	1306	1384	0	-1	-1	-1	9.0000000000000036
1333	1410	1334	2	-1	-1	-1	0
1332	1409	1336	2	-1	-1	-1	0
1307	1385	1386	0	-1	-1	-1	9.0000000000000036
1387	1384	1308	0	-1	-1	-1	9.0000000000000036
1412	1335	1334	2	-1	-1	-1	0
1333	1337	1411	2	-1	-1	-1	0
1387	1309	1388	0	-1	-1	-1	9.0000000000000036
1336	1413	1337	2	-1	-1	-1	0
1332	1347	1409	2	-1	-1	-1	0
1349	1331	1408	2	-1	-1	-1	0
1310	1390	1389	0	-1	-1	-1	9.0000000000000036
1388	1311	1392	0	-1	-1	-1	9.0000000000000036
1311	1389	1391	0	-1	-1	-1	9.0000000000000036
1415	1339	1338	2	-1	-1	-1	0
1391	1392	1311	0	-1	-1	-1	9.0000000000000036
1416	1340	1339	2	-1	-1	-1	0
1317	1397	1382	2	-1	-1	-1	0
1366	1367	1365	2	-1	-1	-1	0
1417	1341	1340	2	-1	-1	-1	0
1338	1346	1415	2	-1	-1	-1	0
1313	1394	1393	2	-1	-1	-1	0
1315	1396	1390	0	-1	-1	-1	9.0000000000000036
1395	1314	1393	2	-1	-1	-1	0
1318	1386	1399	0	-1	-1	-1	9.0000000000000036
1343	1420	1342	2	-1	-1	-1	0
1420	1344	1342	2	-1	-1	-1	0
1395	1396	1315	0	-1	-1	-1	9.0000000000000036
1341	1419	1347	2	-1	-1	-1	0
1421	1345	1344	2	-1	-1	-1	0
1398	1397	1317	2	-1	-1	-1	0
1345	1425	1346	2	-1	-1	-1	0
1398	1320	1400	0	-1	-1	-1	9.0000000000000036
1401	1400	1322	0	-1	-1	-1	9.0000000000000036
1401	1322	1402	0	-1	-1	-1	9.0000000000000036
1403	1323	1399	0	-1	-1	-1	9.0000000000000036
1350	1349	1427	2	-1	-1	-1	0
1323	1403	1402	0	-1	-1	-1	9.0000000000000036
1351	1350	1427	2	-1	-1	-1	0
1353	1432	1352	2	-1	-1	-1	0
1329	1406	1404	2	-1	-1	-1	0
1354	1432	1353	2	-1	-1	-1	0
1329	1405	1406	2	-1	-1	-1	0
1355	1433	1354	2	-1	-1	-1	0
1364	1351	1429	2	-1	-1	-1	0
1330	1407	1408	2	-1	-1	-1	0
1435	1355	1356	2	-1	-1	-1	0
1357	1437	1356	2	-1	-1	-1	0
1407	1335	1412	2	-1	-1	-1	0
1410	1333	1411	2	-1	-1	-1	0
1439	1357	1358	2	-1	-1	-1	0
1334	1410	1412	2	-1	-1	-1	0
1359	1440	1358	2	-1	-1	-1	0
1379	1399	1380	0	-1	-1	-1	9.0000000000000036
1413	1336	1409	2	-1	-1	-1	0
1414	1411	1337	2	-1	-1	-1	0
1359	1363	1440	2	-1	-1	-1	0
1360	1442	1361	2	-1	-1	-1	0
1413	1414	1337	2	-1	-1	-1	0
1443	1362	1361	2	-1	-1	-1	0
1343	1404	1420	2	-1	-1	-1	0
1363	1362	1444	2	-1	-1	-1	0
1416	1339	1415	2	-1	-1	-1	0
1368	1442	1360	2	-1	-1	-1	0
1340	1416	1418	2	-1	-1	-1	0
1418	1417	1340	2	-1	-1	-1	0
1417	1419	1341	2	-1	-1	-1	0
1394	1352	1431	2	-1	-1	-1	0
1364	1447	1366	2	-1	-1	-1	0
1379	1403	1399	0	-1	-1	-1	9.0000000000000036
1367	1366	1449	2	-1	-1	-1	0
1347	1426	1409	2	-1	-1	-1	0
1368	1367	1450	2	-1	-1	-1	0
1349	1408	1428	2	-1	-1	-1	0
1420	1422	1344	2	-1	-1	-1	0
1415	1346	1425	2	-1	-1	-1	0
1421	1344	1423	2	-1	-1	-1	0
1422	1423	1344	2	-1	-1	-1	0
1421	1424	1345	2	-1	-1	-1	0
1419	1426	1347	2	-1	-1	-1	0
1369	1370	1454	2	-1	-1	-1	0
1424	1425	1345	2	-1	-1	-1	0
1370	1373	1454	2	-1	-1	-1	0
1455	1372	1371	2	-1	-1	-1	0
1455	1371	1374	2	-1	-1	-1	0
1456	1373	1372	2	-1	-1	-1	0
1427	1349	1428	2	-1	-1	-1	0
1430	1351	1427	2	-1	-1	-1	0
1351	1430	1429	2	-1	-1	-1	0
1375	1376	1461	2	-1	-1	-1	0
1374	1380	1459	2	-1	-1	-1	0
1460	1378	1375	2	-1	-1	-1	0
1352	1432	1431	2	-1	-1	-1	0
1464	1377	1378	2	-1	-1	-1	0
1464	1379	1377	2	-1	-1	-1	0
1434	1432	1354	2	-1	-1	-1	0
1376	1381	1463	2	-1	-1	-1	0
1433	1434	1354	2	-1	-1	-1	0
1355	1436	1433	2	-1	-1	-1	0
1436	1355	1435	2	-1	-1	-1	0
1463	1381	1383	2	-1	-1	-1	0
1437	1435	1356	2	-1	-1	-1	0
1467	1383	1382	2	-1	-1	-1	0
1438	1437	1357	2	-1	-1	-1	0
1439	1438	1357	2	-1	-1	-1	0
1386	1385	1466	0	-1	-1	-1	9.0000000000000036
1441	1439	1358	2	-1	-1	-1	0
1441	1358	1440	2	-1	-1	-1	0
1384	1470	1385	0	-1	-1	-1	9.0000000000000036
1384	1387	1469	0	-1	-1	-1	9.0000000000000036
1448	1364	1429	2	-1	-1	-1	0
1466	1380	1399	0	-1	-1	-1	9.0000000000000036
1397	1467	1382	2	-1	-1	-1	0
1464	1403	1379	0	-1	-1	-1	9.0000000000000036
1361	1442	1443	2	-1	-1	-1	0
1387	1388	1473	0	-1	-1	-1	9.0000000000000036
1444	1362	1443	2	-1	-1	-1	0
1446	1440	1363	2	-1	-1	-1	0
1466	1399	1386	0	-1	-1	-1	9.0000000000000036
1445	1363	1444	2	-1	-1	-1	0
1446	1363	1445	2	-1	-1	-1	0
1476	1389	1390	0	-1	-1	-1	9.0000000000000036
1475	1388	1392	0	-1	-1	-1	9.0000000000000036
1391	1389	1476	0	-1	-1	-1	9.0000000000000036
1364	1448	1447	2	-1	-1	-1	0
1368	1451	1442	2	-1	-1	-1	0
1449	1366	1447	2	-1	-1	-1	0
1480	1392	1391	0	-1	-1	-1	9.0000000000000036
1396	1478	1390	0	-1	-1	-1	9.0000000000000036
1402	1465	1401	0	-1	-1	-1	9.0000000000000036
1367	1449	1450	2	-1	-1	-1	0
1464	1402	1403	0	-1	-1	-1	9.0000000000000036
1482	1393	1394	2	-1	-1	-1	0
1452	1368	1450	2	-1	-1	-1	0
1451	1368	1452	2	-1	-1	-1	0
1393	1483	1395	2	-1	-1	-1	0
1395	1485	1396	0	-1	-1	-1	9.0000000000000036
1453	1369	1454	2	-1	-1	-1	0
1398	1486	1397	2	-1	-1	-1	0
1372	1455	1457	2	-1	-1	-1	0
1456	1372	1457	2	-1	-1	-1	0
1458	1454	1373	2	-1	-1	-1	0
1430	1427	1428	2	-1	-1	-1	0
1488	1398	1400	0	-1	-1	-1	9.0000000000000036
1373	1456	1458	2	-1	-1	-1	0
1455	1374	1459	2	-1	-1	-1	0
1488	1400	1401	0	-1	-1	-1	9.0000000000000036
1375	1461	1460	2	-1	-1	-1	0
1376	1462	1461	2	-1	-1	-1	0
1404	1406	1490	2	-1	-1	-1	0
1376	1463	1462	2	-1	-1	-1	0
1491	1406	1405	2	-1	-1	-1	0
1465	1378	1460	2	-1	-1	-1	0
1466	1459	1380	0	-1	-1	-1	9.0000000000000036
1378	1465	1464	2	-1	-1	-1	0
1408	1407	1493	2	-1	-1	-1	0
1484	1394	1431	2	-1	-1	-1	0
1412	1492	1407	2	-1	-1	-1	0
1468	1463	1383	2	-1	-1	-1	0
1490	1420	1404	2	-1	-1	-1	0
1495	1410	1411	2	-1	-1	-1	0
1409	1494	1413	2	-1	-1	-1	0
1412	1410	1495	2	-1	-1	-1	0
1467	1468	1383	2	-1	-1	-1	0
1414	1496	1411	2	-1	-1	-1	0
1466	1385	1471	0	-1	-1	-1	9.0000000000000036
1469	1470	1384	0	-1	-1	-1	9.0000000000000036
1414	1413	1498	2	-1	-1	-1	0
1470	1471	1385	0	-1	-1	-1	9.0000000000000036
1441	1440	1446	2	-1	-1	-1	0
1408	1493	1428	2	-1	-1	-1	0
1494	1409	1426	2	-1	-1	-1	0
1474	1469	1387	0	-1	-1	-1	9.0000000000000036
1402	1464	1465	0	-1	-1	-1	9.0000000000000036
1420	1490	1422	2	-1	-1	-1	0
1472	1387	1473	0	-1	-1	-1	9.0000000000000036
1415	1501	1416	2	-1	-1	-1	0
1474	1387	1472	0	-1	-1	-1	9.0000000000000036
1416	1501	1418	2	-1	-1	-1	0
1451	1443	1442	2	-1	-1	-1	0
1473	1388	1475	0	-1	-1	-1	9.0000000000000036
1502	1417	1418	2	-1	-1	-1	0
1419	1417	1502	2	-1	-1	-1	0
1451	1444	1443	2	-1	-1	-1	0
1500	1415	1425	2	-1	-1	-1	0
1477	1476	1390	0	-1	-1	-1	9.0000000000000036
1477	1390	1478	0	-1	-1	-1	9.0000000000000036
1476	1479	1391	0	-1	-1	-1	9.0000000000000036
1481	1475	1392	0	-1	-1	-1	9.0000000000000036
1467	1397	1486	2	-1	-1	-1	0
1426	1419	1505	2	-1	-1	-1	0
1479	1480	1391	0	-1	-1	-1	9.0000000000000036
1423	1506	1421	2	-1	-1	-1	0
1421	1506	1424	2	-1	-1	-1	0
1507	1423	1422	2	-1	-1	-1	0
1481	1392	1480	0	-1	-1	-1	9.0000000000000036
1465	1489	1401	0	-1	-1	-1	9.0000000000000036
1393	1482	1483	2	-1	-1	-1	0
1478	1396	1485	0	-1	-1	-1	9.0000000000000036
1424	1511	1425	2	-1	-1	-1	0
1484	1482	1394	2	-1	-1	-1	0
1485	1395	1483	0	-1	-1	-1	9.0000000000000036
1453	1454	1458	2	-1	-1	-1	0
1486	1398	1487	0	-1	-1	-1	9.0000000000000036
1428	1514	1430	2	-1	-1	-1	0
1398	1488	1487	0	-1	-1	-1	9.0000000000000036
1515	1429	1430	2	-1	-1	-1	0
1431	1432	1518	2	-1	-1	-1	0
1488	1401	1489	0	-1	-1	-1	9.0000000000000036
1518	1432	1434	2	-1	-1	-1	0
1406	1491	1490	2	-1	-1	-1	0
1434	1433	1519	2	-1	-1	-1	0
1519	1433	1436	2	-1	-1	-1	0
1493	1407	1492	2	-1	-1	-1	0
1436	1435	1521	2	-1	-1	-1	0
1429	1515	1448	2	-1	-1	-1	0
1435	1437	1522	2	-1	-1	-1	0
1466	1471	1459	0	-1	-1	-1	9.0000000000000036
1525	1437	1438	2	-1	-1	-1	0
1492	1412	1497	2	-1	-1	-1	0
1496	1495	1411	2	-1	-1	-1	0
1526	1438	1439	2	-1	-1	-1	0
1497	1412	1495	2	-1	-1	-1	0
1413	1494	1498	2	-1	-1	-1	0
1439	1441	1527	2	-1	-1	-1	0
1414	1499	1496	2	-1	-1	-1	0
1461	1489	1460	2	-1	-1	-1	0
1498	1499	1414	2	-1	-1	-1	0
1489	1465	1460	2	-1	-1	-1	0
1441	1446	1528	2	-1	-1	-1	0
1501	1415	1500	2	-1	-1	-1	0
1529	1445	1444	2	-1	-1	-1	0
1422	1490	1508	2	-1	-1	-1	0
1446	1445	1531	2	-1	-1	-1	0
1501	1503	1418	2	-1	-1	-1	0
1418	1504	1502	2	-1	-1	-1	0
1451	1530	1444	2	-1	-1	-1	0
1503	1504	1418	2	-1	-1	-1	0
1505	1419	1502	2	-1	-1	-1	0
1447	1448	1532	2	-1	-1	-1	0
1447	1533	1449	2	-1	-1	-1	0
1431	1517	1484	2	-1	-1	-1	0
1533	1450	1449	2	-1	-1	-1	0
1530	1451	1452	2	-1	-1	-1	0
1426	1513	1494	2	-1	-1	-1	0
1514	1428	1493	2	-1	-1	-1	0
1425	1512	1500	2	-1	-1	-1	0
1508	1507	1422	2	-1	-1	-1	0
1536	1452	1450	2	-1	-1	-1	0
1423	1507	1509	2	-1	-1	-1	0
1506	1423	1510	2	-1	-1	-1	0
1506	1511	1424	2	-1	-1	-1	0
1510	1423	1509	2	-1	-1	-1	0
1513	1426	1505	2	-1	-1	-1	0
1511	1512	1425	2	-1	-1	-1	0
1453	1458	1540	2	-1	-1	-1	0
1541	1457	1455	2	-1	-1	-1	0
1459	1541	1455	2	-1	-1	-1	0
1456	1457	1542	2	-1	-1	-1	0
1456	1543	1458	2	-1	-1	-1	0
1516	1430	1514	2	-1	-1	-1	0
1430	1516	1515	2	-1	-1	-1	0
1518	1517	1431	2	-1	-1	-1	0
1546	1461	1462	2	-1	-1	-1	0
1471	1541	1459	0	-1	-1	-1	9.0000000000000036
1520	1518	1434	2	-1	-1	-1	0
1548	1462	1463	2	-1	-1	-1	0
1434	1519	1520	2	-1	-1	-1	0
1522	1521	1435	2	-1	-1	-1	0
1436	1524	1519	2	-1	-1	-1	0
1463	1468	1548	2	-1	-1	-1	0
1436	1521	1523	2	-1	-1	-1	0
1436	1523	1524	2	-1	-1	-1	0
1525	1522	1437	2	-1	-1	-1	0
1467	1549	1468	2	-1	-1	-1	0
1470	1469	1550	0	-1	-1	-1	9.0000000000000036
1490	1491	1508	2	-1	-1	-1	0
1525	1438	1526	2	-1	-1	-1	0
1527	1526	1439	2	-1	-1	-1	0
1471	1470	1551	0	-1	-1	-1	9.0000000000000036
1474	1550	1469	0	-1	-1	-1	9.0000000000000036
1527	1441	1528	2	-1	-1	-1	0
1489	1461	1547	2	-1	-1	-1	0
1553	1472	1473	0	-1	-1	-1	9.0000000000000036
1552	1474	1472	0	-1	-1	-1	9.0000000000000036
1448	1515	1535	2	-1	-1	-1	0
1475	1554	1473	0	-1	-1	-1	9.0000000000000036
1467	1486	1549	2	-1	-1	-1	0
1529	1444	1530	2	-1	-1	-1	0
1531	1528	1446	2	-1	-1	-1	0
1531	1445	1529	2	-1	-1	-1	0
1557	1476	1477	0	-1	-1	-1	9.0000000000000036
1502	1504	1505	2	-1	-1	-1	0
1481	1556	1475	0	-1	-1	-1	9.0000000000000036
1476	1557	1479	0	-1	-1	-1	9.0000000000000036
1533	1447	1532	2	-1	-1	-1	0
1477	1478	1558	0	-1	-1	-1	9.0000000000000036
1448	1534	1532	2	-1	-1	-1	0
1535	1534	1448	2	-1	-1	-1	0
1537	1450	1533	2	-1	-1	-1	0
1538	1530	1452	2	-1	-1	-1	0
1480	1479	1561	0	-1	-1	-1	9.0000000000000036
1547	1487	1488	0	-1	-1	-1	9.0000000000000036
1485	1559	1478	0	-1	-1	-1	9.0000000000000036
1481	1480	1562	0	-1	-1	-1	9.0000000000000036
1536	1450	1537	2	-1	-1	-1	0
1547	1488	1489	0	-1	-1	-1	9.0000000000000036
1538	1452	1536	2	-1	-1	-1	0
1482	1564	1483	2	-1	-1	-1	0
1484	1564	1482	2	-1	-1	-1	0
1540	1539	1453	2	-1	-1	-1	0
1485	1483	1565	0	-1	-1	-1	9.0000000000000036
1543	1456	1542	2	-1	-1	-1	0
1486	1487	1568	0	-1	-1	-1	9.0000000000000036
1457	1541	1544	2	-1	-1	-1	0
1542	1457	1544	2	-1	-1	-1	0
1545	1540	1458	2	-1	-1	-1	0
1458	1543	1545	2	-1	-1	-1	0
1461	1546	1547	2	-1	-1	-1	0
1493	1492	1569	2	-1	-1	-1	0
1546	1462	1548	2	-1	-1	-1	0
1570	1492	1497	2	-1	-1	-1	0
1495	1570	1497	2	-1	-1	-1	0
1471	1551	1541	0	-1	-1	-1	9.0000000000000036
1498	1494	1572	2	-1	-1	-1	0
1468	1549	1548	2	-1	-1	-1	0
1574	1495	1496	2	-1	-1	-1	0
1515	1516	1535	2	-1	-1	-1	0
1566	1484	1517	2	-1	-1	-1	0
1499	1574	1496	2	-1	-1	-1	0
1550	1551	1470	0	-1	-1	-1	9.0000000000000036
1499	1498	1575	2	-1	-1	-1	0
1553	1552	1472	0	-1	-1	-1	9.0000000000000036
1493	1571	1514	2	-1	-1	-1	0
1501	1500	1577	2	-1	-1	-1	0
1474	1555	1550	0	-1	-1	-1	9.0000000000000036
1513	1572	1494	2	-1	-1	-1	0
1553	1473	1554	0	-1	-1	-1	9.0000000000000036
1555	1474	1552	0	-1	-1	-1	9.0000000000000036
1501	1579	1503	2	-1	-1	-1	0
1554	1475	1556	0	-1	-1	-1	9.0000000000000036
1580	1504	1503	2	-1	-1	-1	0
1581	1505	1504	2	-1	-1	-1	0
1512	1578	1500	2	-1	-1	-1	0
1557	1477	1558	0	-1	-1	-1	9.0000000000000036
1559	1558	1478	0	-1	-1	-1	9.0000000000000036
1479	1557	1560	0	-1	-1	-1	9.0000000000000036
1506	1510	1582	2	-1	-1	-1	0
1513	1505	1581	2	-1	-1	-1	0
1556	1481	1563	0	-1	-1	-1	9.0000000000000036
1511	1506	1583	2	-1	-1	-1	0
1479	1560	1561	0	-1	-1	-1	9.0000000000000036
1514	1571	1516	2	-1	-1	-1	0
1487	1547	1568	0	-1	-1	-1	9.0000000000000036
1549	1486	1568	0	-1	-1	-1	9.0000000000000036
1561	1562	1480	0	-1	-1	-1	9.0000000000000036
1584	1510	1509	2	-1	-1	-1	0
1562	1563	1481	0	-1	-1	-1	9.0000000000000036
1512	1511	1585	2	-1	-1	-1	0
1485	1565	1559	0	-1	-1	-1	9.0000000000000036
1483	1564	1565	0	-1	-1	-1	9.0000000000000036
1564	1484	1567	2	-1	-1	-1	0
1567	1484	1566	2	-1	-1	-1	0
1517	1518	1589	2	-1	-1	-1	0
1590	1518	1520	2	-1	-1	-1	0
1519	1591	1520	2	-1	-1	-1	0
1570	1569	1492	2	-1	-1	-1	0
1571	1493	1569	2	-1	-1	-1	0
1519	1524	1591	2	-1	-1	-1	0
1544	1541	1551	0	-1	-1	-1	9.0000000000000036
1594	1521	1522	2	-1	-1	-1	0
1521	1593	1523	2	-1	-1	-1	0
1495	1573	1570	2	-1	-1	-1	0
1588	1535	1516	2	-1	-1	-1	0
1574	1573	1495	2	-1	-1	-1	0
1595	1522	1525	2	-1	-1	-1	0
1596	1524	1523	2	-1	-1	-1	0
1572	1575	1498	2	-1	-1	-1	0
1576	1574	1499	2	-1	-1	-1	0
1575	1576	1499	2	-1	-1	-1	0
1525	1526	1599	2	-1	-1	-1	0
1600	1526	1527	2	-1	-1	-1	0
1578	1577	1500	2	-1	-1	-1	0
1579	1501	1577	2	-1	-1	-1	0
1603	1527	1528	2	-1	-1	-1	0
1568	1547	1546	2	-1	-1	-1	0
1548	1568	1546	2	-1	-1	-1	0
1579	1580	1503	2	-1	-1	-1	0
1531	1604	1528	2	-1	-1	-1	0
1529	1530	1605	2	-1	-1	-1	0
1548	1549	1568	2	-1	-1	-1	0
1504	1580	1581	2	-1	-1	-1	0
1529	1606	1531	2	-1	-1	-1	0
1582	1583	1506	2	-1	-1	-1	0
1517	1589	1566	2	-1	-1	-1	0
1572	1513	1587	2	-1	-1	-1	0
1533	1532	1610	2	-1	-1	-1	0
1588	1516	1571	2	-1	-1	-1	0
1607	1530	1538	2	-1	-1	-1	0
1584	1582	1510	2	-1	-1	-1	0
1610	1532	1534	2	-1	-1	-1	0
1594	1522	1560	2	-1	-1	-1	0
1586	1578	1512	2	-1	-1	-1	0
1560	1522	1595	2	-1	-1	-1	0
1511	1583	1585	2	-1	-1	-1	0
1610	1537	1533	2	-1	-1	-1	0
1612	1534	1535	2	-1	-1	-1	0
1513	1581	1587	2	-1	-1	-1	0
1586	1512	1585	2	-1	-1	-1	0
1537	1613	1536	2	-1	-1	-1	0
1536	1613	1538	2	-1	-1	-1	0
1539	1540	1618	2	-1	-1	-1	0
1590	1589	1518	2	-1	-1	-1	0
1520	1592	1590	2	-1	-1	-1	0
1618	1540	1545	2	-1	-1	-1	0
1592	1520	1591	2	-1	-1	-1	0
1542	1619	1543	2	-1	-1	-1	0
1542	1544	1620	2	-1	-1	-1	0
1521	1594	1593	2	-1	-1	-1	0
1557	1558	1594	0	-1	-1	-1	9.0000000000000036
1557	1594	1560	0	-1	-1	-1	9.0000000000000036
1623	1545	1543	2	-1	-1	-1	0
1524	1597	1591	2	-1	-1	-1	0
1593	1596	1523	2	-1	-1	-1	0
1561	1560	1595	2	-1	-1	-1	0
1596	1598	1524	2	-1	-1	-1	0
1624	1544	1551	0	-1	-1	-1	9.0000000000000036
1595	1525	1599	2	-1	-1	-1	0
1598	1597	1524	2	-1	-1	-1	0
1561	1599	1562	2	-1	-1	-1	0
1624	1551	1550	0	-1	-1	-1	9.0000000000000036
1563	1562	1601	2	-1	-1	-1	0
1599	1526	1601	2	-1	-1	-1	0
1526	1600	1602	2	-1	-1	-1	0
1601	1526	1602	2	-1	-1	-1	0
1603	1600	1527	2	-1	-1	-1	0
1626	1550	1555	0	-1	-1	-1	9.0000000000000036
1552	1553	1627	0	-1	-1	-1	9.0000000000000036
1628	1555	1552	0	-1	-1	-1	9.0000000000000036
1535	1588	1612	2	-1	-1	-1	0
1528	1604	1603	2	-1	-1	-1	0
1630	1553	1554	0	-1	-1	-1	9.0000000000000036
1605	1606	1529	2	-1	-1	-1	0
1631	1554	1556	0	-1	-1	-1	9.0000000000000036
1607	1605	1530	2	-1	-1	-1	0
1531	1608	1604	2	-1	-1	-1	0
1558	1593	1594	0	-1	-1	-1	9.0000000000000036
1609	1531	1606	2	-1	-1	-1	0
1608	1531	1609	2	-1	-1	-1	0
1634	1558	1559	0	-1	-1	-1	9.0000000000000036
1563	1633	1556	0	-1	-1	-1	9.0000000000000036
1610	1534	1611	2	-1	-1	-1	0
1599	1561	1595	2	-1	-1	-1	0
1612	1611	1534	2	-1	-1	-1	0
1559	1565	1635	0	-1	-1	-1	9.0000000000000036
1607	1538	1615	2	-1	-1	-1	0
1614	1537	1610	2	-1	-1	-1	0
1562	1599	1601	2	-1	-1	-1	0
1537	1614	1613	2	-1	-1	-1	0
1564	1637	1565	0	-1	-1	-1	9.0000000000000036
1538	1613	1615	2	-1	-1	-1	0
1567	1637	1564	0	-1	-1	-1	9.0000000000000036
1638	1567	1566	2	-1	-1	-1	0
1616	1539	1617	2	-1	-1	-1	0
1617	1539	1618	2	-1	-1	-1	0
1569	1570	1640	2	-1	-1	-1	0
1597	1592	1591	2	-1	-1	-1	0
1641	1571	1569	2	-1	-1	-1	0
1620	1619	1542	2	-1	-1	-1	0
1621	1543	1619	2	-1	-1	-1	0
1634	1593	1558	0	-1	-1	-1	9.0000000000000036
1543	1621	1622	2	-1	-1	-1	0
1623	1618	1545	2	-1	-1	-1	0
1643	1570	1573	2	-1	-1	-1	0
1543	1622	1623	2	-1	-1	-1	0
1620	1544	1625	0	-1	-1	-1	9.0000000000000036
1572	1644	1575	2	-1	-1	-1	0
1645	1573	1574	2	-1	-1	-1	0
1544	1624	1625	0	-1	-1	-1	9.0000000000000036
1566	1589	1638	2	-1	-1	-1	0
1576	1645	1574	2	-1	-1	-1	0
1575	1646	1576	2	-1	-1	-1	0
1571	1641	1588	2	-1	-1	-1	0
1636	1563	1601	2	-1	-1	-1	0
1626	1624	1550	0	-1	-1	-1	9.0000000000000036
1572	1587	1644	2	-1	-1	-1	0
1649	1577	1578	2	-1	-1	-1	0
1579	1577	1649	2	-1	-1	-1	0
1627	1628	1552	0	-1	-1	-1	9.0000000000000036
1629	1627	1553	0	-1	-1	-1	9.0000000000000036
1579	1651	1580	2	-1	-1	-1	0
1629	1553	1630	0	-1	-1	-1	9.0000000000000036
1626	1555	1632	0	-1	-1	-1	9.0000000000000036
1586	1650	1578	2	-1	-1	-1	0
1554	1631	1630	0	-1	-1	-1	9.0000000000000036
1632	1555	1628	0	-1	-1	-1	9.0000000000000036
1580	1654	1581	2	-1	-1	-1	0
1633	1631	1556	0	-1	-1	-1	9.0000000000000036
1655	1583	1582	2	-1	-1	-1	0
1582	1584	1655	2	-1	-1	-1	0
1587	1581	1654	2	-1	-1	-1	0
1593	1634	1596	0	-1	-1	-1	9.0000000000000036
1656	1585	1583	2	-1	-1	-1	0
1559	1635	1634	0	-1	-1	-1	9.0000000000000036
1585	1658	1586	2	-1	-1	-1	0
1598	1596	1635	0	-1	-1	-1	9.0000000000000036
1636	1633	1563	2	-1	-1	-1	0
1637	1635	1565	0	-1	-1	-1	9.0000000000000036
1602	1636	1601	2	-1	-1	-1	0
1590	1663	1589	2	-1	-1	-1	0
1639	1637	1567	0	-1	-1	-1	9.0000000000000036
1638	1639	1567	0	-1	-1	-1	9.0000000000000036
1663	1590	1592	2	-1	-1	-1	0
1569	1640	1642	2	-1	-1	-1	0
1641	1569	1642	2	-1	-1	-1	0
1640	1570	1643	2	-1	-1	-1	0
1592	1597	1664	2	-1	-1	-1	0
1598	1664	1597	2	-1	-1	-1	0
1643	1573	1645	2	-1	-1	-1	0
1588	1662	1612	2	-1	-1	-1	0
1635	1596	1634	0	-1	-1	-1	9.0000000000000036
1646	1575	1644	2	-1	-1	-1	0
1602	1600	1665	2	-1	-1	-1	0
1600	1603	1665	2	-1	-1	-1	0
1648	1645	1576	2	-1	-1	-1	0
1646	1647	1576	2	-1	-1	-1	0
1637	1598	1635	0	-1	-1	-1	9.0000000000000036
1648	1576	1647	2	-1	-1	-1	0
1604	1667	1603	2	-1	-1	-1	0
1598	1637	1639	0	-1	-1	-1	9.0000000000000036
1626	1625	1624	0	-1	-1	-1	9.0000000000000036
1649	1578	1650	2	-1	-1	-1	0
1606	1605	1668	2	-1	-1	-1	0
1667	1604	1608	2	-1	-1	-1	0
1579	1649	1652	2	-1	-1	-1	0
1607	1668	1605	2	-1	-1	-1	0
1651	1579	1652	2	-1	-1	-1	0
1609	1606	1669	2	-1	-1	-1	0
1580	1651	1653	2	-1	-1	-1	0
1653	1654	1580	2	-1	-1	-1	0
1609	1671	1608	2	-1	-1	-1	0
1589	1663	1638	2	-1	-1	-1	0
1588	1641	1662	2	-1	-1	-1	0
1644	1587	1661	2	-1	-1	-1	0
1670	1607	1615	2	-1	-1	-1	0
1583	1655	1656	2	-1	-1	-1	0
1610	1611	1674	2	-1	-1	-1	0
1660	1650	1586	2	-1	-1	-1	0
1657	1585	1656	2	-1	-1	-1	0
1614	1610	1674	2	-1	-1	-1	0
1676	1611	1612	2	-1	-1	-1	0
1585	1657	1658	2	-1	-1	-1	0
1664	1598	1639	0	-1	-1	-1	9.0000000000000036
1587	1654	1661	2	-1	-1	-1	0
1586	1658	1659	2	-1	-1	-1	0
1666	1636	1602	2	-1	-1	-1	0
1677	1613	1614	2	-1	-1	-1	0
1660	1586	1659	2	-1	-1	-1	0
1677	1615	1613	2	-1	-1	-1	0
1617	1680	1616	2	-1	-1	-1	0
1618	1681	1617	2	-1	-1	-1	0
1664	1663	1592	2	-1	-1	-1	0
1620	1682	1619	2	-1	-1	-1	0
1621	1619	1682	2	-1	-1	-1	0
1618	1623	1681	2	-1	-1	-1	0
1621	1685	1622	2	-1	-1	-1	0
1625	1683	1620	0	-1	-1	-1	9.0000000000000036
1623	1622	1686	2	-1	-1	-1	0
1602	1665	1666	2	-1	-1	-1	0
1625	1626	1683	0	-1	-1	-1	9.0000000000000036
1603	1667	1665	2	-1	-1	-1	0
1639	1638	1664	0	-1	-1	-1	9.0000000000000036
1669	1606	1668	2	-1	-1	-1	0
1607	1670	1668	2	-1	-1	-1	0
1629	1690	1627	0	-1	-1	-1	9.0000000000000036
1627	1691	1628	0	-1	-1	-1	9.0000000000000036
1672	1667	1608	2	-1	-1	-1	0
1632	1689	1626	0	-1	-1	-1	9.0000000000000036
1676	1612	1662	2	-1	-1	-1	0
1671	1672	1608	2	-1	-1	-1	0
1673	1609	1669	2	-1	-1	-1	0
1629	1630	1694	0	-1	-1	-1	9.0000000000000036
1632	1628	1692	0	-1	-1	-1	9.0000000000000036
1609	1673	1671	2	-1	-1	-1	0
1696	1630	1631	0	-1	-1	-1	9.0000000000000036
1674	1611	1675	2	-1	-1	-1	0
1631	1633	1697	0	-1	-1	-1	9.0000000000000036
1676	1675	1611	2	-1	-1	-1	0
1670	1615	1677	2	-1	-1	-1	0
1638	1663	1664	0	-1	-1	-1	9.0000000000000036
1614	1674	1678	2	-1	-1	-1	0
1678	1677	1614	2	-1	-1	-1	0
1636	1701	1633	2	-1	-1	-1	0
1679	1616	1680	2	-1	-1	-1	0
1680	1617	1681	2	-1	-1	-1	0
1640	1702	1642	2	-1	-1	-1	0
1702	1640	1643	2	-1	-1	-1	0
1682	1620	1683	0	-1	-1	-1	9.0000000000000036
1642	1703	1641	2	-1	-1	-1	0
1682	1684	1621	2	-1	-1	-1	0
1621	1684	1685	2	-1	-1	-1	0
1623	1688	1681	2	-1	-1	-1	0
1706	1643	1645	2	-1	-1	-1	0
1685	1687	1622	2	-1	-1	-1	0
1686	1622	1687	2	-1	-1	-1	0
1707	1646	1644	2	-1	-1	-1	0
1686	1688	1623	2	-1	-1	-1	0
1689	1683	1626	0	-1	-1	-1	9.0000000000000036
1645	1648	1706	2	-1	-1	-1	0
1647	1646	1708	2	-1	-1	-1	0
1666	1701	1636	2	-1	-1	-1	0
1709	1648	1647	2	-1	-1	-1	0
1641	1703	1662	2	-1	-1	-1	0
1690	1691	1627	0	-1	-1	-1	9.0000000000000036
1649	1650	1711	2	-1	-1	-1	0
1691	1692	1628	0	-1	-1	-1	9.0000000000000036
1693	1690	1629	0	-1	-1	-1	9.0000000000000036
1644	1661	1707	2	-1	-1	-1	0
1652	1649	1712	2	-1	-1	-1	0
1652	1713	1651	2	-1	-1	-1	0
1693	1629	1694	0	-1	-1	-1	9.0000000000000036
1714	1653	1651	2	-1	-1	-1	0
1632	1698	1689	0	-1	-1	-1	9.0000000000000036
1694	1630	1695	0	-1	-1	-1	9.0000000000000036
1695	1630	1696	0	-1	-1	-1	9.0000000000000036
1711	1650	1660	2	-1	-1	-1	0
1653	1716	1654	2	-1	-1	-1	0
1699	1632	1692	0	-1	-1	-1	9.0000000000000036
1696	1631	1697	0	-1	-1	-1	9.0000000000000036
1675	1678	1674	2	-1	-1	-1	0
1698	1632	1699	0	-1	-1	-1	9.0000000000000036
1697	1633	1700	2	-1	-1	-1	0
1716	1661	1654	2	-1	-1	-1	0
1717	1658	1657	2	-1	-1	-1	0
1658	1717	1659	2	-1	-1	-1	0
1700	1633	1701	2	-1	-1	-1	0
1659	1718	1660	2	-1	-1	-1	0
1704	1642	1702	2	-1	-1	-1	0
1703	1642	1704	2	-1	-1	-1	0
1702	1643	1705	2	-1	-1	-1	0
1705	1643	1706	2	-1	-1	-1	0
1724	1666	1665	2	-1	-1	-1	0
1723	1665	1667	2	-1	-1	-1	0
1721	1676	1662	2	-1	-1	-1	0
1707	1708	1646	2	-1	-1	-1	0
1709	1647	1708	2	-1	-1	-1	0
1727	1669	1668	2	-1	-1	-1	0
1706	1648	1710	2	-1	-1	-1	0
1672	1726	1667	2	-1	-1	-1	0
1670	1727	1668	2	-1	-1	-1	0
1709	1710	1648	2	-1	-1	-1	0
1669	1729	1673	2	-1	-1	-1	0
1711	1712	1649	2	-1	-1	-1	0
1732	1672	1671	2	-1	-1	-1	0
1732	1671	1673	2	-1	-1	-1	0
1677	1730	1670	2	-1	-1	-1	0
1713	1714	1651	2	-1	-1	-1	0
1715	1652	1712	2	-1	-1	-1	0
1715	1713	1652	2	-1	-1	-1	0
1716	1653	1714	2	-1	-1	-1	0
1661	1716	1707	2	-1	-1	-1	0
1735	1675	1676	2	-1	-1	-1	0
1675	1734	1678	2	-1	-1	-1	0
1662	1703	1722	2	-1	-1	-1	0
1677	1678	1736	2	-1	-1	-1	0
1720	1711	1660	2	-1	-1	-1	0
1725	1701	1666	2	-1	-1	-1	0
1659	1717	1718	2	-1	-1	-1	0
1718	1719	1660	2	-1	-1	-1	0
1740	1679	1680	2	-1	-1	-1	0
1720	1660	1719	2	-1	-1	-1	0
1681	1741	1680	2	-1	-1	-1	0
1721	1662	1722	2	-1	-1	-1	0
1683	1744	1682	0	-1	-1	-1	9.0000000000000036
1684	1682	1744	0	-1	-1	-1	9.0000000000000036
1702	1705	1704	2	-1	-1	-1	0
1688	1743	1681	2	-1	-1	-1	0
1724	1665	1723	2	-1	-1	-1	0
1684	1745	1685	2	-1	-1	-1	0
1666	1724	1725	2	-1	-1	-1	0
1723	1667	1726	2	-1	-1	-1	0
1744	1683	1689	0	-1	-1	-1	9.0000000000000036
1747	1687	1685	2	-1	-1	-1	0
1686	1687	1748	2	-1	-1	-1	0
1688	1686	1749	2	-1	-1	-1	0
1728	1669	1727	2	-1	-1	-1	0
1701	1725	1700	2	-1	-1	-1	0
1669	1728	1729	2	-1	-1	-1	0
1670	1731	1727	2	-1	-1	-1	0
1722	1703	1704	2	-1	-1	-1	0
1670	1730	1731	2	-1	-1	-1	0
1726	1672	1733	2	-1	-1	-1	0
1735	1676	1721	2	-1	-1	-1	0
1691	1690	1752	0	-1	-1	-1	9.0000000000000036
1690	1693	1753	0	-1	-1	-1	9.0000000000000036
1729	1732	1673	2	-1	-1	-1	0
1733	1672	1732	2	-1	-1	-1	0
1691	1754	1692	0	-1	-1	-1	9.0000000000000036
1689	1698	1751	0	-1	-1	-1	9.0000000000000036
1756	1693	1694	0	-1	-1	-1	9.0000000000000036
1737	1730	1677	2	-1	-1	-1	0
1734	1675	1735	2	-1	-1	-1	0
1699	1692	1755	0	-1	-1	-1	9.0000000000000036
1695	1758	1694	0	-1	-1	-1	9.0000000000000036
1734	1736	1678	2	-1	-1	-1	0
1696	1759	1695	0	-1	-1	-1	9.0000000000000036
1736	1737	1677	2	-1	-1	-1	0
1696	1697	1760	0	-1	-1	-1	9.0000000000000036
1739	1738	1679	2	-1	-1	-1	0
1740	1739	1679	2	-1	-1	-1	0
1697	1700	1761	2	-1	-1	-1	0
1699	1762	1698	0	-1	-1	-1	9.0000000000000036
1680	1742	1740	2	-1	-1	-1	0
1680	1741	1742	2	-1	-1	-1	0
1681	1743	1741	2	-1	-1	-1	0
1705	1764	1704	2	-1	-1	-1	0
1744	1746	1684	0	-1	-1	-1	9.0000000000000036
1745	1684	1746	0	-1	-1	-1	9.0000000000000036
1706	1765	1705	2	-1	-1	-1	0
1745	1747	1685	2	-1	-1	-1	0
1749	1743	1688	2	-1	-1	-1	0
1706	1710	1765	2	-1	-1	-1	0
1708	1707	1766	2	-1	-1	-1	0
1686	1748	1749	2	-1	-1	-1	0
1751	1744	1689	0	-1	-1	-1	9.0000000000000036
1687	1747	1750	2	-1	-1	-1	0
1750	1748	1687	2	-1	-1	-1	0
1709	1708	1768	2	-1	-1	-1	0
1731	1728	1727	2	-1	-1	-1	0
1761	1700	1725	2	-1	-1	-1	0
1710	1709	1770	2	-1	-1	-1	0
1704	1764	1722	2	-1	-1	-1	0
1716	1767	1707	2	-1	-1	-1	0
1711	1771	1712	2	-1	-1	-1	0
1752	1690	1753	0	-1	-1	-1	9.0000000000000036
1752	1754	1691	0	-1	-1	-1	9.0000000000000036
1772	1715	1712	2	-1	-1	-1	0
1714	1713	1773	2	-1	-1	-1	0
1692	1754	1755	0	-1	-1	-1	9.0000000000000036
1715	1774	1713	2	-1	-1	-1	0
1720	1771	1711	2	-1	-1	-1	0
1757	1753	1693	0	-1	-1	-1	9.0000000000000036
1716	1714	1776	2	-1	-1	-1	0
1693	1756	1757	0	-1	-1	-1	9.0000000000000036
1758	1756	1694	0	-1	-1	-1	9.0000000000000036
1751	1698	1762	0	-1	-1	-1	9.0000000000000036
1758	1695	1759	0	-1	-1	-1	9.0000000000000036
1696	1760	1759	0	-1	-1	-1	9.0000000000000036
1699	1755	1763	0	-1	-1	-1	9.0000000000000036
1761	1760	1697	2	-1	-1	-1	0
1720	1719	1779	2	-1	-1	-1	0
1699	1763	1762	0	-1	-1	-1	9.0000000000000036
1781	1721	1722	2	-1	-1	-1	0
1784	1724	1723	2	-1	-1	-1	0
1784	1723	1726	2	-1	-1	-1	0
1725	1724	1785	2	-1	-1	-1	0
1764	1705	1765	2	-1	-1	-1	0
1721	1781	1735	2	-1	-1	-1	0
1707	1767	1766	2	-1	-1	-1	0
1751	1746	1744	0	-1	-1	-1	9.0000000000000036
1768	1708	1766	2	-1	-1	-1	0
1788	1729	1728	2	-1	-1	-1	0
1710	1770	1765	2	-1	-1	-1	0
1726	1733	1787	2	-1	-1	-1	0
1709	1768	1769	2	-1	-1	-1	0
1709	1769	1770	2	-1	-1	-1	0
1789	1728	1731	2	-1	-1	-1	0
1790	1732	1729	2	-1	-1	-1	0
1731	1730	1792	2	-1	-1	-1	0
1771	1772	1712	2	-1	-1	-1	0
1732	1793	1733	2	-1	-1	-1	0
1792	1730	1737	2	-1	-1	-1	0
1713	1774	1773	2	-1	-1	-1	0
1716	1778	1767	2	-1	-1	-1	0
1714	1773	1775	2	-1	-1	-1	0
1715	1772	1777	2	-1	-1	-1	0
1775	1776	1714	2	-1	-1	-1	0
1735	1797	1734	2	-1	-1	-1	0
1774	1715	1777	2	-1	-1	-1	0
1797	1736	1734	2	-1	-1	-1	0
1764	1783	1722	2	-1	-1	-1	0
1778	1716	1776	2	-1	-1	-1	0
1720	1780	1771	2	-1	-1	-1	0
1761	1725	1786	2	-1	-1	-1	0
1737	1736	1800	2	-1	-1	-1	0
1720	1779	1780	2	-1	-1	-1	0
1803	1738	1739	2	-1	-1	-1	0
1740	1804	1739	2	-1	-1	-1	0
1722	1782	1781	2	-1	-1	-1	0
1722	1783	1782	2	-1	-1	-1	0
1740	1742	1805	2	-1	-1	-1	0
1741	1806	1742	2	-1	-1	-1	0
1807	1741	1743	2	-1	-1	-1	0
1785	1724	1784	2	-1	-1	-1	0
1785	1786	1725	2	-1	-1	-1	0
1787	1784	1726	2	-1	-1	-1	0
1809	1743	1749	2	-1	-1	-1	0
1745	1811	1747	2	-1	-1	-1	0
1746	1812	1745	0	-1	-1	-1	9.0000000000000036
1789	1788	1728	2	-1	-1	-1	0
1791	1729	1788	2	-1	-1	-1	0
1746	1751	1813	0	-1	-1	-1	9.0000000000000036
1791	1790	1729	2	-1	-1	-1	0
1750	1747	1814	2	-1	-1	-1	0
1731	1792	1789	2	-1	-1	-1	0
1748	1750	1815	2	-1	-1	-1	0
1749	1748	1816	2	-1	-1	-1	0
1781	1798	1735	2	-1	-1	-1	0
1787	1733	1795	2	-1	-1	-1	0
1732	1790	1794	2	-1	-1	-1	0
1794	1793	1732	2	-1	-1	-1	0
1796	1733	1793	2	-1	-1	-1	0
1796	1795	1733	2	-1	-1	-1	0
1752	1818	1754	2	-1	-1	-1	0
1753	1819	1752	2	-1	-1	-1	0
1762	1813	1751	0	-1	-1	-1	9.0000000000000036
1737	1801	1792	2	-1	-1	-1	0
1753	1757	1821	2	-1	-1	-1	0
1797	1735	1799	2	-1	-1	-1	0
1755	1754	1822	2	-1	-1	-1	0
1799	1735	1798	2	-1	-1	-1	0
1797	1800	1736	2	-1	-1	-1	0
1737	1800	1801	2	-1	-1	-1	0
1756	1825	1757	0	-1	-1	-1	9.0000000000000036
1758	1826	1756	0	-1	-1	-1	9.0000000000000036
1824	1763	1755	2	-1	-1	-1	0
1738	1803	1802	2	-1	-1	-1	0
1739	1804	1803	2	-1	-1	-1	0
1758	1759	1828	0	-1	-1	-1	9.0000000000000036
1759	1760	1830	0	-1	-1	-1	9.0000000000000036
1804	1740	1805	2	-1	-1	-1	0
1760	1761	1832	2	-1	-1	-1	0
1806	1741	1807	2	-1	-1	-1	0
1808	1805	1742	2	-1	-1	-1	0
1806	1808	1742	2	-1	-1	-1	0
1834	1762	1763	0	-1	-1	-1	9.0000000000000036
1807	1743	1810	2	-1	-1	-1	0
1743	1809	1810	2	-1	-1	-1	0
1765	1837	1764	2	-1	-1	-1	0
1812	1811	1745	0	-1	-1	-1	9.0000000000000036
1746	1813	1812	0	-1	-1	-1	9.0000000000000036
1747	1811	1814	2	-1	-1	-1	0
1766	1767	1840	2	-1	-1	-1	0
1766	1840	1768	2	-1	-1	-1	0
1839	1765	1770	2	-1	-1	-1	0
1809	1749	1817	2	-1	-1	-1	0
1815	1750	1814	2	-1	-1	-1	0
1768	1842	1769	2	-1	-1	-1	0
1815	1816	1748	2	-1	-1	-1	0
1786	1832	1761	2	-1	-1	-1	0
1749	1816	1817	2	-1	-1	-1	0
1769	1845	1770	2	-1	-1	-1	0
1764	1838	1783	2	-1	-1	-1	0
1841	1767	1778	2	-1	-1	-1	0
1846	1772	1771	2	-1	-1	-1	0
1819	1818	1752	2	-1	-1	-1	0
1819	1753	1820	2	-1	-1	-1	0
1753	1821	1820	2	-1	-1	-1	0
1773	1774	1847	2	-1	-1	-1	0
1823	1754	1818	2	-1	-1	-1	0
1777	1772	1846	2	-1	-1	-1	0
1775	1773	1848	2	-1	-1	-1	0
1846	1771	1780	2	-1	-1	-1	0
1823	1822	1754	2	-1	-1	-1	0
1849	1774	1777	2	-1	-1	-1	0
1822	1824	1755	2	-1	-1	-1	0
1851	1776	1775	2	-1	-1	-1	0
1821	1757	1827	2	-1	-1	-1	0
1851	1778	1776	2	-1	-1	-1	0
1756	1826	1825	0	-1	-1	-1	9.0000000000000036
1757	1825	1827	2	-1	-1	-1	0
1813	1762	1835	0	-1	-1	-1	9.0000000000000036
1826	1758	1828	0	-1	-1	-1	9.0000000000000036
1780	1779	1854	2	-1	-1	-1	0
1828	1759	1831	0	-1	-1	-1	9.0000000000000036
1781	1782	1855	2	-1	-1	-1	0
1830	1829	1759	0	-1	-1	-1	9.0000000000000036
1829	1831	1759	0	-1	-1	-1	9.0000000000000036
1832	1830	1760	2	-1	-1	-1	0
1857	1782	1783	2	-1	-1	-1	0
1824	1836	1763	2	-1	-1	-1	0
1858	1785	1784	2	-1	-1	-1	0
1834	1833	1762	0	-1	-1	-1	9.0000000000000036
1833	1835	1762	0	-1	-1	-1	9.0000000000000036
1859	1784	1787	2	-1	-1	-1	0
1785	1860	1786	2	-1	-1	-1	0
1763	1836	1834	2	-1	-1	-1	0
1781	1856	1798	2	-1	-1	-1	0
1838	1764	1837	2	-1	-1	-1	0
1789	1863	1788	2	-1	-1	-1	0
1839	1837	1765	2	-1	-1	-1	0
1791	1788	1863	2	-1	-1	-1	0
1862	1787	1795	2	-1	-1	-1	0
1792	1864	1789	2	-1	-1	-1	0
1791	1866	1790	2	-1	-1	-1	0
1841	1840	1767	2	-1	-1	-1	0
1790	1866	1794	2	-1	-1	-1	0
1843	1768	1840	2	-1	-1	-1	0
1843	1842	1768	2	-1	-1	-1	0
1799	1798	1856	2	-1	-1	-1	0
1839	1770	1845	2	-1	-1	-1	0
1842	1844	1769	2	-1	-1	-1	0
1793	1794	1868	2	-1	-1	-1	0
1864	1792	1801	2	-1	-1	-1	0
1796	1793	1868	2	-1	-1	-1	0
1845	1769	1844	2	-1	-1	-1	0
1813	1835	1812	0	-1	-1	-1	9.0000000000000036
1796	1870	1795	2	-1	-1	-1	0
1847	1848	1773	2	-1	-1	-1	0
1797	1799	1873	2	-1	-1	-1	0
1873	1800	1797	2	-1	-1	-1	0
1774	1850	1847	2	-1	-1	-1	0
1853	1841	1778	2	-1	-1	-1	0
1777	1846	1849	2	-1	-1	-1	0
1774	1849	1850	2	-1	-1	-1	0
1775	1848	1851	2	-1	-1	-1	0
1801	1800	1875	2	-1	-1	-1	0
1832	1786	1860	2	-1	-1	-1	0
1857	1783	1838	2	-1	-1	-1	0
1854	1846	1780	2	-1	-1	-1	0
1778	1851	1852	2	-1	-1	-1	0
1853	1778	1852	2	-1	-1	-1	0
1879	1802	1803	2	-1	-1	-1	0
1803	1804	1880	2	-1	-1	-1	0
1804	1805	1881	2	-1	-1	-1	0
1781	1855	1856	2	-1	-1	-1	0
1857	1855	1782	2	-1	-1	-1	0
1882	1805	1808	2	-1	-1	-1	0
1883	1808	1806	2	-1	-1	-1	0
1884	1806	1807	2	-1	-1	-1	0
1858	1784	1859	2	-1	-1	-1	0
1810	1885	1807	2	-1	-1	-1	0
1858	1861	1785	2	-1	-1	-1	0
1887	1810	1809	2	-1	-1	-1	0
1861	1860	1785	2	-1	-1	-1	0
1787	1862	1859	2	-1	-1	-1	0
1811	1812	1889	0	-1	-1	-1	9.0000000000000036
1809	1817	1887	2	-1	-1	-1	0
1814	1811	1890	2	-1	-1	-1	0
1789	1865	1863	2	-1	-1	-1	0
1865	1789	1864	2	-1	-1	-1	0
1867	1791	1863	2	-1	-1	-1	0
1892	1815	1814	2	-1	-1	-1	0
1815	1893	1816	2	-1	-1	-1	0
1791	1867	1866	2	-1	-1	-1	0
1870	1862	1795	2	-1	-1	-1	0
1817	1816	1895	2	-1	-1	-1	0
1866	1869	1794	2	-1	-1	-1	0
1799	1856	1874	2	-1	-1	-1	0
1869	1868	1794	2	-1	-1	-1	0
1819	1897	1818	2	-1	-1	-1	0
1868	1871	1796	2	-1	-1	-1	0
1796	1872	1870	2	-1	-1	-1	0
1820	1899	1819	2	-1	-1	-1	0
1897	1823	1818	2	-1	-1	-1	0
1891	1812	1835	0	-1	-1	-1	9.0000000000000036
1872	1796	1871	2	-1	-1	-1	0
1821	1900	1820	2	-1	-1	-1	0
1864	1801	1876	2	-1	-1	-1	0
1799	1874	1873	2	-1	-1	-1	0
1823	1903	1822	2	-1	-1	-1	0
1800	1873	1875	2	-1	-1	-1	0
1822	1903	1824	2	-1	-1	-1	0
1827	1902	1821	2	-1	-1	-1	0
1801	1875	1877	2	-1	-1	-1	0
1801	1877	1876	2	-1	-1	-1	0
1826	1906	1825	0	-1	-1	-1	9.0000000000000036
1827	1825	1907	2	-1	-1	-1	0
1879	1878	1802	2	-1	-1	-1	0
1826	1828	1908	0	-1	-1	-1	9.0000000000000036
1803	1880	1879	2	-1	-1	-1	0
1881	1880	1804	2	-1	-1	-1	0
1824	1905	1836	2	-1	-1	-1	0
1828	1831	1908	0	-1	-1	-1	9.0000000000000036
1805	1882	1881	2	-1	-1	-1	0
1910	1829	1830	0	-1	-1	-1	9.0000000000000036
1909	1831	1829	0	-1	-1	-1	9.0000000000000036
1883	1806	1884	2	-1	-1	-1	0
1832	1911	1830	2	-1	-1	-1	0
1884	1807	1885	2	-1	-1	-1	0
1886	1882	1808	2	-1	-1	-1	0
1886	1808	1883	2	-1	-1	-1	0
1835	1833	1914	0	-1	-1	-1	9.0000000000000036
1915	1833	1834	0	-1	-1	-1	9.0000000000000036
1885	1810	1888	2	-1	-1	-1	0
1888	1810	1887	2	-1	-1	-1	0
1916	1834	1836	2	-1	-1	-1	0
1811	1889	1890	0	-1	-1	-1	9.0000000000000036
1889	1812	1891	0	-1	-1	-1	9.0000000000000036
1919	1838	1837	2	-1	-1	-1	0
1839	1919	1837	2	-1	-1	-1	0
1890	1892	1814	2	-1	-1	-1	0
1892	1893	1815	2	-1	-1	-1	0
1896	1887	1817	2	-1	-1	-1	0
1893	1894	1816	2	-1	-1	-1	0
1841	1923	1840	2	-1	-1	-1	0
1860	1913	1832	2	-1	-1	-1	0
1864	1876	1865	2	-1	-1	-1	0
1895	1816	1894	2	-1	-1	-1	0
1845	1922	1839	2	-1	-1	-1	0
1923	1843	1840	2	-1	-1	-1	0
1895	1896	1817	2	-1	-1	-1	0
1924	1842	1843	2	-1	-1	-1	0
1842	1924	1844	2	-1	-1	-1	0
1897	1819	1898	2	-1	-1	-1	0
1899	1898	1819	2	-1	-1	-1	0
1921	1857	1838	2	-1	-1	-1	0
1844	1927	1845	2	-1	-1	-1	0
1923	1841	1853	2	-1	-1	-1	0
1899	1820	1901	2	-1	-1	-1	0
1820	1900	1901	2	-1	-1	-1	0
1902	1900	1821	2	-1	-1	-1	0
1897	1903	1823	2	-1	-1	-1	0
1849	1846	1929	2	-1	-1	-1	0
1930	1848	1847	2	-1	-1	-1	0
1847	1850	1930	2	-1	-1	-1	0
1928	1846	1854	2	-1	-1	-1	0
1903	1904	1824	2	-1	-1	-1	0
1932	1851	1848	2	-1	-1	-1	0
1933	1850	1849	2	-1	-1	-1	0
1905	1824	1904	2	-1	-1	-1	0
1851	1932	1852	2	-1	-1	-1	0
1902	1827	1907	2	-1	-1	-1	0
1906	1907	1825	2	-1	-1	-1	0
1935	1853	1852	2	-1	-1	-1	0
1914	1891	1835	0	-1	-1	-1	9.0000000000000036
1826	1908	1906	0	-1	-1	-1	9.0000000000000036
1910	1909	1829	0	-1	-1	-1	9.0000000000000036
1856	1855	1937	2	-1	-1	-1	0
1937	1855	1857	2	-1	-1	-1	0
1910	1830	1911	2	-1	-1	-1	0
1912	1908	1831	0	-1	-1	-1	9.0000000000000036
1909	1912	1831	0	-1	-1	-1	9.0000000000000036
1913	1911	1832	2	-1	-1	-1	0
1941	1858	1859	2	-1	-1	-1	0
1940	1861	1858	2	-1	-1	-1	0
1918	1836	1905	2	-1	-1	-1	0
1915	1914	1833	0	-1	-1	-1	9.0000000000000036
1859	1862	1942	2	-1	-1	-1	0
1861	1943	1860	2	-1	-1	-1	0
1834	1916	1915	2	-1	-1	-1	0
1916	1836	1917	2	-1	-1	-1	0
1938	1874	1856	2	-1	-1	-1	0
1836	1918	1917	2	-1	-1	-1	0
1863	1865	1948	2	-1	-1	-1	0
1863	1947	1867	2	-1	-1	-1	0
1920	1838	1919	2	-1	-1	-1	0
1862	1870	1946	2	-1	-1	-1	0
1920	1921	1838	2	-1	-1	-1	0
1839	1922	1919	2	-1	-1	-1	0
1867	1950	1866	2	-1	-1	-1	0
1950	1869	1866	2	-1	-1	-1	0
1869	1952	1868	2	-1	-1	-1	0
1876	1949	1865	2	-1	-1	-1	0
1868	1952	1871	2	-1	-1	-1	0
1923	1925	1843	2	-1	-1	-1	0
1843	1925	1924	2	-1	-1	-1	0
1922	1845	1927	2	-1	-1	-1	0
1844	1924	1926	2	-1	-1	-1	0
1870	1872	1955	2	-1	-1	-1	0
1926	1927	1844	2	-1	-1	-1	0
1871	1956	1872	2	-1	-1	-1	0
1846	1928	1929	2	-1	-1	-1	0
1874	1959	1873	2	-1	-1	-1	0
1959	1875	1873	2	-1	-1	-1	0
1930	1931	1848	2	-1	-1	-1	0
1931	1932	1848	2	-1	-1	-1	0
1849	1929	1933	2	-1	-1	-1	0
1923	1853	1936	2	-1	-1	-1	0
1875	1961	1877	2	-1	-1	-1	0
1930	1850	1934	2	-1	-1	-1	0
1877	1962	1876	2	-1	-1	-1	0
1913	1860	1943	2	-1	-1	-1	0
1939	1857	1921	2	-1	-1	-1	0
1850	1933	1934	2	-1	-1	-1	0
1932	1935	1852	2	-1	-1	-1	0
1878	1879	1966	2	-1	-1	-1	0
1853	1935	1936	2	-1	-1	-1	0
1879	1880	1967	2	-1	-1	-1	0
1968	1880	1881	2	-1	-1	-1	0
1937	1938	1856	2	-1	-1	-1	0
1881	1882	1969	2	-1	-1	-1	0
1857	1939	1937	2	-1	-1	-1	0
1883	1884	1971	1	-1	-1	-1	0
1886	1970	1882	2	-1	-1	-1	0
1941	1940	1858	2	-1	-1	-1	0
1972	1886	1883	1	-1	-1	-1	0
1973	1884	1885	1	-1	-1	-1	0
1941	1859	1942	2	-1	-1	-1	0
1940	1945	1861	2	-1	-1	-1	0
1888	1974	1885	1	-1	-1	-1	0
1861	1944	1943	2	-1	-1	-1	0
1946	1942	1862	2	-1	-1	-1	0
1944	1861	1945	2	-1	-1	-1	0
1888	1887	1976	2	-1	-1	-1	0
1978	1890	1889	0	-1	-1	-1	9.0000000000000036
1863	1948	1947	2	-1	-1	-1	0
1891	1978	1889	0	-1	-1	-1	9.0000000000000036
1887	1896	1976	2	-1	-1	-1	0
1890	1979	1892	2	-1	-1	-1	0
1919	1922	1920	2	-1	-1	-1	0
1949	1948	1865	2	-1	-1	-1	0
1947	1951	1867	2	-1	-1	-1	0
1892	1982	1893	2	-1	-1	-1	0
1951	1950	1867	2	-1	-1	-1	0
1946	1870	1955	2	-1	-1	-1	0
1893	1984	1894	2	-1	-1	-1	0
1960	1874	1938	2	-1	-1	-1	0
1953	1869	1950	2	-1	-1	-1	0
1894	1985	1895	2	-1	-1	-1	0
1869	1954	1952	2	-1	-1	-1	0
1869	1953	1954	2	-1	-1	-1	0
1895	1986	1896	2	-1	-1	-1	0
1956	1871	1952	2	-1	-1	-1	0
1872	1957	1955	2	-1	-1	-1	0
1923	1936	1925	2	-1	-1	-1	0
1980	1891	1914	0	-1	-1	-1	9.0000000000000036
1898	1990	1897	2	-1	-1	-1	0
1956	1958	1872	2	-1	-1	-1	0
1949	1876	1962	2	-1	-1	-1	0
1957	1872	1958	2	-1	-1	-1	0
1899	1991	1898	1	-1	-1	-1	0
1990	1903	1897	2	-1	-1	-1	0
1960	1959	1874	2	-1	-1	-1	0
1993	1899	1901	1	-1	-1	-1	0
1961	1875	1959	2	-1	-1	-1	0
1994	1901	1900	2	-1	-1	-1	0
1994	1900	1902	2	-1	-1	-1	0
1963	1877	1961	2	-1	-1	-1	0
1877	1964	1962	2	-1	-1	-1	0
1904	1903	1997	2	-1	-1	-1	0
1963	1964	1877	2	-1	-1	-1	0
1996	1902	1907	2	-1	-1	-1	0
1904	1998	1905	2	-1	-1	-1	0
1966	1965	1878	2	-1	-1	-1	0
1967	1966	1879	2	-1	-1	-1	0
2000	1907	1906	2	-1	-1	-1	0
1908	2001	1906	0	-1	-1	-1	9.0000000000000036
1967	1880	1968	2	-1	-1	-1	0
1881	1969	1968	2	-1	-1	-1	0
1882	1970	1969	2	-1	-1	-1	0
1999	1918	1905	2	-1	-1	-1	0
2003	1908	1912	0	-1	-1	-1	9.0000000000000036
1909	1910	2005	0	-1	-1	-1	9.0000000000000036
2004	1912	1909	0	-1	-1	-1	9.0000000000000036
1883	1971	1972	1	-1	-1	-1	0
1910	1911	2006	2	-1	-1	-1	0
1884	1973	1971	1	-1	-1	-1	0
1911	1913	2006	2	-1	-1	-1	0
1975	1970	1886	1	-1	-1	-1	0
1885	1974	1973	1	-1	-1	-1	0
1972	1975	1886	1	-1	-1	-1	0
1914	1915	2010	0	-1	-1	-1	9.0000000000000036
1974	1888	1977	1	-1	-1	-1	0
1888	1976	1977	1	-1	-1	-1	0
2011	1915	1916	2	-1	-1	-1	0
2011	1916	1917	2	-1	-1	-1	0
1978	1979	1890	0	-1	-1	-1	9.0000000000000036
1917	1918	2012	2	-1	-1	-1	0
1891	1980	1978	0	-1	-1	-1	9.0000000000000036
1979	1981	1892	2	-1	-1	-1	0
1892	1981	1982	2	-1	-1	-1	0
2015	1920	1922	2	-1	-1	-1	0
2016	1921	1920	2	-1	-1	-1	0
1893	1982	1983	2	-1	-1	-1	0
1976	1896	1987	2	-1	-1	-1	0
1893	1983	1984	2	-1	-1	-1	0
1985	1894	1984	2	-1	-1	-1	0
2008	1913	1943	2	-1	-1	-1	0
1927	2015	1922	2	-1	-1	-1	0
1985	1986	1895	2	-1	-1	-1	0
1924	1925	2019	2	-1	-1	-1	0
2020	1926	1924	2	-1	-1	-1	0
1987	1896	1988	2	-1	-1	-1	0
1989	1896	1986	2	-1	-1	-1	0
1988	1896	1989	2	-1	-1	-1	0
1927	1926	2022	2	-1	-1	-1	0
1921	2018	1939	2	-1	-1	-1	0
1992	1990	1898	1	-1	-1	-1	0
2023	1929	1928	2	-1	-1	-1	0
1992	1898	1991	1	-1	-1	-1	0
1925	1936	2021	2	-1	-1	-1	0
1899	1993	1991	1	-1	-1	-1	0
2024	1931	1930	2	-1	-1	-1	0
1933	1929	2023	2	-1	-1	-1	0
1901	1995	1993	1	-1	-1	-1	0
1934	2025	1930	2	-1	-1	-1	0
1990	1997	1903	2	-1	-1	-1	0
1995	1901	1994	1	-1	-1	-1	0
1932	1931	2027	2	-1	-1	-1	0
1935	2021	1936	2	-1	-1	-1	0
1902	1996	1994	2	-1	-1	-1	0
1932	2028	1935	2	-1	-1	-1	0
1933	2029	1934	2	-1	-1	-1	0
1998	1904	1997	2	-1	-1	-1	0
1998	1999	1905	2	-1	-1	-1	0
1914	2010	1980	0	-1	-1	-1	9.0000000000000036
1996	1907	2002	2	-1	-1	-1	0
1937	2031	1938	2	-1	-1	-1	0
2000	1906	2001	2	-1	-1	-1	0
2031	1937	1939	2	-1	-1	-1	0
2002	1907	2000	2	-1	-1	-1	0
2001	1908	2003	0	-1	-1	-1	9.0000000000000036
1941	2034	1940	2	-1	-1	-1	0
1909	2005	2004	0	-1	-1	-1	9.0000000000000036
2035	1941	1942	2	-1	-1	-1	0
2012	1918	1989	2	-1	-1	-1	0
1940	2034	1945	2	-1	-1	-1	0
2006	2005	1910	2	-1	-1	-1	0
1989	1918	2014	2	-1	-1	-1	0
1912	2007	2003	0	-1	-1	-1	9.0000000000000036
2004	2007	1912	0	-1	-1	-1	9.0000000000000036
2036	1942	1946	2	-1	-1	-1	0
2037	1943	1944	2	-1	-1	-1	0
2038	1944	1945	2	-1	-1	-1	0
1913	2009	2006	2	-1	-1	-1	0
1938	2032	1960	2	-1	-1	-1	0
2009	1913	2008	2	-1	-1	-1	0
1918	1999	2014	2	-1	-1	-1	0
2011	2010	1915	2	-1	-1	-1	0
1947	1948	2041	2	-1	-1	-1	0
2041	1951	1947	2	-1	-1	-1	0
2042	1948	1949	2	-1	-1	-1	0
1955	2040	1946	2	-1	-1	-1	0
1917	2013	2011	2	-1	-1	-1	0
2013	1917	2012	2	-1	-1	-1	0
1950	1951	2044	2	-1	-1	-1	0
2044	1953	1950	2	-1	-1	-1	0
1920	2015	2016	2	-1	-1	-1	0
2046	1952	1954	2	-1	-1	-1	0
1962	2043	1949	2	-1	-1	-1	0
2017	1921	2016	2	-1	-1	-1	0
1952	2046	1956	2	-1	-1	-1	0
2048	1954	1953	2	-1	-1	-1	0
1921	2017	2018	2	-1	-1	-1	0
1955	1957	2051	2	-1	-1	-1	0
2019	2020	1924	2	-1	-1	-1	0
1927	2022	2015	2	-1	-1	-1	0
1925	2021	2019	2	-1	-1	-1	0
1958	1956	2052	2	-1	-1	-1	0
2022	1926	2020	2	-1	-1	-1	0
2053	1957	1958	2	-1	-1	-1	0
1961	1959	2055	2	-1	-1	-1	0
2056	1959	1960	2	-1	-1	-1	0
2025	2024	1930	2	-1	-1	-1	0
1963	1961	2055	2	-1	-1	-1	0
2024	2026	1931	2	-1	-1	-1	0
1962	1964	2057	2	-1	-1	-1	0
2021	1935	2028	2	-1	-1	-1	0
2026	2027	1931	2	-1	-1	-1	0
2058	1964	1963	2	-1	-1	-1	0
2029	1933	2023	2	-1	-1	-1	0
1932	2027	2028	2	-1	-1	-1	0
2008	1943	2037	2	-1	-1	-1	0
1934	2030	2025	2	-1	-1	-1	0
2018	2033	1939	2	-1	-1	-1	0
1989	2014	1988	2	-1	-1	-1	0
1965	1966	2061	2	-1	-1	-1	0
2029	2030	1934	2	-1	-1	-1	0
1967	2062	1966	2	-1	-1	-1	0
1967	1968	2063	2	-1	-1	-1	0
1938	2031	2032	2	-1	-1	-1	0
2064	1968	1969	2	-1	-1	-1	0
1969	1970	2064	2	-1	-1	-1	0
2033	2031	1939	2	-1	-1	-1	0
1972	1971	2066	1	-1	-1	-1	0
2035	2034	1941	2	-1	-1	-1	0
1975	2065	1970	1	-1	-1	-1	0
1971	1973	2067	1	-1	-1	-1	0
1942	2036	2035	2	-1	-1	-1	0
1975	1972	2068	1	-1	-1	-1	0
1974	2070	1973	1	-1	-1	-1	0
1945	2034	2039	2	-1	-1	-1	0
1944	2038	2037	2	-1	-1	-1	0
1977	2071	1974	1	-1	-1	-1	0
2039	2038	1945	2	-1	-1	-1	0
1977	1976	2072	1	-1	-1	-1	0
2036	1946	2040	2	-1	-1	-1	0
1979	1978	2074	0	-1	-1	-1	9.0000000000000036
2041	1948	2042	2	-1	-1	-1	0
2074	1978	1980	0	-1	-1	-1	9.0000000000000036
2042	1949	2043	2	-1	-1	-1	0
2072	1976	1987	1	-1	-1	-1	0
1979	2076	1981	2	-1	-1	-1	0
2041	2045	1951	2	-1	-1	-1	0
1951	2045	2044	2	-1	-1	-1	0
2078	1982	1981	2	-1	-1	-1	0
2078	1983	1982	2	-1	-1	-1	0
1953	2044	2047	2	-1	-1	-1	0
1955	2050	2040	2	-1	-1	-1	0
1983	2080	1984	2	-1	-1	-1	0
2048	1953	2047	2	-1	-1	-1	0
1960	2032	2056	2	-1	-1	-1	0
1954	2049	2046	2	-1	-1	-1	0
2081	1985	1984	2	-1	-1	-1	0
2049	1954	2048	2	-1	-1	-1	0
1985	2082	1986	2	-1	-1	-1	0
1956	2046	2052	2	-1	-1	-1	0
1955	2051	2050	2	-1	-1	-1	0
1989	1986	2082	2	-1	-1	-1	0
1988	2083	1987	1	-1	-1	-1	0
2053	2051	1957	2	-1	-1	-1	0
2057	2043	1962	2	-1	-1	-1	0
1958	2052	2054	2	-1	-1	-1	0
2053	1958	2054	2	-1	-1	-1	0
1992	2085	1990	1	-1	-1	-1	0
2010	2077	1980	0	-1	-1	-1	9.0000000000000036
1991	2086	1992	1	-1	-1	-1	0
1991	1993	2086	1	-1	-1	-1	0
2056	2055	1959	2	-1	-1	-1	0
2085	1997	1990	1	-1	-1	-1	0
2088	1993	1995	1	-1	-1	-1	0
2055	2058	1963	2	-1	-1	-1	0
1995	1994	2089	1	-1	-1	-1	0
1994	1996	2089	1	-1	-1	-1	0
2057	1964	2059	2	-1	-1	-1	0
2059	1964	2058	2	-1	-1	-1	0
1989	2082	2012	2	-1	-1	-1	0
2084	1988	2014	1	-1	-1	-1	0
2061	2060	1965	2	-1	-1	-1	0
1997	2093	1998	1	-1	-1	-1	0
2062	2061	1966	2	-1	-1	-1	0
1996	2002	2091	2	-1	-1	-1	0
2094	1999	1998	1	-1	-1	-1	0
1967	2063	2062	2	-1	-1	-1	0
2063	1968	2064	2	-1	-1	-1	0
2001	2096	2000	2	-1	-1	-1	0
2065	2064	1970	1	-1	-1	-1	0
2097	2002	2000	2	-1	-1	-1	0
2001	2003	2098	0	-1	-1	-1	9.0000000000000036
2066	1971	2067	1	-1	-1	-1	0
2069	1972	2066	1	-1	-1	-1	0
2013	2012	2082	2	-1	-1	-1	0
2065	1975	2068	1	-1	-1	-1	0
2007	2098	2003	0	-1	-1	-1	9.0000000000000036
1999	2095	2014	1	-1	-1	-1	0
2069	2068	1972	1	-1	-1	-1	0
2005	2101	2004	0	-1	-1	-1	9.0000000000000036
2070	2067	1973	1	-1	-1	-1	0
2100	2007	2004	0	-1	-1	-1	9.0000000000000036
2102	2005	2006	2	-1	-1	-1	0
1974	2071	2070	1	-1	-1	-1	0
2102	2006	2009	2	-1	-1	-1	0
2071	1977	2073	1	-1	-1	-1	0
2104	2009	2008	2	-1	-1	-1	0
2073	1977	2072	1	-1	-1	-1	0
1979	2074	2075	0	-1	-1	-1	9.0000000000000036
2011	2107	2010	2	-1	-1	-1	0
2076	1979	2075	0	-1	-1	-1	9.0000000000000036
2077	2074	1980	0	-1	-1	-1	9.0000000000000036
2107	2011	2013	2	-1	-1	-1	0
2078	1981	2076	2	-1	-1	-1	0
2016	2015	2109	2	-1	-1	-1	0
2078	2079	1983	2	-1	-1	-1	0
2079	2080	1983	2	-1	-1	-1	0
2083	2072	1987	1	-1	-1	-1	0
2017	2016	2110	2	-1	-1	-1	0
2081	1984	2080	2	-1	-1	-1	0
2017	2111	2018	2	-1	-1	-1	0
2015	2022	2109	2	-1	-1	-1	0
2081	2082	1985	2	-1	-1	-1	0
2008	2037	2104	2	-1	-1	-1	0
2019	2114	2020	2	-1	-1	-1	0
2115	2019	2021	2	-1	-1	-1	0
1988	2084	2083	1	-1	-1	-1	0
2020	2117	2022	2	-1	-1	-1	0
2085	1992	2087	1	-1	-1	-1	0
2021	2028	2115	2	-1	-1	-1	0
2018	2113	2033	2	-1	-1	-1	0
2086	2087	1992	1	-1	-1	-1	0
2025	2118	2024	2	-1	-1	-1	0
2088	2086	1993	1	-1	-1	-1	0
2024	2118	2026	2	-1	-1	-1	0
2090	2088	1995	1	-1	-1	-1	0
2027	2026	2121	2	-1	-1	-1	0
2030	2119	2025	2	-1	-1	-1	0
2089	2090	1995	1	-1	-1	-1	0
2093	1997	2085	1	-1	-1	-1	0
2082	2081	2013	2	-1	-1	-1	0
2089	1996	2092	1	-1	-1	-1	0
2027	2123	2028	2	-1	-1	-1	0
2104	2037	2038	2	-1	-1	-1	0
1996	2091	2092	1	-1	-1	-1	0
2094	1998	2093	1	-1	-1	-1	0
2032	2031	2125	2	-1	-1	-1	0
2094	2095	1999	1	-1	-1	-1	0
2031	2033	2125	2	-1	-1	-1	0
2091	2002	2099	2	-1	-1	-1	0
2014	2095	2084	1	-1	-1	-1	0
2097	2000	2096	2	-1	-1	-1	0
2077	2010	2107	2	-1	-1	-1	0
2001	2098	2096	2	-1	-1	-1	0
2035	2129	2034	2	-1	-1	-1	0
2097	2099	2002	2	-1	-1	-1	0
2034	2128	2039	2	-1	-1	-1	0
2013	2081	2108	2	-1	-1	-1	0
2035	2036	2131	2	-1	-1	-1	0
2101	2100	2004	0	-1	-1	-1	9.0000000000000036
2131	2036	2040	2	-1	-1	-1	0
2101	2005	2102	2	-1	-1	-1	0
2103	2098	2007	0	-1	-1	-1	9.0000000000000036
2100	2103	2007	0	-1	-1	-1	9.0000000000000036
2038	2039	2133	2	-1	-1	-1	0
2032	2125	2056	2	-1	-1	-1	0
2102	2009	2106	2	-1	-1	-1	0
2104	2105	2009	2	-1	-1	-1	0
2041	2042	2137	2	-1	-1	-1	0
2105	2106	2009	2	-1	-1	-1	0
2136	2045	2041	2	-1	-1	-1	0
2138	2042	2043	2	-1	-1	-1	0
2135	2040	2050	2	-1	-1	-1	0
2044	2045	2139	2	-1	-1	-1	0
2013	2108	2107	2	-1	-1	-1	0
2044	2140	2047	2	-1	-1	-1	0
2110	2016	2109	2	-1	-1	-1	0
2046	2049	2142	2	-1	-1	-1	0
2043	2057	2138	2	-1	-1	-1	0
2143	2048	2047	2	-1	-1	-1	0
2141	2052	2046	2	-1	-1	-1	0
2017	2110	2112	2	-1	-1	-1	0
2112	2111	2017	2	-1	-1	-1	0
2144	2049	2048	2	-1	-1	-1	0
2111	2113	2018	2	-1	-1	-1	0
2051	2146	2050	2	-1	-1	-1	0
2141	2054	2052	2	-1	-1	-1	0
2115	2114	2019	2	-1	-1	-1	0
2022	2117	2109	2	-1	-1	-1	0
2116	2020	2114	2	-1	-1	-1	0
2053	2148	2051	2	-1	-1	-1	0
2116	2117	2020	2	-1	-1	-1	0
2053	2054	2148	2	-1	-1	-1	0
2118	2025	2120	2	-1	-1	-1	0
2056	2152	2055	2	-1	-1	-1	0
2120	2025	2119	2	-1	-1	-1	0
2058	2055	2152	2	-1	-1	-1	0
2118	2121	2026	2	-1	-1	-1	0
2115	2028	2124	2	-1	-1	-1	0
2027	2121	2122	2	-1	-1	-1	0
2059	2154	2057	2	-1	-1	-1	0
2122	2123	2027	2	-1	-1	-1	0
2113	2126	2033	2	-1	-1	-1	0
2155	2059	2058	2	-1	-1	-1	0
2038	2132	2104	2	-1	-1	-1	0
2123	2124	2028	2	-1	-1	-1	0
2060	2061	2157	1	-1	-1	-1	0
2062	2158	2061	1	-1	-1	-1	0
2126	2125	2033	2	-1	-1	-1	0
2062	2063	2159	1	-1	-1	-1	0
2160	2063	2064	1	-1	-1	-1	0
2128	2034	2127	2	-1	-1	-1	0
2160	2064	2065	1	-1	-1	-1	0
2129	2127	2034	2	-1	-1	-1	0
2108	2077	2107	2	-1	-1	-1	0
2065	2068	2161	1	-1	-1	-1	0
2130	2129	2035	2	-1	-1	-1	0
2035	2131	2130	2	-1	-1	-1	0
2067	2163	2066	1	-1	-1	-1	0
2069	2161	2068	1	-1	-1	-1	0
2069	2066	2163	1	-1	-1	-1	0
2067	2070	2163	1	-1	-1	-1	0
2134	2039	2128	2	-1	-1	-1	0
2133	2132	2038	2	-1	-1	-1	0
2039	2134	2133	2	-1	-1	-1	0
2131	2040	2135	2	-1	-1	-1	0
2167	2070	2071	1	-1	-1	-1	0
2106	2101	2102	2	-1	-1	-1	0
2073	2168	2071	1	-1	-1	-1	0
2137	2136	2041	2	-1	-1	-1	0
2170	2073	2072	1	-1	-1	-1	0
2138	2137	2042	2	-1	-1	-1	0
2074	2171	2075	0	-1	-1	-1	9.0000000000000036
2045	2136	2139	2	-1	-1	-1	0
2077	2171	2074	0	-1	-1	-1	9.0000000000000036
2076	2075	2172	0	-1	-1	-1	9.0000000000000036
2044	2139	2140	2	-1	-1	-1	0
2072	2083	2169	1	-1	-1	-1	0
2078	2076	2173	2	-1	-1	-1	0
2141	2046	2142	2	-1	-1	-1	0
2140	2143	2047	2	-1	-1	-1	0
2173	2079	2078	2	-1	-1	-1	0
2079	2174	2080	2	-1	-1	-1	0
2135	2050	2146	2	-1	-1	-1	0
2125	2153	2056	2	-1	-1	-1	0
2143	2144	2048	2	-1	-1	-1	0
2142	2049	2145	2	-1	-1	-1	0
2080	2175	2081	2	-1	-1	-1	0
2144	2145	2049	2	-1	-1	-1	0
2083	2084	2176	1	-1	-1	-1	0
2051	2147	2146	2	-1	-1	-1	0
2141	2149	2054	2	-1	-1	-1	0
2051	2148	2147	2	-1	-1	-1	0
2154	2138	2057	2	-1	-1	-1	0
2177	2085	2087	1	-1	-1	-1	0
2087	2086	2179	1	-1	-1	-1	0
2150	2148	2054	2	-1	-1	-1	0
2086	2088	2180	1	-1	-1	-1	0
2149	2151	2054	2	-1	-1	-1	0
2085	2177	2093	1	-1	-1	-1	0
2176	2084	2095	1	-1	-1	-1	0
2151	2150	2054	2	-1	-1	-1	0
2077	2108	2171	2	-1	-1	-1	0
2182	2088	2090	1	-1	-1	-1	0
2056	2153	2152	2	-1	-1	-1	0
2089	2183	2090	1	-1	-1	-1	0
2108	2081	2175	2	-1	-1	-1	0
2092	2183	2089	1	-1	-1	-1	0
2155	2058	2152	2	-1	-1	-1	0
2156	2154	2059	2	-1	-1	-1	0
2186	2092	2091	1	-1	-1	-1	0
2156	2059	2155	2	-1	-1	-1	0
2157	2061	2158	1	-1	-1	-1	0
2094	2093	2189	1	-1	-1	-1	0
2099	2187	2091	2	-1	-1	-1	0
2094	2190	2095	1	-1	-1	-1	0
2159	2158	2062	1	-1	-1	-1	0
2159	2063	2160	1	-1	-1	-1	0
2096	2192	2097	2	-1	-1	-1	0
2098	2192	2096	2	-1	-1	-1	0
2162	2160	2065	1	-1	-1	-1	0
2161	2162	2065	1	-1	-1	-1	0
2097	2195	2099	2	-1	-1	-1	0
2192	2098	2103	2	-1	-1	-1	0
2069	2164	2161	1	-1	-1	-1	0
2069	2163	2165	1	-1	-1	-1	0
2165	2164	2069	1	-1	-1	-1	0
2101	2198	2100	0	-1	-1	-1	9.0000000000000036
2070	2166	2163	1	-1	-1	-1	0
2103	2100	2197	0	-1	-1	-1	9.0000000000000036
2167	2166	2070	1	-1	-1	-1	0
2101	2106	2198	2	-1	-1	-1	0
2071	2168	2167	1	-1	-1	-1	0
2105	2104	2201	2	-1	-1	-1	0
2168	2073	2170	1	-1	-1	-1	0
2072	2169	2170	1	-1	-1	-1	0
2105	2202	2106	2	-1	-1	-1	0
2171	2172	2075	0	-1	-1	-1	9.0000000000000036
2172	2173	2076	0	-1	-1	-1	9.0000000000000036
2109	2206	2110	2	-1	-1	-1	0
2174	2079	2173	2	-1	-1	-1	0
2083	2176	2169	1	-1	-1	-1	0
2112	2110	2206	2	-1	-1	-1	0
2174	2175	2080	2	-1	-1	-1	0
2112	2207	2111	2	-1	-1	-1	0
2111	2208	2113	2	-1	-1	-1	0
2206	2109	2117	2	-1	-1	-1	0
2132	2201	2104	2	-1	-1	-1	0
2114	2115	2211	2	-1	-1	-1	0
2116	2114	2211	2	-1	-1	-1	0
2178	2179	2086	1	-1	-1	-1	0
2178	2086	2180	1	-1	-1	-1	0
2087	2181	2177	1	-1	-1	-1	0
2117	2116	2213	2	-1	-1	-1	0
2087	2179	2181	1	-1	-1	-1	0
2210	2126	2113	2	-1	-1	-1	0
2088	2182	2180	1	-1	-1	-1	0
2124	2211	2115	2	-1	-1	-1	0
2118	2120	2214	2	-1	-1	-1	0
2121	2118	2215	2	-1	-1	-1	0
2216	2120	2119	2	-1	-1	-1	0
2090	2184	2182	1	-1	-1	-1	0
2090	2183	2185	1	-1	-1	-1	0
2093	2177	2189	1	-1	-1	-1	0
2090	2185	2184	1	-1	-1	-1	0
2217	2122	2121	2	-1	-1	-1	0
2176	2095	2191	1	-1	-1	-1	0
2183	2092	2188	1	-1	-1	-1	0
2123	2122	2218	2	-1	-1	-1	0
2186	2091	2187	1	-1	-1	-1	0
2188	2092	2186	1	-1	-1	-1	0
2220	2124	2123	2	-1	-1	-1	0
2190	2094	2189	1	-1	-1	-1	0
2125	2126	2222	2	-1	-1	-1	0
2191	2095	2190	1	-1	-1	-1	0
2129	2224	2127	2	-1	-1	-1	0
2127	2225	2128	2	-1	-1	-1	0
2196	2187	2099	2	-1	-1	-1	0
2194	2097	2192	2	-1	-1	-1	0
2108	2205	2171	2	-1	-1	-1	0
2097	2194	2193	2	-1	-1	-1	0
2195	2097	2193	2	-1	-1	-1	0
2130	2227	2129	2	-1	-1	-1	0
2226	2134	2128	2	-1	-1	-1	0
2205	2108	2175	2	-1	-1	-1	0
2196	2099	2195	2	-1	-1	-1	0
2130	2131	2230	2	-1	-1	-1	0
2103	2199	2192	2	-1	-1	-1	0
2197	2100	2198	0	-1	-1	-1	9.0000000000000036
2135	2230	2131	2	-1	-1	-1	0
2232	2132	2133	2	-1	-1	-1	0
2153	2125	2222	2	-1	-1	-1	0
2200	2103	2197	0	-1	-1	-1	9.0000000000000036
2233	2133	2134	2	-1	-1	-1	0
2103	2200	2199	2	-1	-1	-1	0
2198	2106	2204	2	-1	-1	-1	0
2105	2201	2203	2	-1	-1	-1	0
2136	2137	2236	2	-1	-1	-1	0
2203	2202	2105	2	-1	-1	-1	0
2204	2106	2202	2	-1	-1	-1	0
2237	2139	2136	2	-1	-1	-1	0
2238	2137	2138	2	-1	-1	-1	0
2235	2135	2146	2	-1	-1	-1	0
2173	2172	2174	2	-1	-1	-1	0
2140	2139	2240	2	-1	-1	-1	0
2241	2143	2140	2	-1	-1	-1	0
2243	2141	2142	2	-1	-1	-1	0
2111	2207	2208	2	-1	-1	-1	0
2112	2206	2209	2	-1	-1	-1	0
2207	2112	2209	2	-1	-1	-1	0
2138	2154	2239	2	-1	-1	-1	0
2210	2113	2208	2	-1	-1	-1	0
2244	2142	2145	2	-1	-1	-1	0
2143	2245	2144	2	-1	-1	-1	0
2141	2243	2149	2	-1	-1	-1	0
2206	2117	2213	2	-1	-1	-1	0
2145	2144	2248	2	-1	-1	-1	0
2212	2116	2211	2	-1	-1	-1	0
2213	2116	2212	2	-1	-1	-1	0
2147	2249	2146	2	-1	-1	-1	0
2147	2148	2250	2	-1	-1	-1	0
2214	2215	2118	2	-1	-1	-1	0
2172	2171	2205	2	-1	-1	-1	0
2250	2148	2150	2	-1	-1	-1	0
2216	2214	2120	2	-1	-1	-1	0
2151	2149	2251	2	-1	-1	-1	0
2172	2205	2174	2	-1	-1	-1	0
2121	2215	2217	2	-1	-1	-1	0
2175	2174	2205	2	-1	-1	-1	0
2151	2253	2150	2	-1	-1	-1	0
2211	2124	2221	2	-1	-1	-1	0
2185	2183	2188	1	-1	-1	-1	0
2217	2219	2122	2	-1	-1	-1	0
2218	2122	2219	2	-1	-1	-1	0
2210	2223	2126	2	-1	-1	-1	0
2153	2255	2152	2	-1	-1	-1	0
2123	2218	2220	2	-1	-1	-1	0
2155	2152	2256	2	-1	-1	-1	0
2201	2132	2231	2	-1	-1	-1	0
2221	2124	2220	2	-1	-1	-1	0
2154	2156	2258	2	-1	-1	-1	0
2155	2260	2156	2	-1	-1	-1	0
2223	2222	2126	2	-1	-1	-1	0
2261	2157	2158	1	-1	-1	-1	0
2127	2224	2225	2	-1	-1	-1	0
2226	2128	2225	2	-1	-1	-1	0
2129	2228	2224	2	-1	-1	-1	0
2262	2158	2159	1	-1	-1	-1	0
2159	2160	2263	1	-1	-1	-1	0
2227	2228	2129	2	-1	-1	-1	0
2160	2162	2263	1	-1	-1	-1	0
2227	2130	2229	2	-1	-1	-1	0
2161	2264	2162	1	-1	-1	-1	0
2164	2264	2161	1	-1	-1	-1	0
2229	2130	2230	2	-1	-1	-1	0
2134	2226	2234	2	-1	-1	-1	0
2231	2132	2232	2	-1	-1	-1	0
2267	2165	2163	1	-1	-1	-1	0
2268	2163	2166	1	-1	-1	-1	0
2165	2269	2164	1	-1	-1	-1	0
2232	2133	2233	2	-1	-1	-1	0
2135	2235	2230	2	-1	-1	-1	0
2134	2234	2233	2	-1	-1	-1	0
2273	2166	2167	1	-1	-1	-1	0
2136	2236	2237	2	-1	-1	-1	0
2275	2167	2168	1	-1	-1	-1	0
2238	2236	2137	2	-1	-1	-1	0
2168	2170	2276	1	-1	-1	-1	0
2239	2238	2138	2	-1	-1	-1	0
2237	2240	2139	2	-1	-1	-1	0
2170	2169	2278	1	-1	-1	-1	0
2193	2231	2195	2	-1	-1	-1	0
2240	2242	2140	2	-1	-1	-1	0
2195	2232	2196	2	-1	-1	-1	0
2242	2241	2140	2	-1	-1	-1	0
2169	2176	2278	1	-1	-1	-1	0
2243	2142	2244	2	-1	-1	-1	0
2241	2246	2143	2	-1	-1	-1	0
2235	2146	2249	2	-1	-1	-1	0
2143	2246	2245	2	-1	-1	-1	0
2245	2247	2144	2	-1	-1	-1	0
2222	2257	2153	2	-1	-1	-1	0
2181	2279	2177	1	-1	-1	-1	0
2178	2280	2179	2	-1	-1	-1	0
2248	2244	2145	2	-1	-1	-1	0
2281	2178	2180	2	-1	-1	-1	0
2247	2248	2144	2	-1	-1	-1	0
2179	2282	2181	2	-1	-1	-1	0
2251	2149	2243	2	-1	-1	-1	0
2278	2176	2191	1	-1	-1	-1	0
2279	2189	2177	1	-1	-1	-1	0
2283	2180	2182	2	-1	-1	-1	0
2250	2249	2147	2	-1	-1	-1	0
2283	2182	2184	2	-1	-1	-1	0
2154	2258	2239	2	-1	-1	-1	0
2252	2250	2150	2	-1	-1	-1	0
2253	2252	2150	2	-1	-1	-1	0
2254	2151	2251	2	-1	-1	-1	0
2288	2184	2185	1	-1	-1	-1	0
2195	2231	2232	2	-1	-1	-1	0
2254	2253	2151	2	-1	-1	-1	0
2279	2190	2189	1	-1	-1	-1	0
2190	2279	2191	1	-1	-1	-1	0
2233	2196	2232	2	-1	-1	-1	0
2185	2188	2289	1	-1	-1	-1	0
2290	2186	2187	1	-1	-1	-1	0
2188	2186	2289	1	-1	-1	-1	0
2256	2152	2255	2	-1	-1	-1	0
2153	2257	2255	2	-1	-1	-1	0
2155	2256	2259	2	-1	-1	-1	0
2155	2259	2260	2	-1	-1	-1	0
2258	2156	2260	2	-1	-1	-1	0
2187	2196	2291	2	-1	-1	-1	0
2192	2294	2194	2	-1	-1	-1	0
2262	2261	2158	1	-1	-1	-1	0
2295	2193	2194	2	-1	-1	-1	0
2159	2263	2262	1	-1	-1	-1	0
2192	2199	2294	2	-1	-1	-1	0
2264	2265	2162	1	-1	-1	-1	0
2162	2266	2263	1	-1	-1	-1	0
2198	2297	2197	0	-1	-1	-1	9.0000000000000036
2266	2162	2265	1	-1	-1	-1	0
2200	2197	2297	0	-1	-1	-1	9.0000000000000036
2298	2199	2200	2	-1	-1	-1	0
2269	2264	2164	1	-1	-1	-1	0
2163	2268	2267	1	-1	-1	-1	0
2297	2198	2204	2	-1	-1	-1	0
2201	2295	2203	2	-1	-1	-1	0
2222	2223	2257	2	-1	-1	-1	0
2165	2267	2271	1	-1	-1	-1	0
2269	2165	2270	1	-1	-1	-1	0
2300	2202	2203	2	-1	-1	-1	0
2271	2270	2165	1	-1	-1	-1	0
2166	2272	2268	1	-1	-1	-1	0
2204	2202	2300	2	-1	-1	-1	0
2273	2272	2166	1	-1	-1	-1	0
2274	2273	2167	1	-1	-1	-1	0
2167	2275	2274	1	-1	-1	-1	0
2302	2209	2206	2	-1	-1	-1	0
2303	2208	2207	2	-1	-1	-1	0
2295	2231	2193	2	-1	-1	-1	0
2209	2303	2207	2	-1	-1	-1	0
2277	2275	2168	1	-1	-1	-1	0
2291	2196	2233	2	-1	-1	-1	0
2206	2213	2302	2	-1	-1	-1	0
2168	2276	2277	1	-1	-1	-1	0
2305	2210	2208	2	-1	-1	-1	0
2170	2278	2276	1	-1	-1	-1	0
2231	2295	2201	2	-1	-1	-1	0
2308	2212	2211	2	-1	-1	-1	0
2213	2212	2310	2	-1	-1	-1	0
2305	2223	2210	2	-1	-1	-1	0
2178	2281	2280	2	-1	-1	-1	0
2311	2215	2214	2	-1	-1	-1	0
2308	2211	2221	2	-1	-1	-1	0
2282	2179	2280	2	-1	-1	-1	0
2214	2216	2311	2	-1	-1	-1	0
2215	2312	2217	2	-1	-1	-1	0
2281	2180	2284	2	-1	-1	-1	0
2285	2279	2181	1	-1	-1	-1	0
2180	2283	2284	2	-1	-1	-1	0
2286	2181	2282	2	-1	-1	-1	0
2219	2217	2314	2	-1	-1	-1	0
2286	2285	2181	2	-1	-1	-1	0
2218	2219	2316	2	-1	-1	-1	0
2220	2218	2315	2	-1	-1	-1	0
2287	2283	2184	2	-1	-1	-1	0
2291	2233	2234	2	-1	-1	-1	0
2318	2221	2220	2	-1	-1	-1	0
2288	2287	2184	2	-1	-1	-1	0
2191	2293	2278	1	-1	-1	-1	0
2279	2292	2191	1	-1	-1	-1	0
2288	2185	2289	1	-1	-1	-1	0
2186	2290	2289	1	-1	-1	-1	0
2291	2290	2187	1	-1	-1	-1	0
2224	2320	2225	1	-1	-1	-1	0
2225	2322	2226	1	-1	-1	-1	0
2228	2321	2224	1	-1	-1	-1	0
2292	2293	2191	1	-1	-1	-1	0
2324	2228	2227	2	-1	-1	-1	0
2324	2227	2229	2	-1	-1	-1	0
2226	2323	2234	1	-1	-1	-1	0
2294	2296	2194	2	-1	-1	-1	0
2326	2229	2230	2	-1	-1	-1	0
2296	2295	2194	2	-1	-1	-1	0
2298	2294	2199	2	-1	-1	-1	0
2263	2266	2262	1	-1	-1	-1	0
2230	2235	2328	2	-1	-1	-1	0
2296	2203	2295	2	-1	-1	-1	0
2200	2297	2299	0	-1	-1	-1	9.0000000000000036
2200	2299	2298	2	-1	-1	-1	0
2203	2296	2301	2	-1	-1	-1	0
2319	2257	2223	2	-1	-1	-1	0
2300	2297	2204	2	-1	-1	-1	0
2301	2300	2203	2	-1	-1	-1	0
2236	2333	2237	2	-1	-1	-1	0
2238	2332	2236	2	-1	-1	-1	0
2268	2271	2267	1	-1	-1	-1	0
2237	2334	2240	2	-1	-1	-1	0
2238	2239	2335	2	-1	-1	-1	0
2304	2208	2303	2	-1	-1	-1	0
2305	2208	2304	2	-1	-1	-1	0
2235	2249	2331	2	-1	-1	-1	0
2306	2303	2209	2	-1	-1	-1	0
2209	2302	2307	2	-1	-1	-1	0
2240	2336	2242	2	-1	-1	-1	0
2241	2242	2337	2	-1	-1	-1	0
2307	2306	2209	2	-1	-1	-1	0
2337	2246	2241	2	-1	-1	-1	0
2302	2213	2310	2	-1	-1	-1	0
2243	2244	2339	2	-1	-1	-1	0
2308	2309	2212	2	-1	-1	-1	0
2212	2309	2310	2	-1	-1	-1	0
2258	2335	2239	2	-1	-1	-1	0
2248	2340	2244	2	-1	-1	-1	0
2245	2246	2341	2	-1	-1	-1	0
2247	2245	2341	2	-1	-1	-1	0
2243	2339	2251	2	-1	-1	-1	0
2248	2247	2343	2	-1	-1	-1	0
2215	2311	2312	2	-1	-1	-1	0
2313	2217	2312	2	-1	-1	-1	0
2250	2344	2249	2	-1	-1	-1	0
2314	2217	2313	2	-1	-1	-1	0
2250	2252	2345	2	-1	-1	-1	0
2293	2276	2278	1	-1	-1	-1	0
2308	2221	2318	2	-1	-1	-1	0
2223	2305	2319	2	-1	-1	-1	0
2315	2218	2316	2	-1	-1	-1	0
2314	2317	2219	2	-1	-1	-1	0
2316	2219	2317	2	-1	-1	-1	0
2254	2251	2347	2	-1	-1	-1	0
2318	2220	2315	2	-1	-1	-1	0
2253	2348	2252	2	-1	-1	-1	0
2329	2291	2234	1	-1	-1	-1	0
2352	2253	2254	2	-1	-1	-1	0
2320	2224	2321	1	-1	-1	-1	0
2255	2355	2256	2	-1	-1	-1	0
2355	2255	2257	2	-1	-1	-1	0
2322	2225	2320	1	-1	-1	-1	0
2256	2356	2259	2	-1	-1	-1	0
2226	2322	2323	1	-1	-1	-1	0
2228	2325	2321	1	-1	-1	-1	0
2258	2260	2357	2	-1	-1	-1	0
2228	2324	2325	1	-1	-1	-1	0
2359	2260	2259	2	-1	-1	-1	0
2229	2327	2324	2	-1	-1	-1	0
2326	2327	2229	2	-1	-1	-1	0
2326	2230	2328	2	-1	-1	-1	0
2262	2361	2261	1	-1	-1	-1	0
2329	2234	2323	1	-1	-1	-1	0
2294	2298	2296	2	-1	-1	-1	0
2361	2262	2266	1	-1	-1	-1	0
2264	2362	2265	1	-1	-1	-1	0
2235	2330	2328	2	-1	-1	-1	0
2265	2364	2266	1	-1	-1	-1	0
2298	2301	2296	2	-1	-1	-1	0
2299	2297	2300	2	-1	-1	-1	0
2264	2269	2363	1	-1	-1	-1	0
2330	2235	2331	2	-1	-1	-1	0
2301	2298	2299	2	-1	-1	-1	0
2301	2299	2300	2	-1	-1	-1	0
2236	2332	2333	2	-1	-1	-1	0
2333	2334	2237	2	-1	-1	-1	0
2238	2335	2332	2	-1	-1	-1	0
2268	2366	2271	1	-1	-1	-1	0
2272	2365	2268	1	-1	-1	-1	0
2270	2367	2269	1	-1	-1	-1	0
2329	2289	2290	1	-1	-1	-1	0
2291	2329	2290	1	-1	-1	-1	0
2240	2334	2336	2	-1	-1	-1	0
2270	2271	2369	1	-1	-1	-1	0
2338	2242	2336	2	-1	-1	-1	0
2338	2337	2242	2	-1	-1	-1	0
2273	2372	2272	1	-1	-1	-1	0
2307	2302	2310	2	-1	-1	-1	0
2374	2273	2274	1	-1	-1	-1	0
2340	2339	2244	2	-1	-1	-1	0
2331	2249	2344	2	-1	-1	-1	0
2275	2375	2274	1	-1	-1	-1	0
2246	2337	2342	2	-1	-1	-1	0
2376	2275	2277	1	-1	-1	-1	0
2341	2246	2342	2	-1	-1	-1	0
2277	2276	2377	1	-1	-1	-1	0
2341	2343	2247	2	-1	-1	-1	0
2355	2257	2319	2	-1	-1	-1	0
2248	2343	2340	2	-1	-1	-1	0
2346	2251	2339	2	-1	-1	-1	0
2250	2345	2344	2	-1	-1	-1	0
2280	2281	2380	2	-1	-1	-1	0
2282	2280	2380	2	-1	-1	-1	0
2279	2285	2379	1	-1	-1	-1	0
2347	2251	2346	2	-1	-1	-1	0
2345	2252	2349	2	-1	-1	-1	0
2377	2276	2293	1	-1	-1	-1	0
2284	2381	2281	2	-1	-1	-1	0
2349	2252	2348	2	-1	-1	-1	0
2292	2279	2379	1	-1	-1	-1	0
2286	2282	2383	2	-1	-1	-1	0
2258	2358	2335	2	-1	-1	-1	0
2283	2384	2284	2	-1	-1	-1	0
2253	2351	2348	2	-1	-1	-1	0
2351	2253	2350	2	-1	-1	-1	0
2254	2347	2353	2	-1	-1	-1	0
2384	2283	2287	2	-1	-1	-1	0
2350	2253	2352	2	-1	-1	-1	0
2285	2286	2387	2	-1	-1	-1	0
2352	2254	2354	2	-1	-1	-1	0
2354	2254	2353	2	-1	-1	-1	0
2288	2390	2287	2	-1	-1	-1	0
2355	2356	2256	2	-1	-1	-1	0
2288	2289	2393	1	-1	-1	-1	0
2258	2357	2358	2	-1	-1	-1	0
2356	2360	2259	2	-1	-1	-1	0
2357	2260	2359	2	-1	-1	-1	0
2360	2359	2259	2	-1	-1	-1	0
2394	2293	2292	1	-1	-1	-1	0
2362	2264	2363	1	-1	-1	-1	0
2362	2364	2265	1	-1	-1	-1	0
2361	2266	2364	1	-1	-1	-1	0
2365	2366	2268	1	-1	-1	-1	0
2363	2269	2367	1	-1	-1	-1	0
2304	2303	2395	2	-1	-1	-1	0
2395	2303	2306	2	-1	-1	-1	0
2305	2304	2396	2	-1	-1	-1	0
2270	2368	2367	1	-1	-1	-1	0
2368	2270	2369	1	-1	-1	-1	0
2370	2271	2366	1	-1	-1	-1	0
2272	2372	2365	1	-1	-1	-1	0
2271	2371	2369	1	-1	-1	-1	0
2398	2306	2307	2	-1	-1	-1	0
2329	2393	2289	1	-1	-1	-1	0
2371	2271	2370	1	-1	-1	-1	0
2307	2310	2399	2	-1	-1	-1	0
2400	2309	2308	2	-1	-1	-1	0
2373	2372	2273	1	-1	-1	-1	0
2309	2401	2310	2	-1	-1	-1	0
2374	2373	2273	1	-1	-1	-1	0
2397	2319	2305	2	-1	-1	-1	0
2375	2374	2274	1	-1	-1	-1	0
2375	2275	2376	1	-1	-1	-1	0
2400	2308	2318	2	-1	-1	-1	0
2313	2403	2314	2	-1	-1	-1	0
2378	2376	2277	1	-1	-1	-1	0
2377	2378	2277	1	-1	-1	-1	0
2403	2317	2314	2	-1	-1	-1	0
2404	2315	2316	2	-1	-1	-1	0
2318	2315	2404	2	-1	-1	-1	0
2316	2317	2405	2	-1	-1	-1	0
2381	2380	2281	2	-1	-1	-1	0
2380	2382	2282	2	-1	-1	-1	0
2383	2282	2382	2	-1	-1	-1	0
2284	2385	2381	2	-1	-1	-1	0
2321	2411	2320	1	-1	-1	-1	0
2410	2322	2320	1	-1	-1	-1	0
2388	2379	2285	1	-1	-1	-1	0
2386	2284	2384	2	-1	-1	-1	0
2386	2385	2284	2	-1	-1	-1	0
2286	2383	2389	2	-1	-1	-1	0
2322	2414	2323	1	-1	-1	-1	0
2413	2321	2325	1	-1	-1	-1	0
2387	2388	2285	2	-1	-1	-1	0
2390	2384	2287	2	-1	-1	-1	0
2286	2389	2387	2	-1	-1	-1	0
2324	2415	2325	1	-1	-1	-1	0
2293	2394	2377	1	-1	-1	-1	0
2379	2394	2292	1	-1	-1	-1	0
2324	2327	2415	1	-1	-1	-1	0
2414	2329	2323	1	-1	-1	-1	0
2391	2390	2288	2	-1	-1	-1	0
2326	2417	2327	2	-1	-1	-1	0
2328	2417	2326	2	-1	-1	-1	0
2391	2288	2392	2	-1	-1	-1	0
2288	2393	2392	1	-1	-1	-1	0
2419	2328	2330	2	-1	-1	-1	0
2319	2408	2355	2	-1	-1	-1	0
2421	2330	2331	2	-1	-1	-1	0
2333	2332	2424	2	-1	-1	-1	0
2332	2335	2423	2	-1	-1	-1	0
2333	2425	2334	2	-1	-1	-1	0
2304	2395	2396	2	-1	-1	-1	0
2334	2426	2336	2	-1	-1	-1	0
2422	2331	2344	2	-1	-1	-1	0
2305	2396	2397	2	-1	-1	-1	0
2398	2395	2306	2	-1	-1	-1	0
2338	2336	2427	2	-1	-1	-1	0
2337	2338	2428	2	-1	-1	-1	0
2398	2307	2399	2	-1	-1	-1	0
2342	2337	2429	2	-1	-1	-1	0
2340	2431	2339	2	-1	-1	-1	0
2310	2401	2399	2	-1	-1	-1	0
2309	2400	2402	2	-1	-1	-1	0
2309	2402	2401	2	-1	-1	-1	0
2431	2340	2343	2	-1	-1	-1	0
2342	2433	2341	2	-1	-1	-1	0
2431	2346	2339	2	-1	-1	-1	0
2335	2358	2423	2	-1	-1	-1	0
2341	2432	2343	2	-1	-1	-1	0
2356	2355	2408	2	-1	-1	-1	0
2319	2397	2409	2	-1	-1	-1	0
2318	2407	2400	2	-1	-1	-1	0
2344	2345	2436	2	-1	-1	-1	0
2316	2405	2404	2	-1	-1	-1	0
2317	2403	2406	2	-1	-1	-1	0
2406	2405	2317	2	-1	-1	-1	0
2407	2318	2404	2	-1	-1	-1	0
2437	2345	2349	2	-1	-1	-1	0
2439	2347	2346	2	-1	-1	-1	0
2319	2409	2408	2	-1	-1	-1	0
2414	2393	2329	1	-1	-1	-1	0
2349	2348	2441	2	-1	-1	-1	0
2348	2351	2441	2	-1	-1	-1	0
2440	2353	2347	2	-1	-1	-1	0
2320	2411	2410	1	-1	-1	-1	0
2412	2411	2321	1	-1	-1	-1	0
2443	2351	2350	1	-1	-1	-1	0
2414	2322	2410	1	-1	-1	-1	0
2352	2444	2350	1	-1	-1	-1	0
2413	2412	2321	1	-1	-1	-1	0
2352	2354	2446	1	-1	-1	-1	0
2353	2447	2354	2	-1	-1	-1	0
2325	2416	2413	1	-1	-1	-1	0
2325	2415	2416	1	-1	-1	-1	0
2415	2327	2418	1	-1	-1	-1	0
2379	2388	2394	1	-1	-1	-1	0
2418	2327	2417	1	-1	-1	-1	0
2417	2328	2420	2	-1	-1	-1	0
2449	2360	2356	2	-1	-1	-1	0
2358	2357	2450	2	-1	-1	-1	0
2359	2451	2357	2	-1	-1	-1	0
2419	2420	2328	2	-1	-1	-1	0
2421	2419	2330	2	-1	-1	-1	0
2359	2360	2454	2	-1	-1	-1	0
2422	2421	2331	2	-1	-1	-1	0
2332	2423	2424	2	-1	-1	-1	0
2425	2333	2424	2	-1	-1	-1	0
2425	2426	2334	2	-1	-1	-1	0
2366	2365	2457	1	-1	-1	-1	0
2336	2426	2427	2	-1	-1	-1	0
2428	2338	2427	2	-1	-1	-1	0
2457	2365	2372	1	-1	-1	-1	0
2370	2366	2459	1	-1	-1	-1	0
2430	2337	2428	2	-1	-1	-1	0
2337	2430	2429	2	-1	-1	-1	0
2460	2368	2369	1	-1	-1	-1	0
2371	2460	2369	1	-1	-1	-1	0
2461	2371	2370	1	-1	-1	-1	0
2344	2436	2422	2	-1	-1	-1	0
2342	2429	2435	2	-1	-1	-1	0
2431	2343	2432	2	-1	-1	-1	0
2434	2432	2341	2	-1	-1	-1	0
2372	2373	2463	1	-1	-1	-1	0
2434	2341	2433	2	-1	-1	-1	0
2342	2435	2433	2	-1	-1	-1	0
2408	2449	2356	2	-1	-1	-1	0
2373	2374	2466	2	-1	-1	-1	0
2438	2346	2431	2	-1	-1	-1	0
2375	2467	2374	2	-1	-1	-1	0
2436	2345	2437	2	-1	-1	-1	0
2375	2376	2468	2	-1	-1	-1	0
2378	2469	2376	2	-1	-1	-1	0
2439	2346	2438	2	-1	-1	-1	0
2378	2377	2470	1	-1	-1	-1	0
2440	2347	2439	2	-1	-1	-1	0
2349	2442	2437	2	-1	-1	-1	0
2442	2349	2441	2	-1	-1	-1	0
2452	2423	2358	2	-1	-1	-1	0
2472	2382	2380	2	-1	-1	-1	0
2473	2380	2381	2	-1	-1	-1	0
2443	2350	2444	1	-1	-1	-1	0
2351	2445	2441	1	-1	-1	-1	0
2473	2381	2385	2	-1	-1	-1	0
2382	2474	2383	2	-1	-1	-1	0
2443	2445	2351	1	-1	-1	-1	0
2353	2440	2447	2	-1	-1	-1	0
2377	2394	2470	1	-1	-1	-1	0
2352	2446	2444	1	-1	-1	-1	0
2384	2476	2386	2	-1	-1	-1	0
2475	2389	2383	2	-1	-1	-1	0
2446	2354	2448	1	-1	-1	-1	0
2354	2447	2448	1	-1	-1	-1	0
2385	2386	2478	2	-1	-1	-1	0
2390	2476	2384	2	-1	-1	-1	0
2388	2470	2394	1	-1	-1	-1	0
2480	2388	2387	2	-1	-1	-1	0
2480	2387	2389	2	-1	-1	-1	0
2357	2451	2450	2	-1	-1	-1	0
2450	2452	2358	2	-1	-1	-1	0
2453	2451	2359	2	-1	-1	-1	0
2390	2391	2482	2	-1	-1	-1	0
2360	2449	2455	2	-1	-1	-1	0
2409	2449	2408	2	-1	-1	-1	0
2453	2359	2454	2	-1	-1	-1	0
2484	2391	2392	2	-1	-1	-1	0
2456	2454	2360	2	-1	-1	-1	0
2456	2360	2455	2	-1	-1	-1	0
2486	2392	2393	1	-1	-1	-1	0
2416	2444	2413	1	-1	-1	-1	0
2487	2396	2395	2	-1	-1	-1	0
2457	2458	2366	1	-1	-1	-1	0
2397	2396	2489	2	-1	-1	-1	0
2395	2398	2488	2	-1	-1	-1	0
2366	2458	2459	1	-1	-1	-1	0
2491	2398	2399	2	-1	-1	-1	0
2459	2461	2370	1	-1	-1	-1	0
2462	2460	2371	1	-1	-1	-1	0
2372	2464	2457	1	-1	-1	-1	0
2401	2493	2399	2	-1	-1	-1	0
2393	2414	2486	1	-1	-1	-1	0
2462	2371	2461	1	-1	-1	-1	0
2397	2490	2409	2	-1	-1	-1	0
2400	2494	2402	2	-1	-1	-1	0
2493	2401	2402	2	-1	-1	-1	0
2464	2372	2463	1	-1	-1	-1	0
2373	2465	2463	2	-1	-1	-1	0
2495	2400	2407	2	-1	-1	-1	0
2413	2444	2446	1	-1	-1	-1	0
2466	2465	2373	2	-1	-1	-1	0
2405	2497	2404	2	-1	-1	-1	0
2413	2446	2448	1	-1	-1	-1	0
2374	2467	2466	2	-1	-1	-1	0
2404	2497	2407	2	-1	-1	-1	0
2498	2405	2406	2	-1	-1	-1	0
2375	2468	2467	2	-1	-1	-1	0
2455	2449	2409	2	-1	-1	-1	0
2376	2469	2468	2	-1	-1	-1	0
2378	2471	2469	2	-1	-1	-1	0
2471	2378	2470	2	-1	-1	-1	0
2411	2500	2410	1	-1	-1	-1	0
2500	2414	2410	1	-1	-1	-1	0
2412	2501	2411	1	-1	-1	-1	0
2380	2473	2472	2	-1	-1	-1	0
2474	2382	2472	2	-1	-1	-1	0
2504	2412	2413	1	-1	-1	-1	0
2383	2474	2475	2	-1	-1	-1	0
2385	2477	2473	2	-1	-1	-1	0
2415	2506	2416	1	-1	-1	-1	0
2388	2480	2470	2	-1	-1	-1	0
2418	2506	2415	1	-1	-1	-1	0
2471	2480	2389	2	-1	-1	-1	0
2478	2477	2385	2	-1	-1	-1	0
2481	2471	2389	2	-1	-1	-1	0
2476	2479	2386	2	-1	-1	-1	0
2507	2418	2417	1	-1	-1	-1	0
2478	2386	2479	2	-1	-1	-1	0
2417	2420	2507	1	-1	-1	-1	0
2481	2389	2475	2	-1	-1	-1	0
2390	2482	2476	2	-1	-1	-1	0
2509	2420	2419	2	-1	-1	-1	0
2419	2421	2509	2	-1	-1	-1	0
2511	2421	2422	2	-1	-1	-1	0
2391	2483	2482	2	-1	-1	-1	0
2484	2483	2391	2	-1	-1	-1	0
2512	2424	2423	2	-1	-1	-1	0
2484	2392	2485	2	-1	-1	-1	0
2425	2424	2513	2	-1	-1	-1	0
2392	2486	2485	1	-1	-1	-1	0
2409	2499	2455	2	-1	-1	-1	0
2504	2413	2448	1	-1	-1	-1	0
2425	2515	2426	2	-1	-1	-1	0
2416	2506	2444	1	-1	-1	-1	0
2426	2515	2427	2	-1	-1	-1	0
2422	2436	2511	2	-1	-1	-1	0
2488	2487	2395	2	-1	-1	-1	0
2516	2428	2427	2	-1	-1	-1	0
2396	2487	2489	2	-1	-1	-1	0
2428	2517	2430	2	-1	-1	-1	0
2397	2489	2490	2	-1	-1	-1	0
2518	2429	2430	2	-1	-1	-1	0
2488	2398	2491	2	-1	-1	-1	0
2399	2492	2491	2	-1	-1	-1	0
2519	2435	2429	2	-1	-1	-1	0
2399	2493	2492	2	-1	-1	-1	0
2523	2431	2432	2	-1	-1	-1	0
2512	2423	2452	2	-1	-1	-1	0
2494	2400	2495	2	-1	-1	-1	0
2524	2432	2434	2	-1	-1	-1	0
2522	2438	2431	2	-1	-1	-1	0
2496	2493	2402	2	-1	-1	-1	0
2496	2402	2494	2	-1	-1	-1	0
2433	2525	2434	2	-1	-1	-1	0
2506	2443	2444	1	-1	-1	-1	0
2445	2443	2506	1	-1	-1	-1	0
2433	2435	2526	2	-1	-1	-1	0
2499	2409	2490	2	-1	-1	-1	0
2407	2497	2495	2	-1	-1	-1	0
2498	2497	2405	2	-1	-1	-1	0
2500	2486	2414	1	-1	-1	-1	0
2436	2437	2529	2	-1	-1	-1	0
2439	2438	2531	2	-1	-1	-1	0
2442	2529	2437	2	-1	-1	-1	0
2439	2532	2440	2	-1	-1	-1	0
2502	2500	2411	1	-1	-1	-1	0
2411	2501	2502	1	-1	-1	-1	0
2412	2503	2501	1	-1	-1	-1	0
2534	2442	2441	1	-1	-1	-1	0
2440	2532	2447	2	-1	-1	-1	0
2445	2534	2441	1	-1	-1	-1	0
2505	2503	2412	1	-1	-1	-1	0
2470	2480	2471	2	-1	-1	-1	0
2412	2504	2505	1	-1	-1	-1	0
2535	2448	2447	1	-1	-1	-1	0
2508	2506	2418	1	-1	-1	-1	0
2508	2418	2507	1	-1	-1	-1	0
2450	2451	2536	2	-1	-1	-1	0
2507	2420	2510	1	-1	-1	-1	0
2536	2452	2450	2	-1	-1	-1	0
2510	2420	2509	1	-1	-1	-1	0
2536	2451	2453	2	-1	-1	-1	0
2511	2509	2421	2	-1	-1	-1	0
2454	2539	2453	2	-1	-1	-1	0
2424	2512	2513	2	-1	-1	-1	0
2540	2454	2456	2	-1	-1	-1	0
2425	2513	2514	2	-1	-1	-1	0
2541	2456	2455	2	-1	-1	-1	0
2515	2425	2514	2	-1	-1	-1	0
2516	2427	2515	2	-1	-1	-1	0
2506	2508	2445	1	-1	-1	-1	0
2458	2457	2544	1	-1	-1	-1	0
2428	2516	2517	2	-1	-1	-1	0
2459	2458	2546	1	-1	-1	-1	0
2545	2457	2464	1	-1	-1	-1	0
2519	2429	2518	2	-1	-1	-1	0
2459	2547	2461	1	-1	-1	-1	0
2521	2430	2517	2	-1	-1	-1	0
2518	2430	2520	2	-1	-1	-1	0
2462	2461	2548	1	-1	-1	-1	0
2521	2520	2430	2	-1	-1	-1	0
2529	2511	2436	2	-1	-1	-1	0
2522	2431	2523	2	-1	-1	-1	0
2550	2464	2463	2	-1	-1	-1	0
2463	2465	2550	2	-1	-1	-1	0
2523	2432	2524	2	-1	-1	-1	0
2526	2435	2519	2	-1	-1	-1	0
2529	2442	2510	1	-1	-1	-1	0
2552	2465	2466	2	-1	-1	-1	0
2525	2433	2526	2	-1	-1	-1	0
2527	2524	2434	2	-1	-1	-1	0
2442	2534	2510	1	-1	-1	-1	0
2553	2466	2467	2	-1	-1	-1	0
2534	2445	2508	1	-1	-1	-1	0
2525	2528	2434	2	-1	-1	-1	0
2504	2448	2535	1	-1	-1	-1	0
2528	2527	2434	2	-1	-1	-1	0
2554	2467	2468	2	-1	-1	-1	0
2530	2438	2522	2	-1	-1	-1	0
2469	2555	2468	2	-1	-1	-1	0
2499	2541	2455	2	-1	-1	-1	0
2555	2469	2471	2	-1	-1	-1	0
2531	2438	2530	2	-1	-1	-1	0
2537	2512	2452	2	-1	-1	-1	0
2473	2557	2472	2	-1	-1	-1	0
2533	2439	2531	2	-1	-1	-1	0
2474	2472	2558	2	-1	-1	-1	0
2532	2439	2533	2	-1	-1	-1	0
2477	2557	2473	2	-1	-1	-1	0
2555	2471	2481	2	-1	-1	-1	0
2474	2559	2475	2	-1	-1	-1	0
2535	2447	2532	1	-1	-1	-1	0
2481	2475	2560	2	-1	-1	-1	0
2476	2562	2479	2	-1	-1	-1	0
2477	2478	2563	2	-1	-1	-1	0
2482	2562	2476	2	-1	-1	-1	0
2478	2479	2566	2	-1	-1	-1	0
2537	2452	2536	2	-1	-1	-1	0
2536	2453	2538	2	-1	-1	-1	0
2539	2538	2453	2	-1	-1	-1	0
2454	2540	2539	2	-1	-1	-1	0
2568	2482	2483	2	-1	-1	-1	0
2570	2483	2484	2	-1	-1	-1	0
2456	2543	2540	2	-1	-1	-1	0
2456	2541	2542	2	-1	-1	-1	0
2456	2542	2543	2	-1	-1	-1	0
2572	2484	2485	2	-1	-1	-1	0
2485	2486	2573	1	-1	-1	-1	0
2457	2545	2544	1	-1	-1	-1	0
2546	2458	2544	1	-1	-1	-1	0
2510	2509	2529	1	-1	-1	-1	0
2509	2511	2529	1	-1	-1	-1	0
2508	2507	2534	1	-1	-1	-1	0
2487	2488	2574	2	-1	-1	-1	0
2534	2507	2510	1	-1	-1	-1	0
2575	2489	2487	2	-1	-1	-1	0
2576	2488	2491	2	-1	-1	-1	0
2546	2547	2459	1	-1	-1	-1	0
2549	2548	2461	1	-1	-1	-1	0
2577	2490	2489	2	-1	-1	-1	0
2486	2500	2573	1	-1	-1	-1	0
2461	2547	2549	1	-1	-1	-1	0
2464	2551	2545	2	-1	-1	-1	0
2579	2491	2492	2	-1	-1	-1	0
2464	2550	2551	2	-1	-1	-1	0
2493	2580	2492	2	-1	-1	-1	0
2552	2550	2465	2	-1	-1	-1	0
2578	2499	2490	2	-1	-1	-1	0
2581	2493	2496	2	-1	-1	-1	0
2553	2552	2466	2	-1	-1	-1	0
2583	2494	2495	2	-1	-1	-1	0
2582	2496	2494	2	-1	-1	-1	0
2467	2554	2553	2	-1	-1	-1	0
2500	2502	2573	1	-1	-1	-1	0
2497	2584	2495	2	-1	-1	-1	0
2556	2554	2468	2	-1	-1	-1	0
2556	2468	2555	2	-1	-1	-1	0
2498	2587	2497	2	-1	-1	-1	0
2472	2557	2558	2	-1	-1	-1	0
2559	2474	2558	2	-1	-1	-1	0
2589	2502	2501	1	-1	-1	-1	0
2555	2481	2556	2	-1	-1	-1	0
2503	2589	2501	1	-1	-1	-1	0
2475	2559	2561	2	-1	-1	-1	0
2561	2560	2475	2	-1	-1	-1	0
2560	2556	2481	2	-1	-1	-1	0
2477	2564	2557	2	-1	-1	-1	0
2505	2591	2503	1	-1	-1	-1	0
2592	2505	2504	1	-1	-1	-1	0
2563	2564	2477	2	-1	-1	-1	0
2565	2563	2478	2	-1	-1	-1	0
2562	2566	2479	2	-1	-1	-1	0
2566	2565	2478	2	-1	-1	-1	0
2562	2482	2567	2	-1	-1	-1	0
2568	2567	2482	2	-1	-1	-1	0
2569	2568	2483	2	-1	-1	-1	0
2513	2512	2596	2	-1	-1	-1	0
2570	2569	2483	2	-1	-1	-1	0
2513	2596	2514	2	-1	-1	-1	0
2571	2570	2484	2	-1	-1	-1	0
2514	2597	2515	2	-1	-1	-1	0
2572	2571	2484	2	-1	-1	-1	0
2541	2499	2588	2	-1	-1	-1	0
2599	2516	2515	2	-1	-1	-1	0
2573	2572	2485	1	-1	-1	-1	0
2593	2504	2535	1	-1	-1	-1	0
2516	2599	2517	2	-1	-1	-1	0
2574	2575	2487	2	-1	-1	-1	0
2521	2517	2600	2	-1	-1	-1	0
2574	2488	2576	2	-1	-1	-1	0
2519	2518	2602	2	-1	-1	-1	0
2520	2601	2518	2	-1	-1	-1	0
2575	2577	2489	2	-1	-1	-1	0
2521	2604	2520	2	-1	-1	-1	0
2577	2578	2490	2	-1	-1	-1	0
2596	2512	2537	2	-1	-1	-1	0
2579	2576	2491	2	-1	-1	-1	0
2573	2502	2572	1	-1	-1	-1	0
2519	2603	2526	2	-1	-1	-1	0
2523	2606	2522	2	-1	-1	-1	0
2492	2580	2579	2	-1	-1	-1	0
2493	2581	2580	2	-1	-1	-1	0
2608	2523	2524	2	-1	-1	-1	0
2533	2593	2532	1	-1	-1	-1	0
2522	2607	2530	2	-1	-1	-1	0
2527	2608	2524	2	-1	-1	-1	0
2583	2582	2494	2	-1	-1	-1	0
2535	2532	2593	1	-1	-1	-1	0
2526	2609	2525	2	-1	-1	-1	0
2528	2525	2609	2	-1	-1	-1	0
2584	2583	2495	2	-1	-1	-1	0
2581	2496	2585	2	-1	-1	-1	0
2496	2582	2586	2	-1	-1	-1	0
2502	2590	2572	1	-1	-1	-1	0
2610	2527	2528	2	-1	-1	-1	0
2578	2588	2499	2	-1	-1	-1	0
2586	2585	2496	2	-1	-1	-1	0
2497	2587	2584	2	-1	-1	-1	0
2531	2530	2615	2	-1	-1	-1	0
2590	2502	2589	1	-1	-1	-1	0
2533	2531	2617	2	-1	-1	-1	0
2591	2589	2503	1	-1	-1	-1	0
2504	2593	2592	1	-1	-1	-1	0
2505	2594	2591	1	-1	-1	-1	0
2592	2595	2505	1	-1	-1	-1	0
2505	2595	2594	1	-1	-1	-1	0
2621	2537	2536	2	-1	-1	-1	0
2538	2622	2536	2	-1	-1	-1	0
2539	2623	2538	2	-1	-1	-1	0
2624	2539	2540	2	-1	-1	-1	0
2624	2540	2543	2	-1	-1	-1	0
2514	2596	2598	2	-1	-1	-1	0
2542	2541	2625	2	-1	-1	-1	0
2514	2598	2597	2	-1	-1	-1	0
2542	2626	2543	2	-1	-1	-1	0
2515	2597	2599	2	-1	-1	-1	0
2600	2517	2599	2	-1	-1	-1	0
2544	2545	2629	1	-1	-1	-1	0
2546	2544	2629	1	-1	-1	-1	0
2602	2518	2601	2	-1	-1	-1	0
2602	2603	2519	2	-1	-1	-1	0
2601	2520	2604	2	-1	-1	-1	0
2546	2632	2547	1	-1	-1	-1	0
2521	2600	2605	2	-1	-1	-1	0
2630	2545	2551	2	-1	-1	-1	0
2634	2549	2547	1	-1	-1	-1	0
2605	2604	2521	2	-1	-1	-1	0
2598	2596	2537	2	-1	-1	-1	0
2549	2635	2548	1	-1	-1	-1	0
2572	2590	2571	2	-1	-1	-1	0
2607	2522	2606	2	-1	-1	-1	0
2551	2550	2636	2	-1	-1	-1	0
2523	2608	2606	2	-1	-1	-1	0
2552	2636	2550	2	-1	-1	-1	0
2603	2609	2526	2	-1	-1	-1	0
2638	2552	2553	2	-1	-1	-1	0
2611	2608	2527	2	-1	-1	-1	0
2620	2593	2533	1	-1	-1	-1	0
2639	2553	2554	2	-1	-1	-1	0
2527	2610	2612	2	-1	-1	-1	0
2556	2639	2554	2	-1	-1	-1	0
2609	2613	2528	2	-1	-1	-1	0
2611	2527	2612	2	-1	-1	-1	0
2614	2610	2528	2	-1	-1	-1	0
2607	2616	2530	2	-1	-1	-1	0
2625	2541	2588	2	-1	-1	-1	0
2614	2528	2613	2	-1	-1	-1	0
2598	2537	2621	2	-1	-1	-1	0
2557	2642	2558	2	-1	-1	-1	0
2641	2556	2560	2	-1	-1	-1	0
2558	2643	2559	2	-1	-1	-1	0
2616	2615	2530	2	-1	-1	-1	0
2560	2561	2641	2	-1	-1	-1	0
2564	2642	2557	2	-1	-1	-1	0
2531	2615	2618	2	-1	-1	-1	0
2559	2645	2561	2	-1	-1	-1	0
2531	2619	2617	2	-1	-1	-1	0
2619	2531	2618	2	-1	-1	-1	0
2620	2533	2617	1	-1	-1	-1	0
2562	2648	2566	2	-1	-1	-1	0
2564	2563	2649	2	-1	-1	-1	0
2567	2647	2562	2	-1	-1	-1	0
2565	2650	2563	2	-1	-1	-1	0
2622	2621	2536	2	-1	-1	-1	0
2623	2622	2538	2	-1	-1	-1	0
2566	2653	2565	2	-1	-1	-1	0
2623	2539	2624	2	-1	-1	-1	0
2655	2567	2568	2	-1	-1	-1	0
2656	2568	2569	2	-1	-1	-1	0
2627	2542	2625	2	-1	-1	-1	0
2624	2543	2628	2	-1	-1	-1	0
2627	2626	2542	2	-1	-1	-1	0
2657	2569	2570	2	-1	-1	-1	0
2628	2543	2626	2	-1	-1	-1	0
2659	2570	2571	2	-1	-1	-1	0
2630	2629	2545	2	-1	-1	-1	0
2593	2620	2592	1	-1	-1	-1	0
2629	2631	2546	1	-1	-1	-1	0
2592	2620	2595	1	-1	-1	-1	0
2546	2631	2632	1	-1	-1	-1	0
2574	2661	2575	2	-1	-1	-1	0
2633	2547	2632	1	-1	-1	-1	0
2574	2576	2662	2	-1	-1	-1	0
2547	2633	2634	1	-1	-1	-1	0
2663	2577	2575	2	-1	-1	-1	0
2549	2634	2635	1	-1	-1	-1	0
2663	2578	2577	2	-1	-1	-1	0
2637	2630	2551	2	-1	-1	-1	0
2576	2579	2665	2	-1	-1	-1	0
2590	2660	2571	2	-1	-1	-1	0
2551	2636	2637	2	-1	-1	-1	0
2636	2552	2638	2	-1	-1	-1	0
2579	2580	2667	2	-1	-1	-1	0
2669	2580	2581	2	-1	-1	-1	0
2553	2639	2638	2	-1	-1	-1	0
2578	2666	2588	2	-1	-1	-1	0
2639	2556	2640	2	-1	-1	-1	0
2581	2585	2669	2	-1	-1	-1	0
2582	2583	2671	2	-1	-1	-1	0
2640	2556	2641	2	-1	-1	-1	0
2670	2586	2582	2	-1	-1	-1	0
2583	2584	2672	2	-1	-1	-1	0
2643	2558	2642	2	-1	-1	-1	0
2584	2587	2673	2	-1	-1	-1	0
2674	2585	2586	2	-1	-1	-1	0
2559	2643	2644	2	-1	-1	-1	0
2646	2641	2561	2	-1	-1	-1	0
2645	2559	2644	2	-1	-1	-1	0
2561	2645	2646	2	-1	-1	-1	0
2648	2562	2647	2	-1	-1	-1	0
2589	2678	2590	1	-1	-1	-1	0
2564	2651	2642	2	-1	-1	-1	0
2678	2589	2591	1	-1	-1	-1	0
2650	2649	2563	2	-1	-1	-1	0
2679	2591	2594	1	-1	-1	-1	0
2652	2564	2649	2	-1	-1	-1	0
2564	2652	2651	2	-1	-1	-1	0
2648	2654	2566	2	-1	-1	-1	0
2565	2653	2650	2	-1	-1	-1	0
2647	2567	2655	2	-1	-1	-1	0
2595	2681	2594	1	-1	-1	-1	0
2653	2566	2654	2	-1	-1	-1	0
2666	2625	2588	2	-1	-1	-1	0
2597	2683	2599	2	-1	-1	-1	0
2598	2684	2597	2	-1	-1	-1	0
2655	2568	2656	2	-1	-1	-1	0
2656	2569	2658	2	-1	-1	-1	0
2657	2658	2569	2	-1	-1	-1	0
2600	2599	2686	2	-1	-1	-1	0
2657	2570	2659	2	-1	-1	-1	0
2659	2571	2660	2	-1	-1	-1	0
2602	2601	2688	2	-1	-1	-1	0
2687	2605	2600	2	-1	-1	-1	0
2601	2604	2689	2	-1	-1	-1	0
2691	2603	2602	2	-1	-1	-1	0
2682	2595	2620	1	-1	-1	-1	0
2661	2574	2662	2	-1	-1	-1	0
2575	2661	2664	2	-1	-1	-1	0
2692	2604	2605	2	-1	-1	-1	0
2575	2664	2663	2	-1	-1	-1	0
2576	2665	2662	2	-1	-1	-1	0
2603	2691	2609	2	-1	-1	-1	0
2598	2621	2685	2	-1	-1	-1	0
2666	2578	2663	2	-1	-1	-1	0
2694	2607	2606	2	-1	-1	-1	0
2694	2606	2608	2	-1	-1	-1	0
2665	2579	2667	2	-1	-1	-1	0
2611	2694	2608	2	-1	-1	-1	0
2668	2667	2580	2	-1	-1	-1	0
2580	2669	2668	2	-1	-1	-1	0
2613	2609	2696	2	-1	-1	-1	0
2616	2607	2695	2	-1	-1	-1	0
2697	2612	2610	2	-1	-1	-1	0
2612	2698	2611	2	-1	-1	-1	0
2614	2697	2610	2	-1	-1	-1	0
2670	2582	2671	2	-1	-1	-1	0
2583	2672	2671	2	-1	-1	-1	0
2614	2613	2701	2	-1	-1	-1	0
2590	2678	2660	2	-1	-1	-1	0
2584	2673	2672	2	-1	-1	-1	0
2669	2585	2675	2	-1	-1	-1	0
2670	2677	2586	2	-1	-1	-1	0
2585	2674	2675	2	-1	-1	-1	0
2676	2674	2586	2	-1	-1	-1	0
2642	2651	2643	2	-1	-1	-1	0
2615	2616	2706	2	-1	-1	-1	0
2705	2618	2615	2	-1	-1	-1	0
2676	2586	2677	2	-1	-1	-1	0
2617	2619	2708	1	-1	-1	-1	0
2620	2617	2708	1	-1	-1	-1	0
2709	2619	2618	2	-1	-1	-1	0
2591	2680	2678	1	-1	-1	-1	0
2591	2679	2680	1	-1	-1	-1	0
2622	2711	2621	2	-1	-1	-1	0
2681	2679	2594	1	-1	-1	-1	0
2712	2622	2623	2	-1	-1	-1	0
2595	2682	2681	1	-1	-1	-1	0
2624	2713	2623	2	-1	-1	-1	0
2597	2684	2683	2	-1	-1	-1	0
2714	2624	2628	2	-1	-1	-1	0
2697	2658	2612	2	-1	-1	-1	0
2598	2685	2684	2	-1	-1	-1	0
2627	2625	2715	2	-1	-1	-1	0
2686	2599	2683	2	-1	-1	-1	0
2700	2612	2658	2	-1	-1	-1	0
2626	2716	2628	2	-1	-1	-1	0
2626	2627	2717	2	-1	-1	-1	0
2600	2686	2687	2	-1	-1	-1	0
2689	2688	2601	2	-1	-1	-1	0
2630	2719	2629	2	-1	-1	-1	0
2629	2719	2631	2	-1	-1	-1	0
2688	2690	2602	2	-1	-1	-1	0
2691	2602	2690	2	-1	-1	-1	0
2631	2721	2632	1	-1	-1	-1	0
2605	2687	2693	2	-1	-1	-1	0
2604	2692	2689	2	-1	-1	-1	0
2637	2720	2630	2	-1	-1	-1	0
2633	2632	2722	1	-1	-1	-1	0
2723	2634	2633	1	-1	-1	-1	0
2692	2605	2693	2	-1	-1	-1	0
2664	2666	2663	2	-1	-1	-1	0
2635	2634	2724	1	-1	-1	-1	0
2609	2691	2696	2	-1	-1	-1	0
2694	2695	2607	2	-1	-1	-1	0
2725	2637	2636	2	-1	-1	-1	0
2636	2638	2725	2	-1	-1	-1	0
2694	2611	2699	2	-1	-1	-1	0
2638	2639	2728	2	-1	-1	-1	0
2715	2625	2666	2	-1	-1	-1	0
2728	2639	2640	2	-1	-1	-1	0
2611	2698	2699	2	-1	-1	-1	0
2613	2696	2701	2	-1	-1	-1	0
2640	2641	2729	2	-1	-1	-1	0
2620	2708	2682	1	-1	-1	-1	0
2698	2612	2700	2	-1	-1	-1	0
2658	2697	2656	2	-1	-1	-1	0
2656	2703	2655	2	-1	-1	-1	0
2703	2697	2614	2	-1	-1	-1	0
2621	2711	2685	2	-1	-1	-1	0
2701	2702	2614	2	-1	-1	-1	0
2695	2707	2616	2	-1	-1	-1	0
2641	2646	2731	2	-1	-1	-1	0
2732	2644	2643	2	-1	-1	-1	0
2702	2704	2614	2	-1	-1	-1	0
2703	2614	2704	2	-1	-1	-1	0
2644	2733	2645	2	-1	-1	-1	0
2615	2706	2705	2	-1	-1	-1	0
2643	2651	2732	2	-1	-1	-1	0
2646	2645	2735	2	-1	-1	-1	0
2707	2706	2616	2	-1	-1	-1	0
2618	2705	2709	2	-1	-1	-1	0
2648	2647	2738	2	-1	-1	-1	0
2652	2732	2651	2	-1	-1	-1	0
2619	2710	2708	1	-1	-1	-1	0
2710	2619	2709	1	-1	-1	-1	0
2655	2738	2647	2	-1	-1	-1	0
2650	2741	2649	2	-1	-1	-1	0
2652	2649	2740	2	-1	-1	-1	0
2648	2739	2654	2	-1	-1	-1	0
2711	2622	2712	2	-1	-1	-1	0
2743	2650	2653	2	-1	-1	-1	0
2712	2623	2713	2	-1	-1	-1	0
2743	2653	2654	2	-1	-1	-1	0
2624	2714	2713	2	-1	-1	-1	0
2703	2656	2697	2	-1	-1	-1	0
2714	2628	2716	2	-1	-1	-1	0
2626	2717	2716	2	-1	-1	-1	0
2718	2627	2715	2	-1	-1	-1	0
2718	2717	2627	2	-1	-1	-1	0
2657	2749	2658	2	-1	-1	-1	0
2657	2659	2750	2	-1	-1	-1	0
2719	2630	2720	2	-1	-1	-1	0
2750	2659	2660	2	-1	-1	-1	0
2631	2719	2721	2	-1	-1	-1	0
2722	2632	2721	1	-1	-1	-1	0
2661	2662	2752	2	-1	-1	-1	0
2664	2661	2752	2	-1	-1	-1	0
2722	2723	2633	1	-1	-1	-1	0
2662	2665	2754	2	-1	-1	-1	0
2634	2723	2724	1	-1	-1	-1	0
2637	2726	2720	2	-1	-1	-1	0
2666	2664	2755	2	-1	-1	-1	0
2754	2665	2667	2	-1	-1	-1	0
2695	2694	2699	2	-1	-1	-1	0
2727	2637	2725	2	-1	-1	-1	0
2751	2660	2678	2	-1	-1	-1	0
2726	2637	2727	2	-1	-1	-1	0
2725	2638	2728	2	-1	-1	-1	0
2668	2758	2667	2	-1	-1	-1	0
2668	2669	2759	2	-1	-1	-1	0
2728	2640	2730	2	-1	-1	-1	0
2640	2729	2730	2	-1	-1	-1	0
2682	2708	2710	1	-1	-1	-1	0
2760	2670	2671	2	-1	-1	-1	0
2641	2731	2729	2	-1	-1	-1	0
2669	2675	2759	2	-1	-1	-1	0
2761	2671	2672	2	-1	-1	-1	0
2761	2672	2673	2	-1	-1	-1	0
2655	2703	2748	2	-1	-1	-1	0
2670	2760	2677	2	-1	-1	-1	0
2749	2700	2658	2	-1	-1	-1	0
2678	2680	2751	2	-1	-1	-1	0
2734	2644	2732	2	-1	-1	-1	0
2734	2733	2644	2	-1	-1	-1	0
2762	2675	2674	2	-1	-1	-1	0
2676	2762	2674	2	-1	-1	-1	0
2735	2645	2733	2	-1	-1	-1	0
2646	2736	2731	2	-1	-1	-1	0
2735	2737	2646	2	-1	-1	-1	0
2646	2737	2736	2	-1	-1	-1	0
2679	2765	2680	1	-1	-1	-1	0
2648	2738	2739	2	-1	-1	-1	0
2679	2681	2765	1	-1	-1	-1	0
2732	2652	2745	2	-1	-1	-1	0
2741	2740	2649	2	-1	-1	-1	0
2682	2768	2681	1	-1	-1	-1	0
2650	2742	2741	2	-1	-1	-1	0
2650	2743	2742	2	-1	-1	-1	0
2755	2715	2666	2	-1	-1	-1	0
2683	2684	2770	2	-1	-1	-1	0
2652	2740	2746	2	-1	-1	-1	0
2739	2747	2654	2	-1	-1	-1	0
2771	2686	2683	2	-1	-1	-1	0
2652	2744	2745	2	-1	-1	-1	0
2655	2748	2738	2	-1	-1	-1	0
2652	2746	2744	2	-1	-1	-1	0
2773	2684	2685	2	-1	-1	-1	0
2686	2771	2687	2	-1	-1	-1	0
2743	2654	2747	2	-1	-1	-1	0
2689	2777	2688	2	-1	-1	-1	0
2690	2688	2776	2	-1	-1	-1	0
2687	2775	2693	2	-1	-1	-1	0
2748	2703	2704	2	-1	-1	-1	0
2749	2657	2750	2	-1	-1	-1	0
2778	2689	2692	2	-1	-1	-1	0
2779	2691	2690	2	-1	-1	-1	0
2682	2710	2769	1	-1	-1	-1	0
2751	2750	2660	2	-1	-1	-1	0
2696	2691	2780	2	-1	-1	-1	0
2753	2752	2662	2	-1	-1	-1	0
2693	2782	2692	2	-1	-1	-1	0
2753	2662	2754	2	-1	-1	-1	0
2685	2711	2774	2	-1	-1	-1	0
2664	2752	2756	2	-1	-1	-1	0
2757	2755	2664	2	-1	-1	-1	0
2783	2695	2699	2	-1	-1	-1	0
2664	2756	2757	2	-1	-1	-1	0
2780	2701	2696	2	-1	-1	-1	0
2667	2758	2754	2	-1	-1	-1	0
2727	2725	2728	2	-1	-1	-1	0
2695	2783	2707	2	-1	-1	-1	0
2698	2784	2699	2	-1	-1	-1	0
2759	2758	2668	2	-1	-1	-1	0
2700	2785	2698	2	-1	-1	-1	0
2671	2761	2760	2	-1	-1	-1	0
2702	2701	2787	2	-1	-1	-1	0
2702	2788	2704	2	-1	-1	-1	0
2712	2774	2711	2	-1	-1	-1	0
2680	2766	2751	2	-1	-1	-1	0
2675	2764	2759	2	-1	-1	-1	0
2675	2762	2763	2	-1	-1	-1	0
2763	2764	2675	2	-1	-1	-1	0
2706	2791	2705	2	-1	-1	-1	0
2793	2706	2707	2	-1	-1	-1	0
2709	2705	2792	2	-1	-1	-1	0
2745	2734	2732	2	-1	-1	-1	0
2766	2680	2765	2	-1	-1	-1	0
2681	2767	2765	1	-1	-1	-1	0
2709	2796	2710	1	-1	-1	-1	0
2768	2767	2681	1	-1	-1	-1	0
2768	2682	2769	1	-1	-1	-1	0
2798	2712	2713	2	-1	-1	-1	0
2683	2770	2771	2	-1	-1	-1	0
2714	2798	2713	2	-1	-1	-1	0
2684	2772	2770	2	-1	-1	-1	0
2746	2740	2741	2	-1	-1	-1	0
2772	2684	2773	2	-1	-1	-1	0
2714	2716	2799	2	-1	-1	-1	0
2685	2774	2773	2	-1	-1	-1	0
2771	2775	2687	2	-1	-1	-1	0
2785	2700	2749	2	-1	-1	-1	0
2718	2715	2802	2	-1	-1	-1	0
2717	2803	2716	2	-1	-1	-1	0
2804	2717	2718	2	-1	-1	-1	0
2777	2776	2688	2	-1	-1	-1	0
2748	2704	2789	2	-1	-1	-1	0
2689	2778	2777	2	-1	-1	-1	0
2779	2690	2776	2	-1	-1	-1	0
2808	2719	2720	2	-1	-1	-1	0
2809	2721	2719	2	-1	-1	-1	0
2782	2693	2775	2	-1	-1	-1	0
2691	2779	2780	2	-1	-1	-1	0
2692	2781	2778	2	-1	-1	-1	0
2721	2811	2722	1	-1	-1	-1	0
2781	2692	2782	2	-1	-1	-1	0
2810	2720	2726	2	-1	-1	-1	0
2812	2723	2722	1	-1	-1	-1	0
2724	2723	2813	1	-1	-1	-1	0
2753	2756	2752	2	-1	-1	-1	0
2739	2738	2789	2	-1	-1	-1	0
2784	2783	2699	2	-1	-1	-1	0
2701	2780	2786	2	-1	-1	-1	0
2784	2698	2785	2	-1	-1	-1	0
2815	2726	2727	2	-1	-1	-1	0
2728	2816	2727	2	-1	-1	-1	0
2802	2715	2755	2	-1	-1	-1	0
2701	2786	2787	2	-1	-1	-1	0
2730	2816	2728	2	-1	-1	-1	0
2769	2710	2796	1	-1	-1	-1	0
2789	2738	2748	2	-1	-1	-1	0
2729	2817	2730	2	-1	-1	-1	0
2788	2702	2787	2	-1	-1	-1	0
2729	2731	2817	2	-1	-1	-1	0
2788	2790	2704	2	-1	-1	-1	0
2712	2797	2774	2	-1	-1	-1	0
2789	2704	2790	2	-1	-1	-1	0
2817	2731	2736	2	-1	-1	-1	0
2795	2707	2783	2	-1	-1	-1	0
2734	2820	2733	2	-1	-1	-1	0
2791	2792	2705	2	-1	-1	-1	0
2820	2735	2733	2	-1	-1	-1	0
2791	2706	2793	2	-1	-1	-1	0
2822	2737	2735	2	-1	-1	-1	0
2794	2793	2707	2	-1	-1	-1	0
2794	2707	2795	2	-1	-1	-1	0
2737	2823	2736	2	-1	-1	-1	0
2792	2796	2709	1	-1	-1	-1	0
2821	2734	2745	2	-1	-1	-1	0
2797	2712	2798	2	-1	-1	-1	0
2741	2742	2828	2	-1	-1	-1	0
2747	2739	2826	2	-1	-1	-1	0
2714	2800	2798	2	-1	-1	-1	0
2829	2742	2743	2	-1	-1	-1	0
2799	2801	2714	2	-1	-1	-1	0
2741	2827	2746	2	-1	-1	-1	0
2757	2802	2755	2	-1	-1	-1	0
2800	2714	2801	2	-1	-1	-1	0
2826	2743	2747	2	-1	-1	-1	0
2799	2716	2803	2	-1	-1	-1	0
2832	2745	2744	2	-1	-1	-1	0
2746	2831	2744	2	-1	-1	-1	0
2803	2717	2805	2	-1	-1	-1	0
2717	2804	2805	2	-1	-1	-1	0
2802	2807	2718	2	-1	-1	-1	0
2718	2806	2804	2	-1	-1	-1	0
2718	2807	2806	2	-1	-1	-1	0
2749	2750	2834	2	-1	-1	-1	0
2834	2750	2751	2	-1	-1	-1	0
2809	2719	2808	2	-1	-1	-1	0
2808	2720	2810	2	-1	-1	-1	0
2721	2809	2811	2	-1	-1	-1	0
2835	2753	2754	2	-1	-1	-1	0
2836	2756	2753	2	-1	-1	-1	0
2722	2811	2812	1	-1	-1	-1	0
2813	2723	2812	1	-1	-1	-1	0
2758	2837	2754	2	-1	-1	-1	0
2814	2810	2726	2	-1	-1	-1	0
2756	2838	2757	2	-1	-1	-1	0
2751	2766	2834	2	-1	-1	-1	0
2739	2789	2825	2	-1	-1	-1	0
2726	2815	2814	2	-1	-1	-1	0
2758	2759	2841	2	-1	-1	-1	0
2815	2727	2816	2	-1	-1	-1	0
2759	2764	2841	2	-1	-1	-1	0
2816	2730	2818	2	-1	-1	-1	0
2819	2730	2817	2	-1	-1	-1	0
2730	2819	2818	2	-1	-1	-1	0
2834	2785	2749	2	-1	-1	-1	0
2842	2764	2763	2	-1	-1	-1	0
2843	2766	2765	2	-1	-1	-1	0
2767	2843	2765	2	-1	-1	-1	0
2820	2734	2821	2	-1	-1	-1	0
2823	2817	2736	2	-1	-1	-1	0
2820	2822	2735	2	-1	-1	-1	0
2768	2846	2767	1	-1	-1	-1	0
2824	2737	2822	2	-1	-1	-1	0
2737	2824	2823	2	-1	-1	-1	0
2847	2768	2769	1	-1	-1	-1	0
2825	2826	2739	2	-1	-1	-1	0
2849	2771	2770	2	-1	-1	-1	0
2848	2770	2772	2	-1	-1	-1	0
2771	2849	2775	2	-1	-1	-1	0
2828	2827	2741	2	-1	-1	-1	0
2772	2773	2851	2	-1	-1	-1	0
2832	2821	2745	2	-1	-1	-1	0
2839	2802	2757	2	-1	-1	-1	0
2829	2828	2742	2	-1	-1	-1	0
2774	2852	2773	2	-1	-1	-1	0
2826	2830	2743	2	-1	-1	-1	0
2743	2830	2829	2	-1	-1	-1	0
2803	2801	2799	2	-1	-1	-1	0
2790	2825	2789	2	-1	-1	-1	0
2849	2782	2775	2	-1	-1	-1	0
2833	2746	2827	2	-1	-1	-1	0
2832	2744	2831	2	-1	-1	-1	0
2777	2854	2776	2	-1	-1	-1	0
2831	2746	2833	2	-1	-1	-1	0
2855	2779	2776	2	-1	-1	-1	0
2856	2777	2778	2	-1	-1	-1	0
2847	2769	2796	1	-1	-1	-1	0
2806	2805	2804	2	-1	-1	-1	0
2778	2781	2858	2	-1	-1	-1	0
2780	2779	2859	2	-1	-1	-1	0
2860	2781	2782	2	-1	-1	-1	0
2797	2853	2774	2	-1	-1	-1	0
2835	2836	2753	2	-1	-1	-1	0
2859	2786	2780	2	-1	-1	-1	0
2835	2754	2837	2	-1	-1	-1	0
2784	2863	2783	2	-1	-1	-1	0
2838	2756	2836	2	-1	-1	-1	0
2784	2785	2864	2	-1	-1	-1	0
2840	2757	2838	2	-1	-1	-1	0
2839	2757	2840	2	-1	-1	-1	0
2841	2837	2758	2	-1	-1	-1	0
2865	2787	2786	2	-1	-1	-1	0
2783	2863	2795	2	-1	-1	-1	0
2787	2867	2788	2	-1	-1	-1	0
2834	2766	2844	2	-1	-1	-1	0
2788	2867	2790	2	-1	-1	-1	0
2842	2841	2764	2	-1	-1	-1	0
2870	2792	2791	2	-1	-1	-1	0
2766	2843	2844	2	-1	-1	-1	0
2791	2793	2870	2	-1	-1	-1	0
2843	2767	2845	2	-1	-1	-1	0
2767	2846	2845	2	-1	-1	-1	0
2792	2871	2796	1	-1	-1	-1	0
2793	2794	2872	2	-1	-1	-1	0
2847	2846	2768	1	-1	-1	-1	0
2795	2873	2794	2	-1	-1	-1	0
2844	2785	2834	2	-1	-1	-1	0
2848	2849	2770	2	-1	-1	-1	0
2875	2797	2798	2	-1	-1	-1	0
2850	2848	2772	2	-1	-1	-1	0
2850	2772	2851	2	-1	-1	-1	0
2875	2798	2800	2	-1	-1	-1	0
2851	2773	2852	2	-1	-1	-1	0
2876	2800	2801	2	-1	-1	-1	0
2853	2852	2774	2	-1	-1	-1	0
2878	2801	2803	2	-1	-1	-1	0
2825	2790	2869	2	-1	-1	-1	0
2855	2776	2854	2	-1	-1	-1	0
2854	2777	2857	2	-1	-1	-1	0
2803	2805	2880	2	-1	-1	-1	0
2807	2802	2879	2	-1	-1	-1	0
2777	2856	2857	2	-1	-1	-1	0
2858	2856	2778	2	-1	-1	-1	0
2849	2861	2782	2	-1	-1	-1	0
2805	2806	2881	2	-1	-1	-1	0
2844	2864	2785	2	-1	-1	-1	0
2779	2855	2859	2	-1	-1	-1	0
2806	2807	2882	2	-1	-1	-1	0
2860	2858	2781	2	-1	-1	-1	0
2809	2808	2885	2	-1	-1	-1	0
2885	2808	2810	2	-1	-1	-1	0
2862	2860	2782	2	-1	-1	-1	0
2861	2862	2782	2	-1	-1	-1	0
2886	2811	2809	2	-1	-1	-1	0
2859	2865	2786	2	-1	-1	-1	0
2888	2812	2811	1	-1	-1	-1	0
2864	2863	2784	2	-1	-1	-1	0
2814	2887	2810	2	-1	-1	-1	0
2796	2871	2847	1	-1	-1	-1	0
2812	2889	2813	1	-1	-1	-1	0
2865	2868	2787	2	-1	-1	-1	0
2867	2787	2866	2	-1	-1	-1	0
2839	2879	2802	2	-1	-1	-1	0
2866	2787	2868	2	-1	-1	-1	0
2875	2853	2797	2	-1	-1	-1	0
2869	2790	2867	2	-1	-1	-1	0
2819	2817	2890	2	-1	-1	-1	0
2890	2817	2823	2	-1	-1	-1	0
2821	2891	2820	2	-1	-1	-1	0
2863	2874	2795	2	-1	-1	-1	0
2870	2871	2792	1	-1	-1	-1	0
2844	2843	2845	2	-1	-1	-1	0
2820	2891	2822	2	-1	-1	-1	0
2872	2870	2793	2	-1	-1	-1	0
2873	2872	2794	2	-1	-1	-1	0
2824	2822	2895	2	-1	-1	-1	0
2795	2874	2873	2	-1	-1	-1	0
2897	2823	2824	2	-1	-1	-1	0
2893	2821	2832	2	-1	-1	-1	0
2826	2825	2899	2	-1	-1	-1	0
2877	2875	2800	2	-1	-1	-1	0
2844	2845	2864	2	-1	-1	-1	0
2877	2800	2876	2	-1	-1	-1	0
2801	2878	2876	2	-1	-1	-1	0
2901	2827	2828	2	-1	-1	-1	0
2830	2826	2900	2	-1	-1	-1	0
2902	2828	2829	2	-1	-1	-1	0
2803	2880	2878	2	-1	-1	-1	0
2833	2827	2901	2	-1	-1	-1	0
2903	2829	2830	2	-1	-1	-1	0
2881	2880	2805	2	-1	-1	-1	0
2831	2906	2832	2	-1	-1	-1	0
2881	2806	2882	2	-1	-1	-1	0
2807	2879	2884	2	-1	-1	-1	0
2907	2831	2833	2	-1	-1	-1	0
2882	2807	2883	2	-1	-1	-1	0
2883	2807	2884	2	-1	-1	-1	0
2886	2809	2885	2	-1	-1	-1	0
2887	2885	2810	2	-1	-1	-1	0
2835	2911	2836	2	-1	-1	-1	0
2837	2911	2835	2	-1	-1	-1	0
2888	2811	2886	2	-1	-1	-1	0
2836	2912	2838	2	-1	-1	-1	0
2812	2888	2889	1	-1	-1	-1	0
2838	2912	2840	2	-1	-1	-1	0
2914	2837	2841	2	-1	-1	-1	0
2899	2825	2869	2	-1	-1	-1	0
2839	2840	2915	2	-1	-1	-1	0
2842	2917	2841	2	-1	-1	-1	0
2853	2875	2877	2	-1	-1	-1	0
2821	2892	2891	2	-1	-1	-1	0
2894	2822	2891	2	-1	-1	-1	0
2821	2893	2892	2	-1	-1	-1	0
2918	2845	2846	2	-1	-1	-1	0
2896	2890	2823	2	-1	-1	-1	0
2894	2895	2822	2	-1	-1	-1	0
2919	2846	2847	1	-1	-1	-1	0
2823	2897	2896	2	-1	-1	-1	0
2895	2898	2824	2	-1	-1	-1	0
2848	2850	2920	2	-1	-1	-1	0
2848	2921	2849	2	-1	-1	-1	0
2898	2897	2824	2	-1	-1	-1	0
2851	2922	2850	2	-1	-1	-1	0
2900	2826	2899	2	-1	-1	-1	0
2918	2864	2845	2	-1	-1	-1	0
2852	2924	2851	2	-1	-1	-1	0
2924	2852	2853	2	-1	-1	-1	0
2921	2861	2849	2	-1	-1	-1	0
2901	2828	2902	2	-1	-1	-1	0
2908	2893	2832	2	-1	-1	-1	0
2915	2879	2839	2	-1	-1	-1	0
2900	2903	2830	2	-1	-1	-1	0
2829	2904	2902	2	-1	-1	-1	0
2854	2926	2855	2	-1	-1	-1	0
2926	2854	2857	2	-1	-1	-1	0
2847	2871	2919	1	-1	-1	-1	0
2829	2903	2905	2	-1	-1	-1	0
2904	2829	2905	2	-1	-1	-1	0
2855	2927	2859	2	-1	-1	-1	0
2928	2857	2856	2	-1	-1	-1	0
2928	2856	2858	2	-1	-1	-1	0
2910	2833	2901	2	-1	-1	-1	0
2907	2906	2831	2	-1	-1	-1	0
2863	2864	2918	2	-1	-1	-1	0
2832	2906	2908	2	-1	-1	-1	0
2909	2907	2833	2	-1	-1	-1	0
2860	2931	2858	2	-1	-1	-1	0
2909	2833	2910	2	-1	-1	-1	0
2924	2853	2877	2	-1	-1	-1	0
2863	2918	2874	2	-1	-1	-1	0
2860	2862	2933	2	-1	-1	-1	0
2859	2932	2865	2	-1	-1	-1	0
2861	2934	2862	2	-1	-1	-1	0
2836	2911	2913	2	-1	-1	-1	0
2912	2836	2913	2	-1	-1	-1	0
2914	2911	2837	2	-1	-1	-1	0
2932	2868	2865	2	-1	-1	-1	0
2840	2912	2916	2	-1	-1	-1	0
2916	2915	2840	2	-1	-1	-1	0
2867	2866	2938	2	-1	-1	-1	0
2868	2937	2866	2	-1	-1	-1	0
2841	2917	2914	2	-1	-1	-1	0
2938	2869	2867	2	-1	-1	-1	0
2871	2870	2940	1	-1	-1	-1	0
2940	2870	2872	1	-1	-1	-1	0
2918	2846	2919	2	-1	-1	-1	0
2940	2872	2873	2	-1	-1	-1	0
2941	2873	2874	2	-1	-1	-1	0
2848	2920	2921	2	-1	-1	-1	0
2923	2920	2850	2	-1	-1	-1	0
2876	2942	2877	2	-1	-1	-1	0
2922	2923	2850	2	-1	-1	-1	0
2876	2878	2943	2	-1	-1	-1	0
2925	2922	2851	2	-1	-1	-1	0
2925	2851	2924	2	-1	-1	-1	0
2946	2878	2880	2	-1	-1	-1	0
2869	2938	2899	2	-1	-1	-1	0
2927	2855	2926	2	-1	-1	-1	0
2948	2880	2881	2	-1	-1	-1	0
2884	2879	2947	2	-1	-1	-1	0
2949	2881	2882	2	-1	-1	-1	0
2857	2929	2926	2	-1	-1	-1	0
2902	2910	2901	2	-1	-1	-1	0
2930	2857	2928	2	-1	-1	-1	0
2883	2950	2882	2	-1	-1	-1	0
2930	2929	2857	2	-1	-1	-1	0
2921	2934	2861	2	-1	-1	-1	0
2931	2928	2858	2	-1	-1	-1	0
2951	2883	2884	2	-1	-1	-1	0
2927	2932	2859	2	-1	-1	-1	0
2953	2886	2885	2	-1	-1	-1	0
2933	2931	2860	2	-1	-1	-1	0
2885	2887	2953	2	-1	-1	-1	0
2888	2886	2954	2	-1	-1	-1	0
2940	2919	2871	1	-1	-1	-1	0
2862	2936	2933	2	-1	-1	-1	0
2862	2934	2935	2	-1	-1	-1	0
2888	2955	2889	1	-1	-1	-1	0
2935	2936	2862	2	-1	-1	-1	0
2918	2941	2874	2	-1	-1	-1	0
2956	2891	2892	2	-1	-1	-1	0
2932	2939	2868	2	-1	-1	-1	0
2894	2891	2956	2	-1	-1	-1	0
2893	2956	2892	2	-1	-1	-1	0
2879	2915	2947	2	-1	-1	-1	0
2938	2866	2937	2	-1	-1	-1	0
2939	2937	2868	2	-1	-1	-1	0
2924	2877	2944	2	-1	-1	-1	0
2894	2958	2895	2	-1	-1	-1	0
2960	2898	2895	2	-1	-1	-1	0
2873	2941	2940	2	-1	-1	-1	0
2961	2896	2897	2	-1	-1	-1	0
2898	2961	2897	2	-1	-1	-1	0
2957	2893	2908	2	-1	-1	-1	0
2876	2943	2942	2	-1	-1	-1	0
2899	2963	2900	2	-1	-1	-1	0
2877	2942	2945	2	-1	-1	-1	0
2945	2944	2877	2	-1	-1	-1	0
2946	2943	2878	2	-1	-1	-1	0
2903	2900	2964	2	-1	-1	-1	0
2966	2902	2904	2	-1	-1	-1	0
2905	2903	2964	2	-1	-1	-1	0
2880	2948	2946	2	-1	-1	-1	0
2967	2904	2905	2	-1	-1	-1	0
2910	2902	2965	2	-1	-1	-1	0
2948	2881	2949	2	-1	-1	-1	0
2919	2941	2918	2	-1	-1	-1	0
2882	2950	2949	2	-1	-1	-1	0
2969	2906	2907	2	-1	-1	-1	0
2908	2906	2969	2	-1	-1	-1	0
2947	2952	2884	2	-1	-1	-1	0
2951	2950	2883	2	-1	-1	-1	0
2970	2907	2909	2	-1	-1	-1	0
2952	2951	2884	2	-1	-1	-1	0
2930	2928	2931	2	-1	-1	-1	0
2910	2973	2909	2	-1	-1	-1	0
2953	2954	2886	2	-1	-1	-1	0
2944	2925	2924	2	-1	-1	-1	0
2888	2954	2955	2	-1	-1	-1	0
2938	2963	2899	2	-1	-1	-1	0
2919	2940	2941	2	-1	-1	-1	0
2911	2914	2975	2	-1	-1	-1	0
2913	2911	2976	2	-1	-1	-1	0
2912	2913	2977	2	-1	-1	-1	0
2912	2977	2916	2	-1	-1	-1	0
2893	2957	2956	2	-1	-1	-1	0
2956	2958	2894	2	-1	-1	-1	0
2980	2914	2917	2	-1	-1	-1	0
2895	2958	2959	2	-1	-1	-1	0
2981	2915	2916	2	-1	-1	-1	0
2895	2959	2960	2	-1	-1	-1	0
2898	2960	2962	2	-1	-1	-1	0
2961	2898	2962	2	-1	-1	-1	0
2921	2920	2985	2	-1	-1	-1	0
2963	2964	2900	2	-1	-1	-1	0
2984	2920	2923	2	-1	-1	-1	0
2922	2986	2923	2	-1	-1	-1	0
2986	2922	2925	2	-1	-1	-1	0
2966	2965	2902	2	-1	-1	-1	0
2957	2908	2971	2	-1	-1	-1	0
2966	2904	2967	2	-1	-1	-1	0
2968	2905	2964	2	-1	-1	-1	0
2934	2921	2985	2	-1	-1	-1	0
2967	2905	2968	2	-1	-1	-1	0
2989	2927	2926	2	-1	-1	-1	0
2915	2981	2947	2	-1	-1	-1	0
2929	2989	2926	2	-1	-1	-1	0
2969	2907	2970	2	-1	-1	-1	0
2971	2908	2969	2	-1	-1	-1	0
2932	2927	2990	2	-1	-1	-1	0
2910	2965	2974	2	-1	-1	-1	0
2930	2992	2929	2	-1	-1	-1	0
2970	2909	2972	2	-1	-1	-1	0
2909	2973	2972	2	-1	-1	-1	0
2930	2931	2994	2	-1	-1	-1	0
2944	2988	2925	2	-1	-1	-1	0
2974	2973	2910	2	-1	-1	-1	0
2933	2994	2931	2	-1	-1	-1	0
2932	2990	2939	2	-1	-1	-1	0
2911	2975	2976	2	-1	-1	-1	0
2995	2933	2936	2	-1	-1	-1	0
2934	2996	2935	2	-1	-1	-1	0
2997	2936	2935	2	-1	-1	-1	0
2979	2913	2976	2	-1	-1	-1	0
2978	2977	2913	2	-1	-1	-1	0
2914	2980	2975	2	-1	-1	-1	0
2978	2913	2979	2	-1	-1	-1	0
3000	2938	2937	2	-1	-1	-1	0
2983	2916	2977	2	-1	-1	-1	0
2937	2939	3001	2	-1	-1	-1	0
2981	2916	2982	2	-1	-1	-1	0
2983	2982	2916	2	-1	-1	-1	0
3004	2942	2943	2	-1	-1	-1	0
2920	2984	2985	2	-1	-1	-1	0
3004	2945	2942	2	-1	-1	-1	0
2923	2987	2984	2	-1	-1	-1	0
2943	2946	3005	2	-1	-1	-1	0
2945	3006	2944	2	-1	-1	-1	0
2986	2987	2923	2	-1	-1	-1	0
2988	2986	2925	2	-1	-1	-1	0
3005	2946	2948	2	-1	-1	-1	0
3002	2963	2938	2	-1	-1	-1	0
2974	2965	2966	2	-1	-1	-1	0
2989	2990	2927	2	-1	-1	-1	0
2952	2947	3008	2	-1	-1	-1	0
2949	3011	2948	2	-1	-1	-1	0
2929	2991	2989	2	-1	-1	-1	0
2950	3012	2949	2	-1	-1	-1	0
2929	2992	2991	2	-1	-1	-1	0
2950	2951	3013	2	-1	-1	-1	0
2985	2996	2934	2	-1	-1	-1	0
2993	2992	2930	2	-1	-1	-1	0
2994	2993	2930	2	-1	-1	-1	0
2951	2952	3015	2	-1	-1	-1	0
2933	2995	2994	2	-1	-1	-1	0
2996	2997	2935	2	-1	-1	-1	0
2964	2963	3002	2	-1	-1	-1	0
2936	2999	2995	2	-1	-1	-1	0
2956	2957	3018	2	-1	-1	-1	0
2997	2998	2936	2	-1	-1	-1	0
3003	2939	2990	2	-1	-1	-1	0
2936	2998	2999	2	-1	-1	-1	0
3019	2958	2956	2	-1	-1	-1	0
3019	2959	2958	2	-1	-1	-1	0
3009	2947	2981	2	-1	-1	-1	0
3006	2988	2944	2	-1	-1	-1	0
2978	2983	2977	2	-1	-1	-1	0
3000	2937	3001	2	-1	-1	-1	0
3000	3002	2938	2	-1	-1	-1	0
3022	2960	2959	2	-1	-1	-1	0
3003	3001	2939	2	-1	-1	-1	0
2962	2960	3023	2	-1	-1	-1	0
2957	2971	3020	2	-1	-1	-1	0
3005	3004	2943	2	-1	-1	-1	0
3004	3007	2945	2	-1	-1	-1	0
3025	2968	2964	2	-1	-1	-1	0
2945	3007	3006	2	-1	-1	-1	0
2966	2967	3026	2	-1	-1	-1	0
2968	3027	2967	2	-1	-1	-1	0
3010	3005	2948	2	-1	-1	-1	0
2947	3009	3008	2	-1	-1	-1	0
2974	2966	3026	2	-1	-1	-1	0
3011	3010	2948	2	-1	-1	-1	0
3030	2969	2970	2	-1	-1	-1	0
2969	3030	2971	2	-1	-1	-1	0
2981	2982	3009	2	-1	-1	-1	0
2949	3012	3011	2	-1	-1	-1	0
3032	2970	2972	2	-1	-1	-1	0
3012	2950	3014	2	-1	-1	-1	0
2952	3008	3017	2	-1	-1	-1	0
2950	3013	3014	2	-1	-1	-1	0
2972	2973	3035	2	-1	-1	-1	0
3016	3013	2951	2	-1	-1	-1	0
2951	3015	3016	2	-1	-1	-1	0
3036	2973	2974	2	-1	-1	-1	0
3015	2952	3017	2	-1	-1	-1	0
3037	2976	2975	2	-1	-1	-1	0
2964	3002	3024	2	-1	-1	-1	0
3037	2975	2980	2	-1	-1	-1	0
2979	2976	3037	2	-1	-1	-1	0
3018	3019	2956	2	-1	-1	-1	0
3021	3018	2957	2	-1	-1	-1	0
2957	3020	3021	2	-1	-1	-1	0
3019	3022	2959	2	-1	-1	-1	0
3023	2960	3022	2	-1	-1	-1	0
3038	2985	2984	2	-1	-1	-1	0
2987	3038	2984	2	-1	-1	-1	0
2964	3024	3025	2	-1	-1	-1	0
3040	2987	2986	2	-1	-1	-1	0
2986	2988	3040	2	-1	-1	-1	0
2996	2985	3039	2	-1	-1	-1	0
3026	2967	3027	2	-1	-1	-1	0
2968	3025	3029	2	-1	-1	-1	0
2990	2989	3043	2	-1	-1	-1	0
2991	3043	2989	2	-1	-1	-1	0
3028	3027	2968	2	-1	-1	-1	0
3020	2971	3033	2	-1	-1	-1	0
2968	3029	3028	2	-1	-1	-1	0
2992	3044	2991	2	-1	-1	-1	0
2970	3031	3030	2	-1	-1	-1	0
2992	2993	3046	2	-1	-1	-1	0
2970	3032	3031	2	-1	-1	-1	0
2971	3030	3033	2	-1	-1	-1	0
2993	2994	3048	2	-1	-1	-1	0
3003	2990	3043	2	-1	-1	-1	0
3006	3042	2988	2	-1	-1	-1	0
2974	3026	3036	2	-1	-1	-1	0
2995	3048	2994	2	-1	-1	-1	0
3034	3032	2972	2	-1	-1	-1	0
3035	3034	2972	2	-1	-1	-1	0
2996	3050	2997	2	-1	-1	-1	0
3049	2995	2999	2	-1	-1	-1	0
3035	2973	3036	2	-1	-1	-1	0
2998	2997	3051	2	-1	-1	-1	0
3053	2999	2998	2	-1	-1	-1	0
3056	3000	3001	2	-1	-1	-1	0
3000	3055	3002	2	-1	-1	-1	0
3001	3003	3057	2	-1	-1	-1	0
2985	3038	3039	2	-1	-1	-1	0
3041	3038	2987	2	-1	-1	-1	0
3005	3059	3004	2	-1	-1	-1	0
3040	3041	2987	2	-1	-1	-1	0
2988	3042	3040	2	-1	-1	-1	0
3004	3059	3007	2	-1	-1	-1	0
3006	3007	3061	2	-1	-1	-1	0
3010	3060	3005	2	-1	-1	-1	0
3043	2991	3045	2	-1	-1	-1	0
2991	3044	3045	2	-1	-1	-1	0
3047	3044	2992	2	-1	-1	-1	0
3058	3024	3002	2	-1	-1	-1	0
2996	3039	3050	2	-1	-1	-1	0
2992	3046	3047	2	-1	-1	-1	0
3011	3066	3010	2	-1	-1	-1	0
2993	3048	3046	2	-1	-1	-1	0
3067	3011	3012	2	-1	-1	-1	0
3049	3048	2995	2	-1	-1	-1	0
3014	3067	3012	2	-1	-1	-1	0
3013	3069	3014	2	-1	-1	-1	0
3068	3013	3016	2	-1	-1	-1	0
2997	3050	3052	2	-1	-1	-1	0
3051	2997	3052	2	-1	-1	-1	0
3051	3053	2998	2	-1	-1	-1	0
3054	3049	2999	2	-1	-1	-1	0
3003	3043	3057	2	-1	-1	-1	0
3072	3016	3015	2	-1	-1	-1	0
3072	3015	3017	2	-1	-1	-1	0
3054	2999	3053	2	-1	-1	-1	0
3062	3042	3006	2	-1	-1	-1	0
3019	3018	3073	2	-1	-1	-1	0
3055	3000	3056	2	-1	-1	-1	0
3021	3073	3018	2	-1	-1	-1	0
3001	3057	3056	2	-1	-1	-1	0
3022	3019	3074	2	-1	-1	-1	0
3058	3002	3055	2	-1	-1	-1	0
3075	3021	3020	2	-1	-1	-1	0
3022	3078	3023	2	-1	-1	-1	0
3005	3060	3059	2	-1	-1	-1	0
3075	3020	3033	2	-1	-1	-1	0
3006	3061	3062	2	-1	-1	-1	0
3080	3025	3024	2	-1	-1	-1	0
3065	3007	3059	2	-1	-1	-1	0
3007	3064	3061	2	-1	-1	-1	0
3007	3063	3064	2	-1	-1	-1	0
3080	3029	3025	2	-1	-1	-1	0
3007	3065	3063	2	-1	-1	-1	0
3026	3027	3082	2	-1	-1	-1	0
3060	3010	3066	2	-1	-1	-1	0
3027	3028	3082	2	-1	-1	-1	0
3028	3029	3084	2	-1	-1	-1	0
3049	3046	3048	2	-1	-1	-1	0
3026	3081	3036	2	-1	-1	-1	0
3011	3067	3066	2	-1	-1	-1	0
3086	3030	3031	2	-1	-1	-1	0
3033	3030	3086	2	-1	-1	-1	0
3032	3087	3031	2	-1	-1	-1	0
3013	3068	3069	2	-1	-1	-1	0
3014	3071	3067	2	-1	-1	-1	0
3014	3069	3070	2	-1	-1	-1	0
3089	3032	3034	2	-1	-1	-1	0
3014	3070	3071	2	-1	-1	-1	0
3016	3072	3068	2	-1	-1	-1	0
3035	3091	3034	2	-1	-1	-1	0
3080	3024	3058	2	-1	-1	-1	0
3092	3035	3036	2	-1	-1	-1	0
3074	3019	3073	2	-1	-1	-1	0
3076	3073	3021	2	-1	-1	-1	0
3094	3039	3038	2	-1	-1	-1	0
3041	3094	3038	2	-1	-1	-1	0
3021	3075	3077	2	-1	-1	-1	0
3021	3077	3076	2	-1	-1	-1	0
3079	3022	3074	2	-1	-1	-1	0
3041	3040	3095	2	-1	-1	-1	0
3042	3095	3040	2	-1	-1	-1	0
3078	3022	3079	2	-1	-1	-1	0
3039	3094	3050	2	-1	-1	-1	0
3045	3098	3043	2	-1	-1	-1	0
3061	3064	3062	2	-1	-1	-1	0
3099	3045	3044	2	-1	-1	-1	0
3026	3082	3081	2	-1	-1	-1	0
3099	3044	3047	2	-1	-1	-1	0
3082	3028	3083	2	-1	-1	-1	0
3029	3080	3085	2	-1	-1	-1	0
3046	3101	3047	2	-1	-1	-1	0
3084	3083	3028	2	-1	-1	-1	0
3046	3049	3101	2	-1	-1	-1	0
3043	3098	3057	2	-1	-1	-1	0
3090	3075	3033	2	-1	-1	-1	0
3029	3085	3084	2	-1	-1	-1	0
3062	3097	3042	2	-1	-1	-1	0
3031	3087	3086	2	-1	-1	-1	0
3101	3049	3054	2	-1	-1	-1	0
3052	3050	3105	2	-1	-1	-1	0
3032	3088	3087	2	-1	-1	-1	0
3033	3086	3090	2	-1	-1	-1	0
3092	3036	3081	2	-1	-1	-1	0
3052	3106	3051	2	-1	-1	-1	0
3089	3088	3032	2	-1	-1	-1	0
3053	3051	3107	2	-1	-1	-1	0
3034	3091	3089	2	-1	-1	-1	0
3054	3053	3109	2	-1	-1	-1	0
3093	3091	3035	2	-1	-1	-1	0
3035	3092	3093	2	-1	-1	-1	0
3056	3112	3055	2	-1	-1	-1	0
3111	3058	3055	2	-1	-1	-1	0
3057	3113	3056	2	-1	-1	-1	0
3096	3094	3041	2	-1	-1	-1	0
3041	3095	3096	2	-1	-1	-1	0
3095	3042	3097	2	-1	-1	-1	0
3060	3115	3059	2	-1	-1	-1	0
3059	3115	3065	2	-1	-1	-1	0
3075	3090	3077	2	-1	-1	-1	0
3066	3116	3060	2	-1	-1	-1	0
3098	3045	3100	2	-1	-1	-1	0
3100	3045	3099	2	-1	-1	-1	0
3118	3062	3064	2	-1	-1	-1	0
3119	3063	3065	2	-1	-1	-1	0
3063	3120	3064	2	-1	-1	-1	0
3050	3094	3104	2	-1	-1	-1	0
3111	3080	3058	2	-1	-1	-1	0
3099	3047	3103	2	-1	-1	-1	0
3102	3047	3101	2	-1	-1	-1	0
3047	3102	3103	2	-1	-1	-1	0
3124	3066	3067	2	-1	-1	-1	0
3104	3105	3050	2	-1	-1	-1	0
3067	3071	3124	2	-1	-1	-1	0
3106	3107	3051	2	-1	-1	-1	0
3101	3054	3110	2	-1	-1	-1	0
3108	3052	3105	2	-1	-1	-1	0
3125	3071	3070	2	-1	-1	-1	0
3106	3052	3108	2	-1	-1	-1	0
3114	3057	3098	2	-1	-1	-1	0
3107	3109	3053	2	-1	-1	-1	0
3054	3109	3110	2	-1	-1	-1	0
3127	3074	3073	2	-1	-1	-1	0
3126	3073	3076	2	-1	-1	-1	0
3111	3085	3080	2	-1	-1	-1	0
3118	3097	3062	2	-1	-1	-1	0
3055	3112	3111	2	-1	-1	-1	0
3074	3128	3079	2	-1	-1	-1	0
3056	3113	3112	2	-1	-1	-1	0
3076	3077	3130	2	-1	-1	-1	0
3113	3057	3114	2	-1	-1	-1	0
3115	3060	3117	2	-1	-1	-1	0
3116	3117	3060	2	-1	-1	-1	0
3104	3094	3096	2	-1	-1	-1	0
3081	3082	3133	2	-1	-1	-1	0
3090	3131	3077	2	-1	-1	-1	0
3083	3133	3082	2	-1	-1	-1	0
3122	3065	3115	2	-1	-1	-1	0
3103	3100	3099	2	-1	-1	-1	0
3063	3119	3120	2	-1	-1	-1	0
3083	3084	3135	2	-1	-1	-1	0
3064	3121	3118	2	-1	-1	-1	0
3121	3064	3120	2	-1	-1	-1	0
3085	3137	3084	2	-1	-1	-1	0
3066	3124	3116	2	-1	-1	-1	0
3134	3092	3081	2	-1	-1	-1	0
3065	3123	3119	2	-1	-1	-1	0
3065	3122	3123	2	-1	-1	-1	0
3086	3087	3138	2	-1	-1	-1	0
3114	3098	3100	2	-1	-1	-1	0
3138	3090	3086	2	-1	-1	-1	0
3087	3088	3139	2	-1	-1	-1	0
3089	3140	3088	2	-1	-1	-1	0
3071	3125	3124	2	-1	-1	-1	0
3091	3141	3089	2	-1	-1	-1	0
3073	3126	3127	2	-1	-1	-1	0
3144	3091	3093	2	-1	-1	-1	0
3145	3093	3092	2	-1	-1	-1	0
3074	3127	3129	2	-1	-1	-1	0
3074	3129	3128	2	-1	-1	-1	0
3076	3130	3126	2	-1	-1	-1	0
3085	3111	3137	2	-1	-1	-1	0
3095	3147	3096	2	-1	-1	-1	0
3132	3130	3077	2	-1	-1	-1	0
3095	3097	3148	2	-1	-1	-1	0
3077	3131	3132	2	-1	-1	-1	0
3081	3133	3134	2	-1	-1	-1	0
3104	3096	3149	2	-1	-1	-1	0
3136	3133	3083	2	-1	-1	-1	0
3103	3150	3100	2	-1	-1	-1	0
3122	3115	3117	2	-1	-1	-1	0
3083	3135	3136	2	-1	-1	-1	0
3137	3135	3084	2	-1	-1	-1	0
3152	3102	3101	2	-1	-1	-1	0
3103	3102	3153	2	-1	-1	-1	0
3137	3111	3112	2	-1	-1	-1	0
3110	3152	3101	2	-1	-1	-1	0
3118	3148	3097	2	-1	-1	-1	0
3155	3105	3104	2	-1	-1	-1	0
3087	3139	3138	2	-1	-1	-1	0
3143	3131	3090	2	-1	-1	-1	0
3151	3114	3100	2	-1	-1	-1	0
3139	3088	3140	2	-1	-1	-1	0
3105	3156	3108	2	-1	-1	-1	0
3142	3090	3138	2	-1	-1	-1	0
3107	3106	3157	2	-1	-1	-1	0
3141	3140	3089	2	-1	-1	-1	0
3134	3145	3092	2	-1	-1	-1	0
3108	3158	3106	2	-1	-1	-1	0
3142	3143	3090	2	-1	-1	-1	0
3109	3107	3159	2	-1	-1	-1	0
3144	3141	3091	2	-1	-1	-1	0
3110	3109	3159	2	-1	-1	-1	0
3146	3144	3093	2	-1	-1	-1	0
3146	3093	3145	2	-1	-1	-1	0
3148	3147	3095	2	-1	-1	-1	0
3166	3112	3113	2	-1	-1	-1	0
3096	3147	3149	2	-1	-1	-1	0
3166	3113	3114	2	-1	-1	-1	0
3116	3167	3117	2	-1	-1	-1	0
3100	3150	3151	2	-1	-1	-1	0
3134	3133	3136	2	-1	-1	-1	0
3102	3152	3153	2	-1	-1	-1	0
3150	3103	3154	2	-1	-1	-1	0
3155	3104	3149	2	-1	-1	-1	0
3116	3124	3168	2	-1	-1	-1	0
3122	3117	3170	2	-1	-1	-1	0
3154	3103	3153	2	-1	-1	-1	0
3118	3121	3172	2	-1	-1	-1	0
3173	3120	3119	2	-1	-1	-1	0
3137	3112	3165	2	-1	-1	-1	0
3174	3121	3120	2	-1	-1	-1	0
3173	3119	3123	2	-1	-1	-1	0
3156	3105	3155	2	-1	-1	-1	0
3124	3125	3168	2	-1	-1	-1	0
3175	3123	3122	2	-1	-1	-1	0
3158	3157	3106	2	-1	-1	-1	0
3107	3157	3161	2	-1	-1	-1	0
3110	3163	3152	2	-1	-1	-1	0
3107	3160	3159	2	-1	-1	-1	0
3156	3162	3108	2	-1	-1	-1	0
3162	3158	3108	2	-1	-1	-1	0
3160	3107	3161	2	-1	-1	-1	0
3114	3151	3166	2	-1	-1	-1	0
3179	3127	3126	2	-1	-1	-1	0
3110	3159	3164	2	-1	-1	-1	0
3179	3126	3130	2	-1	-1	-1	0
3129	3127	3179	2	-1	-1	-1	0
3128	3129	3180	2	-1	-1	-1	0
3148	3118	3171	2	-1	-1	-1	0
3110	3164	3163	2	-1	-1	-1	0
3112	3166	3165	2	-1	-1	-1	0
3132	3181	3130	2	-1	-1	-1	0
3131	3183	3132	2	-1	-1	-1	0
3168	3167	3116	2	-1	-1	-1	0
3167	3169	3117	2	-1	-1	-1	0
3134	3136	3185	2	-1	-1	-1	0
3117	3169	3170	2	-1	-1	-1	0
3183	3131	3143	2	-1	-1	-1	0
3135	3188	3136	2	-1	-1	-1	0
3135	3137	3187	2	-1	-1	-1	0
3172	3171	3118	2	-1	-1	-1	0
3145	3134	3185	2	-1	-1	-1	0
3174	3172	3121	2	-1	-1	-1	0
3122	3170	3175	2	-1	-1	-1	0
3120	3173	3174	2	-1	-1	-1	0
3139	3190	3138	2	-1	-1	-1	0
3190	3142	3138	2	-1	-1	-1	0
3191	3139	3140	2	-1	-1	-1	0
3140	3141	3192	2	-1	-1	-1	0
3178	3173	3123	2	-1	-1	-1	0
3177	3123	3175	2	-1	-1	-1	0
3161	3157	3158	2	-1	-1	-1	0
3145	3185	3146	2	-1	-1	-1	0
3177	3176	3123	2	-1	-1	-1	0
3123	3176	3178	2	-1	-1	-1	0
3144	3192	3141	2	-1	-1	-1	0
3194	3143	3142	2	-1	-1	-1	0
3192	3144	3146	2	-1	-1	-1	0
3159	3160	3164	2	-1	-1	-1	0
3179	3180	3129	2	-1	-1	-1	0
3165	3187	3137	2	-1	-1	-1	0
3179	3130	3182	2	-1	-1	-1	0
3181	3182	3130	2	-1	-1	-1	0
3148	3199	3147	2	-1	-1	-1	0
3149	3147	3199	2	-1	-1	-1	0
3132	3184	3181	2	-1	-1	-1	0
3132	3183	3184	2	-1	-1	-1	0
3150	3203	3151	2	-1	-1	-1	0
3155	3149	3201	2	-1	-1	-1	0
3150	3154	3202	2	-1	-1	-1	0
3186	3135	3187	2	-1	-1	-1	0
3135	3186	3188	2	-1	-1	-1	0
3136	3189	3185	2	-1	-1	-1	0
3205	3153	3152	2	-1	-1	-1	0
3201	3156	3155	2	-1	-1	-1	0
3189	3136	3188	2	-1	-1	-1	0
3206	3154	3153	2	-1	-1	-1	0
3148	3171	3200	2	-1	-1	-1	0
3163	3205	3152	2	-1	-1	-1	0
3191	3190	3139	2	-1	-1	-1	0
3195	3183	3143	2	-1	-1	-1	0
3151	3204	3166	2	-1	-1	-1	0
3191	3140	3193	2	-1	-1	-1	0
3192	3193	3140	2	-1	-1	-1	0
3162	3156	3208	2	-1	-1	-1	0
3142	3190	3194	2	-1	-1	-1	0
3185	3196	3146	2	-1	-1	-1	0
3158	3209	3161	2	-1	-1	-1	0
3210	3158	3162	2	-1	-1	-1	0
3194	3195	3143	2	-1	-1	-1	0
3211	3160	3161	2	-1	-1	-1	0
3192	3146	3197	2	-1	-1	-1	0
3212	3164	3160	2	-1	-1	-1	0
3146	3196	3198	2	-1	-1	-1	0
3163	3164	3214	2	-1	-1	-1	0
3179	3182	3180	2	-1	-1	-1	0
3198	3197	3146	2	-1	-1	-1	0
3200	3199	3148	2	-1	-1	-1	0
3217	3165	3166	2	-1	-1	-1	0
3149	3199	3201	2	-1	-1	-1	0
3150	3202	3203	2	-1	-1	-1	0
3170	3169	3219	2	-1	-1	-1	0
3151	3203	3204	2	-1	-1	-1	0
3207	3202	3154	2	-1	-1	-1	0
3172	3221	3171	2	-1	-1	-1	0
3170	3219	3175	2	-1	-1	-1	0
3205	3206	3153	2	-1	-1	-1	0
3201	3208	3156	2	-1	-1	-1	0
3207	3154	3206	2	-1	-1	-1	0
3172	3174	3222	2	-1	-1	-1	0
3165	3218	3187	2	-1	-1	-1	0
3196	3185	3189	2	-1	-1	-1	0
3223	3174	3173	2	-1	-1	-1	0
3175	3219	3177	2	-1	-1	-1	0
3173	3178	3223	2	-1	-1	-1	0
3194	3190	3191	2	-1	-1	-1	0
3210	3209	3158	2	-1	-1	-1	0
3224	3178	3176	2	-1	-1	-1	0
3162	3208	3210	2	-1	-1	-1	0
3209	3213	3161	2	-1	-1	-1	0
3215	3205	3163	2	-1	-1	-1	0
3211	3212	3160	2	-1	-1	-1	0
3161	3213	3211	2	-1	-1	-1	0
3180	3182	3225	2	-1	-1	-1	0
3166	3204	3217	2	-1	-1	-1	0
3182	3181	3226	2	-1	-1	-1	0
3218	3186	3187	2	-1	-1	-1	0
3171	3220	3200	2	-1	-1	-1	0
3181	3184	3226	2	-1	-1	-1	0
3214	3215	3163	2	-1	-1	-1	0
3212	3216	3164	2	-1	-1	-1	0
3227	3184	3183	2	-1	-1	-1	0
3164	3216	3214	2	-1	-1	-1	0
3165	3217	3218	2	-1	-1	-1	0
3186	3230	3188	2	-1	-1	-1	0
3227	3183	3195	2	-1	-1	-1	0
3231	3189	3188	2	-1	-1	-1	0
3220	3171	3221	2	-1	-1	-1	0
3222	3221	3172	2	-1	-1	-1	0
3193	3234	3191	2	-1	-1	-1	0
3189	3233	3196	2	-1	-1	-1	0
3174	3223	3222	2	-1	-1	-1	0
3191	3234	3194	2	-1	-1	-1	0
3235	3193	3192	2	-1	-1	-1	0
3192	3197	3235	2	-1	-1	-1	0
3224	3223	3178	2	-1	-1	-1	0
3233	3198	3196	2	-1	-1	-1	0
3238	3195	3194	2	-1	-1	-1	0
3225	3182	3226	2	-1	-1	-1	0
3186	3218	3230	2	-1	-1	-1	0
3198	3240	3197	2	-1	-1	-1	0
3227	3228	3184	2	-1	-1	-1	0
3229	3226	3184	2	-1	-1	-1	0
3218	3217	3204	2	-1	-1	-1	0
3229	3184	3228	2	-1	-1	-1	0
3245	3199	3200	2	-1	-1	-1	0
3244	3201	3199	2	-1	-1	-1	0
3231	3188	3230	2	-1	-1	-1	0
3203	3202	3247	2	-1	-1	-1	0
3189	3231	3232	2	-1	-1	-1	0
3189	3232	3233	2	-1	-1	-1	0
3203	3247	3204	2	-1	-1	-1	0
3201	3246	3208	2	-1	-1	-1	0
3207	3247	3202	2	-1	-1	-1	0
3249	3206	3205	2	-1	-1	-1	0
3195	3239	3227	2	-1	-1	-1	0
3206	3250	3207	2	-1	-1	-1	0
3234	3193	3237	2	-1	-1	-1	0
3235	3236	3193	2	-1	-1	-1	0
3245	3200	3220	2	-1	-1	-1	0
3193	3236	3237	2	-1	-1	-1	0
3194	3234	3238	2	-1	-1	-1	0
3215	3249	3205	2	-1	-1	-1	0
3252	3210	3208	2	-1	-1	-1	0
3218	3204	3248	2	-1	-1	-1	0
3240	3235	3197	2	-1	-1	-1	0
3238	3239	3195	2	-1	-1	-1	0
3210	3255	3209	2	-1	-1	-1	0
3243	3198	3233	2	-1	-1	-1	0
3213	3209	3254	2	-1	-1	-1	0
3198	3242	3240	2	-1	-1	-1	0
3257	3212	3211	2	-1	-1	-1	0
3241	3242	3198	2	-1	-1	-1	0
3211	3213	3257	2	-1	-1	-1	0
3241	3198	3243	2	-1	-1	-1	0
3212	3258	3216	2	-1	-1	-1	0
3245	3244	3199	2	-1	-1	-1	0
3215	3214	3260	2	-1	-1	-1	0
3214	3216	3260	2	-1	-1	-1	0
3246	3201	3244	2	-1	-1	-1	0
3248	3204	3247	2	-1	-1	-1	0
3264	3220	3221	2	-1	-1	-1	0
3247	3207	3251	2	-1	-1	-1	0
3206	3249	3250	2	-1	-1	-1	0
3208	3246	3253	2	-1	-1	-1	0
3207	3250	3251	2	-1	-1	-1	0
3222	3266	3221	2	-1	-1	-1	0
3263	3230	3218	2	-1	-1	-1	0
3208	3253	3252	2	-1	-1	-1	0
3269	3222	3223	2	-1	-1	-1	0
3223	3224	3269	2	-1	-1	-1	0
3252	3256	3210	2	-1	-1	-1	0
3209	3255	3254	2	-1	-1	-1	0
3210	3256	3255	2	-1	-1	-1	0
3270	3225	3226	2	-1	-1	-1	0
3261	3249	3215	2	-1	-1	-1	0
3254	3259	3213	2	-1	-1	-1	0
3229	3271	3226	2	-1	-1	-1	0
3257	3258	3212	2	-1	-1	-1	0
3227	3273	3228	2	-1	-1	-1	0
3259	3257	3213	2	-1	-1	-1	0
3248	3263	3218	2	-1	-1	-1	0
3245	3220	3265	2	-1	-1	-1	0
3229	3228	3274	2	-1	-1	-1	0
3262	3216	3258	2	-1	-1	-1	0
3261	3215	3260	2	-1	-1	-1	0
3230	3276	3231	2	-1	-1	-1	0
3260	3216	3262	2	-1	-1	-1	0
3272	3227	3239	2	-1	-1	-1	0
3232	3231	3277	2	-1	-1	-1	0
3278	3233	3232	2	-1	-1	-1	0
3264	3265	3220	2	-1	-1	-1	0
3237	3279	3234	2	-1	-1	-1	0
3235	3280	3236	2	-1	-1	-1	0
3238	3234	3279	2	-1	-1	-1	0
3221	3267	3264	2	-1	-1	-1	0
3243	3233	3278	2	-1	-1	-1	0
3266	3267	3221	2	-1	-1	-1	0
3282	3237	3236	2	-1	-1	-1	0
3222	3268	3266	2	-1	-1	-1	0
3235	3240	3281	2	-1	-1	-1	0
3269	3268	3222	2	-1	-1	-1	0
3285	3239	3238	2	-1	-1	-1	0
3281	3240	3242	2	-1	-1	-1	0
3226	3271	3270	2	-1	-1	-1	0
3263	3276	3230	2	-1	-1	-1	0
3243	3288	3241	2	-1	-1	-1	0
3227	3272	3273	2	-1	-1	-1	0
3241	3289	3242	2	-1	-1	-1	0
3271	3229	3275	2	-1	-1	-1	0
3274	3228	3273	2	-1	-1	-1	0
3274	3275	3229	2	-1	-1	-1	0
3245	3293	3244	2	-1	-1	-1	0
3293	3246	3244	2	-1	-1	-1	0
3262	3261	3260	2	-1	-1	-1	0
3231	3276	3277	2	-1	-1	-1	0
3277	3278	3232	2	-1	-1	-1	0
3248	3247	3296	2	-1	-1	-1	0
3251	3295	3247	2	-1	-1	-1	0
3253	3246	3294	2	-1	-1	-1	0
3235	3281	3280	2	-1	-1	-1	0
3239	3286	3272	2	-1	-1	-1	0
3249	3298	3250	2	-1	-1	-1	0
3282	3236	3280	2	-1	-1	-1	0
3299	3251	3250	2	-1	-1	-1	0
3284	3279	3237	2	-1	-1	-1	0
3282	3283	3237	2	-1	-1	-1	0
3285	3238	3279	2	-1	-1	-1	0
3293	3245	3265	2	-1	-1	-1	0
3237	3283	3284	2	-1	-1	-1	0
3252	3253	3301	2	-1	-1	-1	0
3249	3261	3298	2	-1	-1	-1	0
3248	3297	3263	2	-1	-1	-1	0
3301	3256	3252	2	-1	-1	-1	0
3239	3285	3287	2	-1	-1	-1	0
3243	3278	3291	2	-1	-1	-1	0
3287	3286	3239	2	-1	-1	-1	0
3303	3254	3255	2	-1	-1	-1	0
3242	3290	3281	2	-1	-1	-1	0
3255	3256	3305	2	-1	-1	-1	0
3254	3304	3259	2	-1	-1	-1	0
3289	3241	3288	2	-1	-1	-1	0
3290	3242	3289	2	-1	-1	-1	0
3307	3258	3257	2	-1	-1	-1	0
3288	3243	3292	2	-1	-1	-1	0
3308	3257	3259	2	-1	-1	-1	0
3243	3291	3292	2	-1	-1	-1	0
3262	3258	3309	2	-1	-1	-1	0
3246	3293	3294	2	-1	-1	-1	0
3261	3262	3310	2	-1	-1	-1	0
3296	3247	3295	2	-1	-1	-1	0
3248	3296	3297	2	-1	-1	-1	0
3265	3264	3313	2	-1	-1	-1	0
3267	3314	3264	2	-1	-1	-1	0
3251	3300	3295	2	-1	-1	-1	0
3299	3250	3298	2	-1	-1	-1	0
3285	3279	3284	2	-1	-1	-1	0
3294	3302	3253	2	-1	-1	-1	0
3251	3299	3300	2	-1	-1	-1	0
3266	3317	3267	2	-1	-1	-1	0
3276	3263	3312	2	-1	-1	-1	0
3266	3268	3317	2	-1	-1	-1	0
3302	3301	3253	2	-1	-1	-1	0
3254	3303	3304	2	-1	-1	-1	0
3255	3305	3303	2	-1	-1	-1	0
3273	3272	3318	2	-1	-1	-1	0
3256	3301	3306	2	-1	-1	-1	0
3319	3274	3273	2	-1	-1	-1	0
3256	3306	3305	2	-1	-1	-1	0
3274	3320	3275	2	-1	-1	-1	0
3310	3298	3261	2	-1	-1	-1	0
3308	3259	3304	2	-1	-1	-1	0
3307	3257	3308	2	-1	-1	-1	0
3312	3263	3297	2	-1	-1	-1	0
3276	3321	3277	2	-1	-1	-1	0
3258	3307	3309	2	-1	-1	-1	0
3293	3265	3316	2	-1	-1	-1	0
3272	3286	3318	2	-1	-1	-1	0
3322	3278	3277	2	-1	-1	-1	0
3311	3262	3309	2	-1	-1	-1	0
3311	3310	3262	2	-1	-1	-1	0
3280	3281	3323	2	-1	-1	-1	0
3280	3323	3282	2	-1	-1	-1	0
3283	3282	3325	2	-1	-1	-1	0
3291	3278	3322	2	-1	-1	-1	0
3264	3314	3313	2	-1	-1	-1	0
3296	3295	3300	2	-1	-1	-1	0
3265	3313	3315	2	-1	-1	-1	0
3284	3283	3326	2	-1	-1	-1	0
3323	3281	3290	2	-1	-1	-1	0
3265	3315	3316	2	-1	-1	-1	0
3284	3327	3285	2	-1	-1	-1	0
3314	3267	3317	2	-1	-1	-1	0
3287	3285	3327	2	-1	-1	-1	0
3287	3329	3286	2	-1	-1	-1	0
3293	3316	3294	2	-1	-1	-1	0
3312	3321	3276	2	-1	-1	-1	0
3288	3333	3289	2	-1	-1	-1	0
3319	3273	3318	2	-1	-1	-1	0
3332	3288	3292	2	-1	-1	-1	0
3319	3320	3274	2	-1	-1	-1	0
3290	3289	3335	2	-1	-1	-1	0
3277	3321	3322	2	-1	-1	-1	0
3291	3337	3292	2	-1	-1	-1	0
3282	3323	3324	2	-1	-1	-1	0
3324	3325	3282	2	-1	-1	-1	0
3341	3297	3296	2	-1	-1	-1	0
3325	3326	3283	2	-1	-1	-1	0
3318	3286	3330	2	-1	-1	-1	0
3294	3340	3302	2	-1	-1	-1	0
3323	3290	3324	2	-1	-1	-1	0
3284	3326	3328	2	-1	-1	-1	0
3300	3342	3296	2	-1	-1	-1	0
3327	3284	3328	2	-1	-1	-1	0
3298	3344	3299	2	-1	-1	-1	0
3300	3299	3345	2	-1	-1	-1	0
3331	3287	3327	2	-1	-1	-1	0
3329	3330	3286	2	-1	-1	-1	0
3329	3287	3331	2	-1	-1	-1	0
3339	3294	3316	2	-1	-1	-1	0
3291	3322	3336	2	-1	-1	-1	0
3290	3335	3324	2	-1	-1	-1	0
3312	3297	3341	2	-1	-1	-1	0
3301	3302	3347	2	-1	-1	-1	0
3310	3343	3298	2	-1	-1	-1	0
3333	3288	3332	2	-1	-1	-1	0
3348	3306	3301	2	-1	-1	-1	0
3333	3334	3289	2	-1	-1	-1	0
3303	3305	3350	2	-1	-1	-1	0
3351	3304	3303	2	-1	-1	-1	0
3289	3334	3335	2	-1	-1	-1	0
3292	3338	3332	2	-1	-1	-1	0
3291	3336	3337	2	-1	-1	-1	0
3308	3304	3352	2	-1	-1	-1	0
3354	3305	3306	2	-1	-1	-1	0
3292	3337	3338	2	-1	-1	-1	0
3330	3319	3318	2	-1	-1	-1	0
3339	3316	3315	2	-1	-1	-1	0
3356	3307	3308	2	-1	-1	-1	0
3357	3309	3307	2	-1	-1	-1	0
3339	3340	3294	2	-1	-1	-1	0
3309	3359	3311	2	-1	-1	-1	0
3342	3341	3296	2	-1	-1	-1	0
3362	3310	3311	2	-1	-1	-1	0
3324	3335	3325	2	-1	-1	-1	0
3343	3344	3298	2	-1	-1	-1	0
3328	3331	3327	2	-1	-1	-1	0
3300	3346	3342	2	-1	-1	-1	0
3344	3345	3299	2	-1	-1	-1	0
3345	3346	3300	2	-1	-1	-1	0
3302	3340	3349	2	-1	-1	-1	0
3301	3347	3348	2	-1	-1	-1	0
3321	3312	3364	2	-1	-1	-1	0
3347	3302	3349	2	-1	-1	-1	0
3303	3350	3351	2	-1	-1	-1	0
3319	3366	3320	2	-1	-1	-1	0
3304	3351	3352	2	-1	-1	-1	0
3305	3353	3350	2	-1	-1	-1	0
3355	3306	3348	2	-1	-1	-1	0
3322	3321	3368	2	-1	-1	-1	0
3353	3305	3354	2	-1	-1	-1	0
3310	3361	3343	2	-1	-1	-1	0
3306	3355	3354	2	-1	-1	-1	0
3367	3319	3330	2	-1	-1	-1	0
3312	3341	3365	2	-1	-1	-1	0
3352	3358	3308	2	-1	-1	-1	0
3356	3357	3307	2	-1	-1	-1	0
3326	3325	3369	2	-1	-1	-1	0
3356	3308	3358	2	-1	-1	-1	0
3357	3360	3309	2	-1	-1	-1	0
3336	3322	3368	2	-1	-1	-1	0
3328	3326	3373	2	-1	-1	-1	0
3360	3359	3309	2	-1	-1	-1	0
3335	3371	3325	2	-1	-1	-1	0
3359	3363	3311	2	-1	-1	-1	0
3310	3362	3361	2	-1	-1	-1	0
3375	3331	3328	2	-1	-1	-1	0
3329	3376	3330	2	-1	-1	-1	0
3331	3377	3329	2	-1	-1	-1	0
3362	3311	3363	2	-1	-1	-1	0
3334	3371	3335	2	-1	-1	-1	0
3365	3364	3312	2	-1	-1	-1	0
3379	3333	3332	2	-1	-1	-1	0
3334	3333	3381	2	-1	-1	-1	0
3342	3365	3341	2	-1	-1	-1	0
3332	3338	3379	2	-1	-1	-1	0
3366	3319	3367	2	-1	-1	-1	0
3368	3321	3364	2	-1	-1	-1	0
3382	3337	3336	2	-1	-1	-1	0
3384	3338	3337	2	-1	-1	-1	0
3370	3369	3325	2	-1	-1	-1	0
3370	3325	3372	2	-1	-1	-1	0
3325	3371	3372	2	-1	-1	-1	0
3373	3326	3369	2	-1	-1	-1	0
3343	3387	3344	2	-1	-1	-1	0
3386	3342	3346	2	-1	-1	-1	0
3367	3330	3378	2	-1	-1	-1	0
3374	3328	3373	2	-1	-1	-1	0
3328	3374	3375	2	-1	-1	-1	0
3389	3345	3344	2	-1	-1	-1	0
3346	3345	3390	2	-1	-1	-1	0
3329	3377	3376	2	-1	-1	-1	0
3377	3331	3375	2	-1	-1	-1	0
3330	3376	3378	2	-1	-1	-1	0
3334	3381	3371	2	-1	-1	-1	0
3391	3348	3347	2	-1	-1	-1	0
3336	3368	3383	2	-1	-1	-1	0
3391	3347	3349	2	-1	-1	-1	0
3388	3343	3361	2	-1	-1	-1	0
3379	3380	3333	2	-1	-1	-1	0
3392	3351	3350	2	-1	-1	-1	0
3342	3386	3365	2	-1	-1	-1	0
3380	3381	3333	2	-1	-1	-1	0
3348	3391	3355	2	-1	-1	-1	0
3392	3350	3353	2	-1	-1	-1	0
3393	3352	3351	2	-1	-1	-1	0
3382	3336	3383	2	-1	-1	-1	0
3338	3385	3379	2	-1	-1	-1	0
3384	3337	3382	2	-1	-1	-1	0
3394	3358	3352	2	-1	-1	-1	0
3384	3385	3338	2	-1	-1	-1	0
3356	3395	3357	2	-1	-1	-1	0
3358	3395	3356	2	-1	-1	-1	0
3388	3361	3362	2	-1	-1	-1	0
3395	3360	3357	2	-1	-1	-1	0
3364	3383	3368	2	-1	-1	-1	0
3359	3360	3399	2	-1	-1	-1	0
3388	3387	3343	2	-1	-1	-1	0
3344	3387	3389	2	-1	-1	-1	0
3398	3363	3359	2	-1	-1	-1	0
3386	3346	3390	2	-1	-1	-1	0
3389	3390	3345	2	-1	-1	-1	0
3362	3363	3401	2	-1	-1	-1	0
3403	3364	3365	2	-1	-1	-1	0
3393	3351	3392	2	-1	-1	-1	0
3367	3404	3366	2	-1	-1	-1	0
3393	3394	3352	2	-1	-1	-1	0
3370	3405	3369	2	-1	-1	-1	0
3405	3373	3369	2	-1	-1	-1	0
3372	3406	3370	2	-1	-1	-1	0
3358	3394	3396	2	-1	-1	-1	0
3404	3367	3378	2	-1	-1	-1	0
3395	3358	3397	2	-1	-1	-1	0
3371	3407	3372	2	-1	-1	-1	0
3383	3364	3403	2	-1	-1	-1	0
3358	3396	3397	2	-1	-1	-1	0
3401	3388	3362	2	-1	-1	-1	0
3403	3365	3386	2	-1	-1	-1	0
3360	3395	3400	2	-1	-1	-1	0
3398	3359	3399	2	-1	-1	-1	0
3373	3411	3374	2	-1	-1	-1	0
3371	3381	3407	2	-1	-1	-1	0
3360	3400	3399	2	-1	-1	-1	0
3374	3412	3375	2	-1	-1	-1	0
3363	3398	3402	2	-1	-1	-1	0
3377	3375	3413	2	-1	-1	-1	0
3401	3363	3402	2	-1	-1	-1	0
3414	3376	3377	2	-1	-1	-1	0
3378	3376	3414	2	-1	-1	-1	0
3418	3380	3379	2	-1	-1	-1	0
3419	3381	3380	2	-1	-1	-1	0
3379	3385	3417	2	-1	-1	-1	0
3405	3370	3406	2	-1	-1	-1	0
3421	3382	3383	2	-1	-1	-1	0
3382	3420	3384	2	-1	-1	-1	0
3372	3409	3406	2	-1	-1	-1	0
3407	3408	3372	2	-1	-1	-1	0
3373	3405	3410	2	-1	-1	-1	0
3408	3409	3372	2	-1	-1	-1	0
3422	3385	3384	2	-1	-1	-1	0
3411	3373	3410	2	-1	-1	-1	0
3412	3374	3411	2	-1	-1	-1	0
3404	3378	3415	2	-1	-1	-1	0
3412	3413	3375	2	-1	-1	-1	0
3390	3425	3386	2	-1	-1	-1	0
3388	3426	3387	2	-1	-1	-1	0
3389	3387	3427	2	-1	-1	-1	0
3414	3377	3413	2	-1	-1	-1	0
3390	3389	3427	2	-1	-1	-1	0
3419	3407	3381	2	-1	-1	-1	0
3383	3403	3421	2	-1	-1	-1	0
3414	3416	3378	2	-1	-1	-1	0
3416	3415	3378	2	-1	-1	-1	0
3424	3403	3386	2	-1	-1	-1	0
3418	3379	3417	2	-1	-1	-1	0
3419	3380	3418	2	-1	-1	-1	0
3401	3428	3388	2	-1	-1	-1	0
3395	3397	3430	2	-1	-1	-1	0
3420	3382	3421	2	-1	-1	-1	0
3431	3397	3396	2	-1	-1	-1	0
3423	3417	3385	2	-1	-1	-1	0
3430	3400	3395	2	-1	-1	-1	0
3422	3384	3420	2	-1	-1	-1	0
3399	3432	3398	2	-1	-1	-1	0
3385	3422	3423	2	-1	-1	-1	0
3402	3428	3401	2	-1	-1	-1	0
3433	3402	3398	2	-1	-1	-1	0
3408	3407	3419	2	-1	-1	-1	0
3435	3399	3400	2	-1	-1	-1	0
3425	3424	3386	2	-1	-1	-1	0
3387	3426	3427	2	-1	-1	-1	0
3388	3428	3426	2	-1	-1	-1	0
3429	3425	3390	2	-1	-1	-1	0
3403	3424	3421	2	-1	-1	-1	0
3390	3427	3429	2	-1	-1	-1	0
3405	3406	3438	2	-1	-1	-1	0
3438	3410	3405	2	-1	-1	-1	0
3439	3406	3409	2	-1	-1	-1	0
3440	3409	3408	2	-1	-1	-1	0
3431	3430	3397	2	-1	-1	-1	0
3398	3432	3433	2	-1	-1	-1	0
3399	3434	3432	2	-1	-1	-1	0
3410	3444	3411	2	-1	-1	-1	0
3436	3400	3430	2	-1	-1	-1	0
3428	3402	3437	2	-1	-1	-1	0
3419	3440	3408	2	-1	-1	-1	0
3412	3411	3445	2	-1	-1	-1	0
3435	3434	3399	2	-1	-1	-1	0
3400	3436	3435	2	-1	-1	-1	0
3413	3412	3446	2	-1	-1	-1	0
3402	3433	3437	2	-1	-1	-1	0
3413	3447	3414	2	-1	-1	-1	0
3416	3414	3448	2	-1	-1	-1	0
3415	3416	3449	2	-1	-1	-1	0
3439	3438	3406	2	-1	-1	-1	0
3452	3418	3417	2	-1	-1	-1	0
3441	3439	3409	2	-1	-1	-1	0
3453	3419	3418	2	-1	-1	-1	0
3442	3409	3440	2	-1	-1	-1	0
3438	3443	3410	2	-1	-1	-1	0
3442	3441	3409	2	-1	-1	-1	0
3423	3452	3417	2	-1	-1	-1	0
3430	3431	3436	2	-1	-1	-1	0
3420	3421	3456	2	-1	-1	-1	0
3443	3444	3410	2	-1	-1	-1	0
3420	3458	3422	2	-1	-1	-1	0
3411	3444	3445	2	-1	-1	-1	0
3446	3412	3445	2	-1	-1	-1	0
3459	3421	3424	2	-1	-1	-1	0
3447	3413	3446	2	-1	-1	-1	0
3422	3461	3423	2	-1	-1	-1	0
3459	3424	3425	2	-1	-1	-1	0
3448	3414	3447	2	-1	-1	-1	0
3451	3416	3448	2	-1	-1	-1	0
3455	3440	3419	2	-1	-1	-1	0
3450	3449	3416	2	-1	-1	-1	0
3425	3429	3462	2	-1	-1	-1	0
3463	3426	3428	2	-1	-1	-1	0
3464	3427	3426	2	-1	-1	-1	0
3416	3451	3450	2	-1	-1	-1	0
3466	3429	3427	2	-1	-1	-1	0
3454	3418	3452	2	-1	-1	-1	0
3418	3454	3453	2	-1	-1	-1	0
3419	3453	3455	2	-1	-1	-1	0
3437	3467	3428	2	-1	-1	-1	0
3432	3468	3433	2	-1	-1	-1	0
3456	3457	3420	2	-1	-1	-1	0
3468	3432	3434	2	-1	-1	-1	0
3420	3457	3458	2	-1	-1	-1	0
3452	3423	3461	2	-1	-1	-1	0
3460	3456	3421	2	-1	-1	-1	0
3433	3469	3437	2	-1	-1	-1	0
3458	3461	3422	2	-1	-1	-1	0
3459	3460	3421	2	-1	-1	-1	0
3425	3462	3459	2	-1	-1	-1	0
3439	3471	3438	2	-1	-1	-1	0
3439	3441	3472	2	-1	-1	-1	0
3471	3443	3438	2	-1	-1	-1	0
3463	3464	3426	2	-1	-1	-1	0
3473	3442	3440	2	-1	-1	-1	0
3464	3465	3427	2	-1	-1	-1	0
3466	3462	3429	2	-1	-1	-1	0
3465	3466	3427	2	-1	-1	-1	0
3441	3442	3475	2	-1	-1	-1	0
3443	3478	3444	2	-1	-1	-1	0
3463	3428	3467	2	-1	-1	-1	0
3479	3445	3444	2	-1	-1	-1	0
3454	3455	3453	2	-1	-1	-1	0
3473	3440	3455	2	-1	-1	-1	0
3479	3446	3445	2	-1	-1	-1	0
3468	3469	3433	2	-1	-1	-1	0
3460	3457	3456	2	-1	-1	-1	0
3437	3470	3467	2	-1	-1	-1	0
3447	3446	3481	2	-1	-1	-1	0
3469	3470	3437	2	-1	-1	-1	0
3447	3481	3448	2	-1	-1	-1	0
3451	3448	3481	2	-1	-1	-1	0
3439	3472	3471	2	-1	-1	-1	0
3441	3474	3472	2	-1	-1	-1	0
3451	3483	3450	2	-1	-1	-1	0
3475	3474	3441	2	-1	-1	-1	0
3471	3477	3443	2	-1	-1	-1	0
3442	3473	3476	2	-1	-1	-1	0
3454	3452	3486	2	-1	-1	-1	0
3476	3475	3442	2	-1	-1	-1	0
3487	3455	3454	2	-1	-1	-1	0
3443	3477	3478	2	-1	-1	-1	0
3486	3452	3461	2	-1	-1	-1	0
3480	3444	3478	2	-1	-1	-1	0
3479	3444	3480	2	-1	-1	-1	0
3490	3458	3457	2	-1	-1	-1	0
3446	3479	3482	2	-1	-1	-1	0
3457	3460	3490	2	-1	-1	-1	0
3446	3482	3481	2	-1	-1	-1	0
3461	3458	3492	2	-1	-1	-1	0
3460	3459	3493	2	-1	-1	-1	0
3462	3493	3459	2	-1	-1	-1	0
3455	3489	3473	2	-1	-1	-1	0
3451	3481	3485	2	-1	-1	-1	0
3451	3484	3483	2	-1	-1	-1	0
3451	3485	3484	2	-1	-1	-1	0
3496	3462	3466	2	-1	-1	-1	0
3497	3464	3463	2	-1	-1	-1	0
3497	3463	3467	2	-1	-1	-1	0
3498	3465	3464	2	-1	-1	-1	0
3454	3486	3488	2	-1	-1	-1	0
3487	3454	3488	2	-1	-1	-1	0
3487	3489	3455	2	-1	-1	-1	0
3465	3500	3466	2	-1	-1	-1	0
3476	3473	3489	2	-1	-1	-1	0
3467	3470	3502	2	-1	-1	-1	0
3491	3458	3490	2	-1	-1	-1	0
3491	3492	3458	2	-1	-1	-1	0
3461	3495	3486	2	-1	-1	-1	0
3460	3494	3490	2	-1	-1	-1	0
3471	3472	3504	2	-1	-1	-1	0
3494	3460	3493	2	-1	-1	-1	0
3482	3485	3481	2	-1	-1	-1	0
3495	3461	3492	2	-1	-1	-1	0
3505	3472	3474	2	-1	-1	-1	0
3496	3493	3462	2	-1	-1	-1	0
3471	3504	3477	2	-1	-1	-1	0
3507	3474	3475	2	-1	-1	-1	0
3464	3497	3499	2	-1	-1	-1	0
3476	3509	3475	2	-1	-1	-1	0
3464	3499	3498	2	-1	-1	-1	0
3498	3500	3465	2	-1	-1	-1	0
3466	3501	3496	2	-1	-1	-1	0
3478	3477	3511	2	-1	-1	-1	0
3497	3467	3503	2	-1	-1	-1	0
3500	3501	3466	2	-1	-1	-1	0
3495	3488	3486	2	-1	-1	-1	0
3480	3478	3512	2	-1	-1	-1	0
3479	3480	3513	2	-1	-1	-1	0
3467	3502	3503	2	-1	-1	-1	0
3482	3479	3513	2	-1	-1	-1	0
3476	3489	3510	2	-1	-1	-1	0
3505	3504	3472	2	-1	-1	-1	0
3515	3485	3482	2	-1	-1	-1	0
3494	3493	3496	2	-1	-1	-1	0
3484	3517	3483	2	-1	-1	-1	0
3505	3474	3506	2	-1	-1	-1	0
3518	3484	3485	2	-1	-1	-1	0
3506	3474	3507	2	-1	-1	-1	0
3507	3475	3508	2	-1	-1	-1	0
3511	3477	3504	2	-1	-1	-1	0
3508	3475	3509	2	-1	-1	-1	0
3519	3487	3488	2	-1	-1	-1	0
3476	3510	3509	2	-1	-1	-1	0
3489	3487	3520	2	-1	-1	-1	0
3478	3511	3512	2	-1	-1	-1	0
3490	3523	3491	2	-1	-1	-1	0
3521	3488	3495	2	-1	-1	-1	0
3480	3512	3514	2	-1	-1	-1	0
3514	3513	3480	2	-1	-1	-1	0
3492	3491	3525	2	-1	-1	-1	0
3524	3490	3494	2	-1	-1	-1	0
3516	3482	3513	2	-1	-1	-1	0
3515	3482	3516	2	-1	-1	-1	0
3495	3492	3527	2	-1	-1	-1	0
3485	3515	3518	2	-1	-1	-1	0
3496	3528	3494	2	-1	-1	-1	0
3517	3484	3518	2	-1	-1	-1	0
3510	3489	3520	2	-1	-1	-1	0
3487	3519	3520	2	-1	-1	-1	0
3530	3496	3501	2	-1	-1	-1	0
3532	3499	3497	2	-1	-1	-1	0
3522	3519	3488	2	-1	-1	-1	0
3533	3498	3499	2	-1	-1	-1	0
3522	3488	3521	2	-1	-1	-1	0
3533	3500	3498	2	-1	-1	-1	0
3497	3503	3532	2	-1	-1	-1	0
3490	3524	3523	2	-1	-1	-1	0
3501	3500	3537	2	-1	-1	-1	0
3526	3491	3523	2	-1	-1	-1	0
3526	3525	3491	2	-1	-1	-1	0
3503	3502	3538	2	-1	-1	-1	0
3527	3492	3525	2	-1	-1	-1	0
3529	3521	3495	2	-1	-1	-1	0
3528	3524	3494	2	-1	-1	-1	0
3539	3504	3505	2	-1	-1	-1	0
3506	3540	3505	2	-1	-1	-1	0
3529	3495	3527	2	-1	-1	-1	0
3539	3511	3504	2	-1	-1	-1	0
3507	3541	3506	2	-1	-1	-1	0
3496	3531	3528	2	-1	-1	-1	0
3531	3496	3530	2	-1	-1	-1	0
3508	3543	3507	2	-1	-1	-1	0
3508	3509	3545	2	-1	-1	-1	0
3510	3546	3509	2	-1	-1	-1	0
3535	3499	3532	2	-1	-1	-1	0
3537	3530	3501	2	-1	-1	-1	0
3536	3533	3499	2	-1	-1	-1	0
3535	3534	3499	2	-1	-1	-1	0
3499	3534	3536	2	-1	-1	-1	0
3500	3533	3537	2	-1	-1	-1	0
3511	3548	3512	2	-1	-1	-1	0
3503	3538	3532	2	-1	-1	-1	0
3514	3512	3549	2	-1	-1	-1	0
3520	3546	3510	2	-1	-1	-1	0
3550	3513	3514	2	-1	-1	-1	0
3513	3550	3516	2	-1	-1	-1	0
3516	3552	3515	2	-1	-1	-1	0
3505	3540	3539	2	-1	-1	-1	0
3518	3515	3552	2	-1	-1	-1	0
3542	3540	3506	2	-1	-1	-1	0
3541	3542	3506	2	-1	-1	-1	0
3518	3555	3517	2	-1	-1	-1	0
3544	3541	3507	2	-1	-1	-1	0
3507	3543	3544	2	-1	-1	-1	0
3556	3520	3519	2	-1	-1	-1	0
3508	3545	3543	2	-1	-1	-1	0
3548	3511	3539	2	-1	-1	-1	0
3519	3522	3557	2	-1	-1	-1	0
3558	3522	3521	2	-1	-1	-1	0
3547	3545	3509	2	-1	-1	-1	0
3509	3546	3547	2	-1	-1	-1	0
3532	3538	3535	2	-1	-1	-1	0
3560	3523	3524	2	-1	-1	-1	0
3521	3529	3558	2	-1	-1	-1	0
3560	3526	3523	2	-1	-1	-1	0
3512	3548	3549	2	-1	-1	-1	0
3561	3524	3528	2	-1	-1	-1	0
3526	3562	3525	2	-1	-1	-1	0
3551	3514	3549	2	-1	-1	-1	0
3525	3562	3527	2	-1	-1	-1	0
3514	3551	3550	2	-1	-1	-1	0
3516	3550	3554	2	-1	-1	-1	0
3527	3565	3529	2	-1	-1	-1	0
3553	3552	3516	2	-1	-1	-1	0
3520	3556	3546	2	-1	-1	-1	0
3554	3553	3516	2	-1	-1	-1	0
3531	3566	3528	2	-1	-1	-1	0
3518	3552	3555	2	-1	-1	-1	0
3530	3567	3531	2	-1	-1	-1	0
3556	3519	3557	2	-1	-1	-1	0
3567	3530	3537	2	-1	-1	-1	0
3522	3559	3557	2	-1	-1	-1	0
3533	3536	3569	2	-1	-1	-1	0
3522	3558	3559	2	-1	-1	-1	0
3569	3537	3533	2	-1	-1	-1	0
3570	3536	3534	2	-1	-1	-1	0
3560	3524	3561	2	-1	-1	-1	0
3563	3526	3560	2	-1	-1	-1	0
3540	3571	3539	2	-1	-1	-1	0
3526	3563	3562	2	-1	-1	-1	0
3565	3558	3529	2	-1	-1	-1	0
3564	3527	3562	2	-1	-1	-1	0
3572	3540	3542	2	-1	-1	-1	0
3551	3554	3550	2	-1	-1	-1	0
3528	3566	3561	2	-1	-1	-1	0
3564	3565	3527	2	-1	-1	-1	0
3541	3573	3542	2	-1	-1	-1	0
3548	3539	3571	2	-1	-1	-1	0
3573	3541	3544	2	-1	-1	-1	0
3575	3543	3545	2	-1	-1	-1	0
3543	3576	3544	2	-1	-1	-1	0
3568	3566	3531	2	-1	-1	-1	0
3567	3568	3531	2	-1	-1	-1	0
3545	3547	3578	2	-1	-1	-1	0
3546	3580	3547	2	-1	-1	-1	0
3537	3569	3567	2	-1	-1	-1	0
3569	3536	3570	2	-1	-1	-1	0
3582	3549	3548	2	-1	-1	-1	0
3580	3546	3556	2	-1	-1	-1	0
3549	3582	3551	2	-1	-1	-1	0
3572	3571	3540	2	-1	-1	-1	0
3574	3572	3542	2	-1	-1	-1	0
3584	3554	3551	2	-1	-1	-1	0
3542	3573	3574	2	-1	-1	-1	0
3586	3552	3553	2	-1	-1	-1	0
3585	3555	3552	2	-1	-1	-1	0
3577	3573	3544	2	-1	-1	-1	0
3576	3543	3575	2	-1	-1	-1	0
3553	3554	3587	2	-1	-1	-1	0
3577	3544	3576	2	-1	-1	-1	0
3575	3545	3579	2	-1	-1	-1	0
3556	3557	3588	2	-1	-1	-1	0
3548	3571	3582	2	-1	-1	-1	0
3545	3578	3579	2	-1	-1	-1	0
3590	3557	3559	2	-1	-1	-1	0
3547	3581	3578	2	-1	-1	-1	0
3547	3580	3581	2	-1	-1	-1	0
3592	3559	3558	2	-1	-1	-1	0
3558	3565	3591	2	-1	-1	-1	0
3560	3561	3594	2	-1	-1	-1	0
3582	3583	3551	2	-1	-1	-1	0
3563	3560	3594	2	-1	-1	-1	0
3583	3584	3551	2	-1	-1	-1	0
3596	3562	3563	2	-1	-1	-1	0
3561	3566	3595	2	-1	-1	-1	0
3562	3596	3564	2	-1	-1	-1	0
3586	3585	3552	2	-1	-1	-1	0
3556	3588	3580	2	-1	-1	-1	0
3554	3584	3587	2	-1	-1	-1	0
3586	3553	3587	2	-1	-1	-1	0
3599	3565	3564	2	-1	-1	-1	0
3557	3589	3588	2	-1	-1	-1	0
3568	3601	3566	2	-1	-1	-1	0
3590	3589	3557	2	-1	-1	-1	0
3602	3567	3569	2	-1	-1	-1	0
3567	3603	3568	2	-1	-1	-1	0
3569	3570	3602	2	-1	-1	-1	0
3558	3591	3592	2	-1	-1	-1	0
3559	3593	3590	2	-1	-1	-1	0
3593	3559	3592	2	-1	-1	-1	0
3605	3571	3572	2	-1	-1	-1	0
3561	3595	3594	2	-1	-1	-1	0
3606	3572	3574	2	-1	-1	-1	0
3607	3574	3573	2	-1	-1	-1	0
3563	3594	3597	2	-1	-1	-1	0
3591	3565	3600	2	-1	-1	-1	0
3563	3597	3596	2	-1	-1	-1	0
3573	3577	3607	2	-1	-1	-1	0
3564	3596	3598	2	-1	-1	-1	0
3571	3605	3582	2	-1	-1	-1	0
3599	3564	3598	2	-1	-1	-1	0
3566	3601	3595	2	-1	-1	-1	0
3575	3611	3576	2	-1	-1	-1	0
3565	3599	3600	2	-1	-1	-1	0
3576	3612	3577	2	-1	-1	-1	0
3579	3611	3575	2	-1	-1	-1	0
3567	3602	3603	2	-1	-1	-1	0
3568	3604	3601	2	-1	-1	-1	0
3581	3580	3614	2	-1	-1	-1	0
3604	3568	3603	2	-1	-1	-1	0
3582	3615	3583	2	-1	-1	-1	0
3588	3614	3580	2	-1	-1	-1	0
3606	3605	3572	2	-1	-1	-1	0
3584	3583	3616	2	-1	-1	-1	0
3617	3587	3584	2	-1	-1	-1	0
3608	3574	3607	2	-1	-1	-1	0
3586	3619	3585	2	-1	-1	-1	0
3574	3610	3606	2	-1	-1	-1	0
3614	3588	3589	2	-1	-1	-1	0
3574	3609	3610	2	-1	-1	-1	0
3574	3608	3609	2	-1	-1	-1	0
3621	3586	3587	2	-1	-1	-1	0
3613	3607	3577	2	-1	-1	-1	0
3576	3611	3612	2	-1	-1	-1	0
3582	3605	3615	2	-1	-1	-1	0
3613	3577	3612	2	-1	-1	-1	0
3622	3592	3591	2	-1	-1	-1	0
3592	3622	3593	2	-1	-1	-1	0
3594	3595	3623	2	-1	-1	-1	0
3591	3600	3622	2	-1	-1	-1	0
3616	3583	3615	2	-1	-1	-1	0
3594	3624	3597	2	-1	-1	-1	0
3618	3584	3616	2	-1	-1	-1	0
3584	3618	3617	2	-1	-1	-1	0
3597	3626	3596	2	-1	-1	-1	0
3598	3596	3626	2	-1	-1	-1	0
3601	3625	3595	2	-1	-1	-1	0
3619	3586	3620	2	-1	-1	-1	0
3587	3617	3621	2	-1	-1	-1	0
3620	3586	3621	2	-1	-1	-1	0
3607	3613	3608	2	-1	-1	-1	0
3625	3601	3604	2	-1	-1	-1	0
3606	3627	3605	2	-1	-1	-1	0
3594	3623	3624	2	-1	-1	-1	0
3625	3623	3595	2	-1	-1	-1	0
3606	3610	3628	2	-1	-1	-1	0
3627	3615	3605	2	-1	-1	-1	0
3626	3597	3624	2	-1	-1	-1	0
3630	3610	3609	2	-1	-1	-1	0
3615	3627	3616	2	-1	-1	-1	0
3629	3627	3606	2	-1	-1	-1	0
3628	3629	3606	2	-1	-1	-1	0
3616	3631	3618	2	-1	-1	-1	0
3632	3617	3618	2	-1	-1	-1	0
3628	3610	3630	2	-1	-1	-1	0
3621	3617	3632	2	-1	-1	-1	0
3619	3620	3635	2	-1	-1	-1	0
3631	3616	3627	2	-1	-1	-1	0
3637	3620	3621	2	-1	-1	-1	0
3633	3618	3631	2	-1	-1	-1	0
3618	3634	3632	2	-1	-1	-1	0
3618	3633	3634	2	-1	-1	-1	0
3627	3629	3631	2	-1	-1	-1	0
3632	3637	3621	2	-1	-1	-1	0
3636	3635	3620	2	-1	-1	-1	0
3636	3620	3637	2	-1	-1	-1	0
3628	3638	3629	2	-1	-1	-1	0
3638	3628	3630	2	-1	-1	-1	0
3631	3629	3639	2	-1	-1	-1	0
3640	3633	3631	2	-1	-1	-1	0
3639	3629	3638	2	-1	-1	-1	0
3634	3641	3632	2	-1	-1	-1	0
3640	3631	3639	2	-1	-1	-1	0
3643	3634	3633	2	-1	-1	-1	0
3632	3642	3637	2	-1	-1	-1	0
3641	3642	3632	2	-1	-1	-1	0
3643	3633	3640	2	-1	-1	-1	0
3646	3635	3636	2	-1	-1	-1	0
3634	3645	3641	2	-1	-1	-1	0
3647	3636	3637	2	-1	-1	-1	0
3634	3643	3644	2	-1	-1	-1	0
3644	3645	3634	2	-1	-1	-1	0
3647	3637	3642	2	-1	-1	-1	0
3647	3646	3636	2	-1	-1	-1	0
3642	3641	3648	2	-1	-1	-1	0
3645	3649	3641	2	-1	-1	-1	0
3649	3648	3641	2	-1	-1	-1	0
3650	3647	3642	2	-1	-1	-1	0
3650	3642	3648	2	-1	-1	-1	0
3644	3651	3645	2	-1	-1	-1	0
3646	3647	3652	2	-1	-1	-1	0
3651	3649	3645	2	-1	-1	-1	0
3652	3647	3650	2	-1	-1	-1	0
3649	3653	3648	2	-1	-1	-1	0
3654	3650	3648	2	-1	-1	-1	0
3655	3649	3651	2	-1	-1	-1	0
3654	3648	3653	2	-1	-1	-1	0
3649	3656	3653	2	-1	-1	-1	0
3650	3657	3652	2	-1	-1	-1	0
3649	3655	3656	2	-1	-1	-1	0
3650	3654	3658	2	-1	-1	-1	0
3658	3657	3650	2	-1	-1	-1	0
3653	3659	3654	2	-1	-1	-1	0
3659	3653	3656	2	-1	-1	-1	0
3660	3654	3659	2	-1	-1	-1	0
3654	3661	3658	2	-1	-1	-1	0
3662	3656	3655	2	-1	-1	-1	0
3654	3660	3661	2	-1	-1	-1	0
3659	3656	3662	2	-1	-1	-1	0
3663	3657	3658	2	-1	-1	-1	0
3661	3663	3658	2	-1	-1	-1	0
3664	3660	3659	2	-1	-1	-1	0
3664	3659	3662	2	-1	-1	-1	0
3660	3666	3661	2	-1	-1	-1	0
3660	3664	3665	2	-1	-1	-1	0
3660	3665	3666	2	-1	-1	-1	0
3663	3661	3667	2	-1	-1	-1	0
3668	3664	3662	2	-1	-1	-1	0
3666	3667	3661	2	-1	-1	-1	0
3668	3665	3664	2	-1	-1	-1	0
3669	3663	3667	2	-1	-1	-1	0
3665	3671	3666	2	-1	-1	-1	0
3665	3668	3670	2	-1	-1	-1	0
3665	3670	3671	2	-1	-1	-1	0
3673	3667	3666	2	-1	-1	-1	0
3671	3672	3666	2	-1	-1	-1	0
3669	3667	3673	2	-1	-1	-1	0
3673	3666	3672	2	-1	-1	-1	0
3670	3675	3671	2	-1	-1	-1	0
3673	3674	3669	2	-1	-1	-1	0
3672	3671	3676	2	-1	-1	-1	0
3673	3672	3677	2	-1	-1	-1	0
3676	3671	3675	2	-1	-1	-1	0
3674	3673	3677	2	-1	-1	-1	0
3677	3672	3676	2	-1	-1	-1	0
3678	3674	3677	2	-1	-1	-1	0
3675	3679	3676	2	-1	-1	-1	0
3680	3677	3676	2	-1	-1	-1	0
3679	3680	3676	2	-1	-1	-1	0
3681	3678	3677	2	-1	-1	-1	0
3681	3677	3680	2	-1	-1	-1	0
3681	3682	3678	2	-1	-1	-1	0
3679	3683	3680	2	-1	-1	-1	0
3683	3681	3680	2	-1	-1	-1	0
3682	3681	3684	2	-1	-1	-1	0
3683	3684	3681	2	-1	-1	-1	0
3682	3684	3685	2	-1	-1	-1	0
3
1	9.0000000000000036
1	0
1	0
0
0
